Invoice;InboundDate;IDSupplier;OrderDate;InvoiceDate;LeadTime;SupplierName;Country;Currency;CountryOrigen;TheoricalLeadTime;GoodLeadTime
FFCC141196;2014-05-26;PROV1650;2014-05-10;2014-05-29;16 days;Proveedor 539;ES;EUR;Spanish;10 days;False
FFCC141197;2014-05-20;PROV40000235;2014-04-13;2014-05-23;37 days;Proveedor 15;ES;EUR;Spanish;10 days;False
FFCC141198;2014-05-12;PROV1647;2014-04-27;2014-05-15;15 days;Proveedor 536;ES;EUR;Spanish;10 days;False
FFCC141199;2014-05-19;PROV40001000;2014-03-24;2014-05-22;56 days;Proveedor 24;FR;EUR;Intracommunity;20 days;False
FFCC141200;2014-05-24;PROV40000850;2014-05-11;2014-05-27;13 days;Proveedor 21;ES;EUR;Spanish;10 days;False
FFCC141201;2014-05-15;PROV1441;2014-04-03;2014-05-18;42 days;Proveedor 349;ES;EUR;Spanish;10 days;False
FFCC141251;2014-05-30;PROV40000187;2014-04-15;2014-06-02;45 days;Proveedor 13;ES;EUR;Spanish;10 days;False
FFCC141262;2014-05-26;PROV1027;2014-05-05;2014-05-29;21 days;Proveedor 178;ES;EUR;Spanish;10 days;False
FFCC141263;2014-05-27;PROV1027;2014-04-20;2014-05-30;37 days;Proveedor 178;ES;EUR;Spanish;10 days;False
FFCC141265;2014-05-01;PROV1485;2014-04-06;2014-05-04;25 days;Proveedor 386;IE;EUR;Intracommunity;20 days;False
FFCC141272;2014-05-16;PROV1061;2014-04-10;2014-05-19;36 days;Proveedor 182;IN;USD;Extracommunity;45 days;True
FFCC141274;2014-05-30;PROV1414;2014-05-10;2014-06-02;20 days;Proveedor 335;ES;EUR;Spanish;10 days;False
FFCC141275;2014-05-28;PROV1003;2014-04-09;2014-05-31;49 days;Proveedor 165;CN;USD;Extracommunity;45 days;False
FFCC141276;2014-05-16;PROV40000520;2014-04-17;2014-05-19;29 days;Proveedor 17;ES;EUR;Spanish;10 days;False
FFCC141277;2014-05-29;PROV40000850;2014-04-16;2014-06-01;43 days;Proveedor 21;ES;EUR;Spanish;10 days;False
FFCC141280;2014-05-30;PROV1465;2014-04-28;2014-06-02;32 days;Proveedor 368;ES;EUR;Spanish;10 days;False
FFCC141283;2014-05-19;PROV40002330;2014-04-16;2014-05-22;33 days;Proveedor 37;ES;EUR;Spanish;10 days;False
FFCC141285;2014-05-26;PROV40002330;2014-05-08;2014-05-29;18 days;Proveedor 37;ES;EUR;Spanish;10 days;False
FFCC141289;2014-05-21;PROV1650;2014-05-05;2014-05-24;16 days;Proveedor 539;ES;EUR;Spanish;10 days;False
FFCC141294;2014-05-31;PROV40002065;2014-05-19;2014-06-03;12 days;Proveedor 30;ES;EUR;Spanish;10 days;False
FFCC141301;2014-05-23;PROV40001600;2014-04-05;2014-05-26;48 days;Proveedor 27;ES;EUR;Spanish;10 days;False
FFCC141311;2014-05-16;PROV1397;2014-04-18;2014-05-19;28 days;Proveedor 321;PE;USD;Extracommunity;45 days;True
FFCC141313;2014-05-12;PROV1428;2014-04-05;2014-05-15;37 days;Proveedor 341;CH;USD;Extracommunity;45 days;True
FFCC141342;2014-05-19;PROV1485;2014-04-06;2014-05-22;43 days;Proveedor 386;IE;EUR;Intracommunity;20 days;False
FFCC141358;2014-05-26;PROV1485;2014-04-20;2014-05-29;36 days;Proveedor 386;IE;EUR;Intracommunity;20 days;False
FFCC141376;2014-05-23;PROV40000520;2014-05-18;2014-05-26;5 days;Proveedor 17;ES;EUR;Spanish;10 days;True
FFCC141388;2014-05-02;PROV40002220;2014-03-13;2014-05-05;50 days;Proveedor 36;ES;EUR;Spanish;10 days;False
FFCC141389;2014-05-30;PROV40000520;2014-05-05;2014-06-02;25 days;Proveedor 17;ES;EUR;Spanish;10 days;False
FFCC141428;2014-06-03;PROV1441;2014-04-19;2014-06-06;45 days;Proveedor 349;ES;EUR;Spanish;10 days;False
FFCC141429;2014-06-01;PROV1441;2014-05-16;2014-06-04;16 days;Proveedor 349;ES;EUR;Spanish;10 days;False
FFCC141430;2014-06-01;PROV40001000;2014-05-03;2014-06-04;29 days;Proveedor 24;FR;EUR;Intracommunity;20 days;False
FFCC141431;2014-06-01;PROV40001825;2014-05-18;2014-06-04;14 days;Proveedor 29;ES;EUR;Spanish;10 days;False
FFCC141432;2014-06-05;PROV40002330;2014-04-25;2014-06-08;41 days;Proveedor 37;ES;EUR;Spanish;10 days;False
FFCC141433;2014-06-02;PROV40000500;2014-05-10;2014-06-05;23 days;Proveedor 16;ES;EUR;Spanish;10 days;False
FFCC141434;2014-06-07;PROV40000850;2014-05-27;2014-06-10;11 days;Proveedor 21;ES;EUR;Spanish;10 days;False
FFCC141435;2014-06-05;PROV1170;2014-04-30;2014-06-08;36 days;Proveedor 221;ES;EUR;Spanish;10 days;False
FFCC141436;2014-06-06;PROV1061;2014-04-26;2014-06-09;41 days;Proveedor 182;IN;USD;Extracommunity;45 days;True
FFCC141440;2014-06-01;PROV1397;2014-04-04;2014-06-04;58 days;Proveedor 321;PE;USD;Extracommunity;45 days;False
FFCC141441;2014-06-06;PROV40000520;2014-05-21;2014-06-09;16 days;Proveedor 17;ES;EUR;Spanish;10 days;False
FFCC141442;2014-06-13;PROV1129;2014-05-09;2014-06-16;35 days;Proveedor 207;ES;EUR;Spanish;10 days;False
FFCC141443;2014-06-10;PROV40000187;2014-04-19;2014-06-13;52 days;Proveedor 13;ES;EUR;Spanish;10 days;False
FFCC141444;2014-06-13;PROV1650;2014-05-28;2014-06-16;16 days;Proveedor 539;ES;EUR;Spanish;10 days;False
FFCC141445;2014-06-13;PROV40000520;2014-05-15;2014-06-16;29 days;Proveedor 17;ES;EUR;Spanish;10 days;False
FFCC141446;2014-06-05;PROV1657;2014-05-15;2014-06-08;21 days;Proveedor 546;SG;USD;Extracommunity;45 days;True
FFCC141449;2014-06-01;PROV1428;2014-04-08;2014-06-04;54 days;Proveedor 341;CH;USD;Extracommunity;45 days;False
FFCC141492;2014-06-13;PROV1485;2014-04-28;2014-06-16;46 days;Proveedor 386;IE;EUR;Intracommunity;20 days;False
FFCC141495;2014-06-06;PROV1014;2014-05-24;2014-06-09;13 days;Proveedor 171;ES;EUR;Spanish;10 days;False
FFCC141496;2014-06-03;PROV1014;2014-04-22;2014-06-06;42 days;Proveedor 171;ES;EUR;Spanish;10 days;False
FFCC141500;2014-06-20;PROV1465;2014-05-25;2014-06-23;26 days;Proveedor 368;ES;EUR;Spanish;10 days;False
FFCC141501;2014-06-09;PROV1027;2014-04-29;2014-06-12;41 days;Proveedor 178;ES;EUR;Spanish;10 days;False
FFCC141505;2014-06-01;PROV1398;2014-04-30;2014-06-04;32 days;Proveedor 322;CH;USD;Extracommunity;45 days;True
FFCC141508;2014-06-24;PROV1003;2014-05-23;2014-06-27;32 days;Proveedor 165;CN;USD;Extracommunity;45 days;True
FFCC141509;2014-06-01;PROV1597;2014-04-20;2014-06-04;42 days;Proveedor 491;CH;USD;Extracommunity;45 days;True
FFCC141513;2014-06-10;PROV1255;2014-05-20;2014-06-13;21 days;Proveedor 252;ES;EUR;Spanish;10 days;False
FFCC141527;2014-06-12;PROV1027;2014-06-03;2014-06-15;9 days;Proveedor 178;ES;EUR;Spanish;10 days;True
FFCC141528;2014-06-16;PROV1027;2014-04-26;2014-06-19;51 days;Proveedor 178;ES;EUR;Spanish;10 days;False
FFCC141529;2014-06-12;PROV1027;2014-05-15;2014-06-15;28 days;Proveedor 178;ES;EUR;Spanish;10 days;False
FFCC141530;2014-06-06;PROV40000500;2014-05-21;2014-06-09;16 days;Proveedor 16;ES;EUR;Spanish;10 days;False
FFCC141548;2014-06-25;PROV40002720;2014-05-19;2014-06-28;37 days;Proveedor 38;ES;EUR;Spanish;10 days;False
FFCC141549;2014-06-16;PROV40002330;2014-05-29;2014-06-19;18 days;Proveedor 37;ES;EUR;Spanish;10 days;False
FFCC141551;2014-06-13;PROV1649;2014-06-08;2014-06-16;5 days;Proveedor 538;ES;EUR;Spanish;10 days;True
FFCC141552;2014-06-30;PROV41000980;2014-06-16;2014-07-03;14 days;Proveedor 110;ES;EUR;Spanish;10 days;False
FFCC141553;2014-06-30;PROV1414;2014-06-07;2014-07-03;23 days;Proveedor 335;ES;EUR;Spanish;10 days;False
FFCC141554;2014-06-25;PROV40000187;2014-06-09;2014-06-28;16 days;Proveedor 13;ES;EUR;Spanish;10 days;False
FFCC141620;2014-06-13;PROV1397;2014-05-30;2014-06-16;14 days;Proveedor 321;PE;USD;Extracommunity;45 days;True
FFCC141622;2014-06-20;PROV40000500;2014-05-24;2014-06-23;27 days;Proveedor 16;ES;EUR;Spanish;10 days;False
FFCC141623;2014-06-30;PROV40000500;2014-05-02;2014-07-03;59 days;Proveedor 16;ES;EUR;Spanish;10 days;False
FFCC141625;2014-06-30;PROV40002065;2014-06-15;2014-07-03;15 days;Proveedor 30;ES;EUR;Spanish;10 days;False
FFCC141626;2014-06-30;PROV40002065;2014-06-19;2014-07-03;11 days;Proveedor 30;ES;EUR;Spanish;10 days;False
FFCC141628;2014-06-01;PROV1694;2014-05-15;2014-06-04;17 days;Proveedor 578;ES;EUR;Spanish;10 days;False
FFCC141629;2014-06-01;PROV1694;2014-05-04;2014-06-04;28 days;Proveedor 578;ES;EUR;Spanish;10 days;False
FFCC141630;2014-06-17;PROV1694;2014-06-01;2014-06-20;16 days;Proveedor 578;ES;EUR;Spanish;10 days;False
FFCC141647;2014-06-20;PROV40000520;2014-05-14;2014-06-23;37 days;Proveedor 17;ES;EUR;Spanish;10 days;False
FFCC141656;2014-06-30;PROV1129;2014-06-07;2014-07-03;23 days;Proveedor 207;ES;EUR;Spanish;10 days;False
FFCC141672;2014-06-05;PROV1441;2014-05-21;2014-06-08;15 days;Proveedor 349;ES;EUR;Spanish;10 days;False
FFCC141673;2014-06-19;PROV1441;2014-05-19;2014-06-22;31 days;Proveedor 349;ES;EUR;Spanish;10 days;False
FFCC141674;2014-06-01;PROV1597;2014-05-29;2014-06-04;3 days;Proveedor 491;CH;USD;Extracommunity;45 days;True
FFCC141676;2014-06-05;PROV1475;2014-04-26;2014-06-08;40 days;Proveedor 376;CH;USD;Extracommunity;45 days;True
FFCC141680;2014-06-30;PROV40002220;2014-06-18;2014-07-03;12 days;Proveedor 36;ES;EUR;Spanish;10 days;False
FFCC141681;2014-06-13;PROV1061;2014-05-29;2014-06-16;15 days;Proveedor 182;IN;USD;Extracommunity;45 days;True
FFCC141682;2014-06-13;PROV1061;2014-05-03;2014-06-16;41 days;Proveedor 182;IN;USD;Extracommunity;45 days;True
FFCC141685;2014-06-01;PROV1485;2014-05-20;2014-06-04;12 days;Proveedor 386;IE;EUR;Intracommunity;20 days;True
FFCC141687;2014-06-24;PROV1061;2014-06-07;2014-06-27;17 days;Proveedor 182;IN;USD;Extracommunity;45 days;True
FFCC141688;2014-06-27;PROV1734;2014-05-05;2014-06-30;53 days;Proveedor 593;ES;EUR;Spanish;10 days;False
FFCC141689;2014-06-01;PROV1441;2014-04-13;2014-06-04;49 days;Proveedor 349;ES;EUR;Spanish;10 days;False
FFCC141690;2014-06-02;PROV40002220;2014-05-28;2014-06-05;5 days;Proveedor 36;ES;EUR;Spanish;10 days;True
FFCC141691;2014-06-01;PROV1585;2014-05-24;2014-06-04;8 days;Proveedor 479;CH;USD;Extracommunity;45 days;True
FFCC141695;2014-06-19;PROV1133;2014-05-06;2014-06-22;44 days;Proveedor 208;DE;EUR;Intracommunity;20 days;False
FFCC141696;2014-06-01;PROV1597;2014-04-27;2014-06-04;35 days;Proveedor 491;CH;USD;Extracommunity;45 days;True
FFCC141697;2014-06-01;PROV40000520;2014-04-24;2014-06-04;38 days;Proveedor 17;ES;EUR;Spanish;10 days;False
FFCC141698;2014-06-30;PROV40000520;2014-05-30;2014-07-03;31 days;Proveedor 17;ES;EUR;Spanish;10 days;False
FFCC141700;2014-06-30;PROV40000850;2014-05-27;2014-07-03;34 days;Proveedor 21;ES;EUR;Spanish;10 days;False
FFCC141701;2014-06-23;PROV40002330;2014-05-11;2014-06-26;43 days;Proveedor 37;ES;EUR;Spanish;10 days;False
FFCC141702;2014-06-18;PROV40001000;2014-05-17;2014-06-21;32 days;Proveedor 24;FR;EUR;Intracommunity;20 days;False
FFCC141703;2014-06-30;PROV1061;2014-05-29;2014-07-03;32 days;Proveedor 182;IN;USD;Extracommunity;45 days;True
FFCC141706;2014-06-13;PROV1485;2014-05-12;2014-06-16;32 days;Proveedor 386;IE;EUR;Intracommunity;20 days;False
FFCC141707;2014-06-09;PROV1485;2014-05-18;2014-06-12;22 days;Proveedor 386;IE;EUR;Intracommunity;20 days;False
FFCC141708;2014-06-06;PROV1216;2014-05-15;2014-06-09;22 days;Proveedor 239;ES;EUR;Spanish;10 days;False
FFCC141709;2014-06-16;PROV40001600;2014-04-30;2014-06-19;47 days;Proveedor 27;ES;EUR;Spanish;10 days;False
FFCC141748;2014-07-01;PROV1551;2014-06-09;2014-07-04;22 days;Proveedor 447;CH;USD;Extracommunity;45 days;True
FFCC141751;2014-07-15;PROV1129;2014-06-20;2014-07-18;25 days;Proveedor 207;ES;EUR;Spanish;10 days;False
FFCC141752;2014-07-01;PROV1398;2014-05-19;2014-07-04;43 days;Proveedor 322;CH;USD;Extracommunity;45 days;True
FFCC141755;2014-07-04;PROV1650;2014-06-19;2014-07-07;15 days;Proveedor 539;ES;EUR;Spanish;10 days;False
FFCC141756;2014-07-09;PROV1003;2014-06-06;2014-07-12;33 days;Proveedor 165;CN;USD;Extracommunity;45 days;True
FFCC141757;2014-07-15;PROV40001470;2014-06-14;2014-07-18;31 days;Proveedor 26;ES;EUR;Spanish;10 days;False
FFCC141758;2014-07-02;PROV1484;2014-05-15;2014-07-05;48 days;Proveedor 385;ES;EUR;Spanish;10 days;False
FFCC141759;2014-07-07;PROV1441;2014-06-15;2014-07-10;22 days;Proveedor 349;ES;EUR;Spanish;10 days;False
FFCC141760;2014-07-01;PROV1441;2014-05-21;2014-07-04;41 days;Proveedor 349;ES;EUR;Spanish;10 days;False
FFCC141761;2014-07-01;PROV40000187;2014-06-21;2014-07-04;10 days;Proveedor 13;ES;EUR;Spanish;10 days;True
FFCC141762;2014-07-01;PROV40002330;2014-05-16;2014-07-04;46 days;Proveedor 37;ES;EUR;Spanish;10 days;False
FFCC141763;2014-07-01;PROV1647;2014-06-23;2014-07-04;8 days;Proveedor 536;ES;EUR;Spanish;10 days;True
FFCC141764;2014-07-01;PROV1733;2014-06-30;2014-07-04;1 days;Proveedor 592;CH;USD;Extracommunity;45 days;True
FFCC141780;2014-07-15;PROV1465;2014-06-22;2014-07-18;23 days;Proveedor 368;ES;EUR;Spanish;10 days;False
FFCC141784;2014-07-15;PROV41001270;2014-05-27;2014-07-18;49 days;Proveedor 131;ES;EUR;Spanish;10 days;False
FFCC141799;2014-07-15;PROV1734;2014-06-03;2014-07-18;42 days;Proveedor 593;ES;EUR;Spanish;10 days;False
FFCC141805;2014-07-08;PROV1061;2014-05-20;2014-07-11;49 days;Proveedor 182;IN;USD;Extracommunity;45 days;False
FFCC141806;2014-07-25;PROV40000500;2014-06-14;2014-07-28;41 days;Proveedor 16;ES;EUR;Spanish;10 days;False
FFCC141815;2014-07-15;PROV1649;2014-05-29;2014-07-18;47 days;Proveedor 538;ES;EUR;Spanish;10 days;False
FFCC141816;2014-07-25;PROV40002720;2014-06-10;2014-07-28;45 days;Proveedor 38;ES;EUR;Spanish;10 days;False
FFCC141818;2014-07-18;PROV40000520;2014-06-24;2014-07-21;24 days;Proveedor 17;ES;EUR;Spanish;10 days;False
FFCC141826;2014-07-25;PROV40000187;2014-06-06;2014-07-28;49 days;Proveedor 13;ES;EUR;Spanish;10 days;False
FFCC141827;2014-07-01;PROV1585;2014-05-17;2014-07-04;45 days;Proveedor 479;CH;USD;Extracommunity;45 days;True
FFCC141831;2014-07-01;PROV1485;2014-06-08;2014-07-04;23 days;Proveedor 386;IE;EUR;Intracommunity;20 days;False
FFCC141834;2014-07-23;PROV40001000;2014-06-19;2014-07-26;34 days;Proveedor 24;FR;EUR;Intracommunity;20 days;False
FFCC141838;2014-07-30;PROV1129;2014-06-24;2014-08-02;36 days;Proveedor 207;ES;EUR;Spanish;10 days;False
FFCC141840;2014-07-31;PROV41000980;2014-07-10;2014-08-03;21 days;Proveedor 110;ES;EUR;Spanish;10 days;False
FFCC141843;2014-07-23;PROV1694;2014-06-07;2014-07-26;46 days;Proveedor 578;ES;EUR;Spanish;10 days;False
FFCC141891;2014-07-11;PROV40000520;2014-06-01;2014-07-14;40 days;Proveedor 17;ES;EUR;Spanish;10 days;False
FFCC141892;2014-07-01;PROV40000520;2014-06-07;2014-07-04;24 days;Proveedor 17;ES;EUR;Spanish;10 days;False
FFCC141893;2014-07-02;PROV1061;2014-05-20;2014-07-05;43 days;Proveedor 182;IN;USD;Extracommunity;45 days;True
FFCC141910;2014-07-31;PROV40000520;2014-07-07;2014-08-03;24 days;Proveedor 17;ES;EUR;Spanish;10 days;False
FFCC141911;2014-07-31;PROV40000882;2014-07-01;2014-08-03;30 days;Proveedor 22;ES;EUR;Spanish;10 days;False
FFCC141912;2014-07-23;PROV1441;2014-06-29;2014-07-26;24 days;Proveedor 349;ES;EUR;Spanish;10 days;False
FFCC141913;2014-07-28;PROV40002330;2014-06-08;2014-07-31;50 days;Proveedor 37;ES;EUR;Spanish;10 days;False
FFCC141914;2014-07-30;PROV40002720;2014-07-06;2014-08-02;24 days;Proveedor 38;ES;EUR;Spanish;10 days;False
FFCC141915;2014-07-18;PROV40000850;2014-06-17;2014-07-21;31 days;Proveedor 21;ES;EUR;Spanish;10 days;False
FFCC141916;2014-07-11;PROV1397;2014-06-22;2014-07-14;19 days;Proveedor 321;PE;USD;Extracommunity;45 days;True
FFCC141917;2014-07-09;PROV40002330;2014-06-23;2014-07-12;16 days;Proveedor 37;ES;EUR;Spanish;10 days;False
FFCC141918;2014-07-22;PROV1014;2014-05-27;2014-07-25;56 days;Proveedor 171;ES;EUR;Spanish;10 days;False
FFCC141919;2014-07-23;PROV1014;2014-06-12;2014-07-26;41 days;Proveedor 171;ES;EUR;Spanish;10 days;False
FFCC141920;2014-07-01;PROV1597;2014-06-11;2014-07-04;20 days;Proveedor 491;CH;USD;Extracommunity;45 days;True
FFCC141923;2014-07-16;PROV1428;2014-05-29;2014-07-19;48 days;Proveedor 341;CH;USD;Extracommunity;45 days;False
FFCC141926;2014-07-25;PROV40000520;2014-06-11;2014-07-28;44 days;Proveedor 17;ES;EUR;Spanish;10 days;False
FFCC141927;2014-07-31;PROV40002065;2014-07-05;2014-08-03;26 days;Proveedor 30;ES;EUR;Spanish;10 days;False
FFCC141929;2014-07-03;PROV40002220;2014-05-26;2014-07-06;38 days;Proveedor 36;ES;EUR;Spanish;10 days;False
FFCC141931;2014-07-01;PROV40000520;2014-05-23;2014-07-04;39 days;Proveedor 17;ES;EUR;Spanish;10 days;False
FFCC141932;2014-07-17;PROV1397;2014-06-10;2014-07-20;37 days;Proveedor 321;PE;USD;Extracommunity;45 days;True
FFCC141933;2014-07-11;PROV1485;2014-06-24;2014-07-14;17 days;Proveedor 386;IE;EUR;Intracommunity;20 days;True
FFCC141946;2014-07-24;PROV40000187;2014-07-16;2014-07-27;8 days;Proveedor 13;ES;EUR;Spanish;10 days;True
FFCC141947;2014-07-15;PROV40000187;2014-05-23;2014-07-18;53 days;Proveedor 13;ES;EUR;Spanish;10 days;False
FFCC141953;2014-07-28;PROV1014;2014-07-14;2014-07-31;14 days;Proveedor 171;ES;EUR;Spanish;10 days;False
FFCC142048;2014-08-01;PROV1485;2014-07-11;2014-08-04;21 days;Proveedor 386;IE;EUR;Intracommunity;20 days;False
FFCC142050;2014-08-01;PROV1475;2014-07-08;2014-08-04;24 days;Proveedor 376;CH;USD;Extracommunity;45 days;True
FFCC142053;2014-08-12;PROV1014;2014-07-28;2014-08-15;15 days;Proveedor 171;ES;EUR;Spanish;10 days;False
FFCC142054;2014-08-20;PROV1003;2014-07-02;2014-08-23;49 days;Proveedor 165;CN;USD;Extracommunity;45 days;False
FFCC142055;2014-08-11;PROV1003;2014-07-24;2014-08-14;18 days;Proveedor 165;CN;USD;Extracommunity;45 days;True
FFCC142056;2014-08-05;PROV1484;2014-07-05;2014-08-08;31 days;Proveedor 385;ES;EUR;Spanish;10 days;False
FFCC142057;2014-08-08;PROV40000500;2014-06-27;2014-08-11;42 days;Proveedor 16;ES;EUR;Spanish;10 days;False
FFCC142058;2014-08-02;PROV40002330;2014-07-18;2014-08-05;15 days;Proveedor 37;ES;EUR;Spanish;10 days;False
FFCC142059;2014-08-06;PROV1443;2014-07-17;2014-08-09;20 days;Proveedor 351;ES;EUR;Spanish;10 days;False
FFCC142060;2014-08-01;PROV40001000;2014-06-18;2014-08-04;44 days;Proveedor 24;FR;EUR;Intracommunity;20 days;False
FFCC142061;2014-08-06;PROV1650;2014-06-13;2014-08-09;54 days;Proveedor 539;ES;EUR;Spanish;10 days;False
FFCC142062;2014-08-18;PROV1014;2014-07-05;2014-08-21;44 days;Proveedor 171;ES;EUR;Spanish;10 days;False
FFCC142071;2014-08-25;PROV1441;2014-08-09;2014-08-28;16 days;Proveedor 349;ES;EUR;Spanish;10 days;False
FFCC142072;2014-08-20;PROV1649;2014-08-16;2014-08-23;4 days;Proveedor 538;ES;EUR;Spanish;10 days;True
FFCC142073;2014-08-18;PROV40002330;2014-07-05;2014-08-21;44 days;Proveedor 37;ES;EUR;Spanish;10 days;False
FFCC142074;2014-08-31;PROV40000520;2014-08-17;2014-09-03;14 days;Proveedor 17;ES;EUR;Spanish;10 days;False
FFCC142076;2014-08-14;PROV1428;2014-08-06;2014-08-17;8 days;Proveedor 341;CH;USD;Extracommunity;45 days;True
FFCC142079;2014-08-01;PROV1485;2014-06-18;2014-08-04;44 days;Proveedor 386;IE;EUR;Intracommunity;20 days;False
FFCC142081;2014-08-01;PROV1398;2014-07-11;2014-08-04;21 days;Proveedor 322;CH;USD;Extracommunity;45 days;True
FFCC142085;2014-08-05;PROV40000187;2014-07-12;2014-08-08;24 days;Proveedor 13;ES;EUR;Spanish;10 days;False
FFCC142087;2014-08-31;PROV41000980;2014-08-09;2014-09-03;22 days;Proveedor 110;ES;EUR;Spanish;10 days;False
FFCC142111;2014-08-05;PROV1061;2014-06-14;2014-08-08;52 days;Proveedor 182;IN;USD;Extracommunity;45 days;False
FFCC142124;2014-08-01;PROV1216;2014-06-16;2014-08-04;46 days;Proveedor 239;ES;EUR;Spanish;10 days;False
FFCC142125;2014-08-01;PROV1216;2014-07-17;2014-08-04;15 days;Proveedor 239;ES;EUR;Spanish;10 days;False
FFCC142126;2014-08-14;PROV1647;2014-07-09;2014-08-17;36 days;Proveedor 536;ES;EUR;Spanish;10 days;False
FFCC142127;2014-08-14;PROV1734;2014-06-29;2014-08-17;46 days;Proveedor 593;ES;EUR;Spanish;10 days;False
FFCC142128;2014-08-29;PROV1129;2014-07-26;2014-09-01;34 days;Proveedor 207;ES;EUR;Spanish;10 days;False
FFCC142129;2014-08-04;PROV1027;2014-06-16;2014-08-07;49 days;Proveedor 178;ES;EUR;Spanish;10 days;False
FFCC142130;2014-08-29;PROV1465;2014-07-28;2014-09-01;32 days;Proveedor 368;ES;EUR;Spanish;10 days;False
FFCC142131;2014-08-08;PROV40002220;2014-07-03;2014-08-11;36 days;Proveedor 36;ES;EUR;Spanish;10 days;False
FFCC142140;2014-08-14;PROV41001800;2014-07-21;2014-08-17;24 days;Proveedor 164;ES;EUR;Spanish;10 days;False
FFCC142145;2014-08-12;PROV1485;2014-06-26;2014-08-15;47 days;Proveedor 386;IE;EUR;Intracommunity;20 days;False
FFCC142161;2014-08-31;PROV40002065;2014-07-30;2014-09-03;32 days;Proveedor 30;ES;EUR;Spanish;10 days;False
FFCC142198;2014-09-15;PROV40001470;2014-08-22;2014-09-18;24 days;Proveedor 26;ES;EUR;Spanish;10 days;False
FFCC142199;2014-09-09;PROV1014;2014-08-23;2014-09-12;17 days;Proveedor 171;ES;EUR;Spanish;10 days;False
FFCC142200;2014-09-16;PROV1003;2014-09-01;2014-09-19;15 days;Proveedor 165;CN;USD;Extracommunity;45 days;True
FFCC142201;2014-09-01;PROV40001000;2014-08-03;2014-09-04;29 days;Proveedor 24;FR;EUR;Intracommunity;20 days;False
FFCC142202;2014-09-02;PROV1441;2014-07-24;2014-09-05;40 days;Proveedor 349;ES;EUR;Spanish;10 days;False
FFCC142203;2014-09-10;PROV1170;2014-08-08;2014-09-13;33 days;Proveedor 221;ES;EUR;Spanish;10 days;False
FFCC142204;2014-09-05;PROV1014;2014-08-09;2014-09-08;27 days;Proveedor 171;ES;EUR;Spanish;10 days;False
FFCC142205;2014-09-01;PROV40000850;2014-08-16;2014-09-04;16 days;Proveedor 21;ES;EUR;Spanish;10 days;False
FFCC142206;2014-09-01;PROV1014;2014-07-31;2014-09-04;32 days;Proveedor 171;ES;EUR;Spanish;10 days;False
FFCC142207;2014-09-01;PROV1597;2014-08-06;2014-09-04;26 days;Proveedor 491;CH;USD;Extracommunity;45 days;True
FFCC142210;2014-09-01;PROV40001825;2014-07-13;2014-09-04;50 days;Proveedor 29;ES;EUR;Spanish;10 days;False
FFCC142211;2014-09-01;PROV1397;2014-08-02;2014-09-04;30 days;Proveedor 321;PE;USD;Extracommunity;45 days;True
FFCC142212;2014-09-01;PROV1502;2014-08-21;2014-09-04;11 days;Proveedor 401;ES;EUR;Spanish;10 days;False
FFCC142213;2014-09-01;PROV1061;2014-07-05;2014-09-04;58 days;Proveedor 182;IN;USD;Extracommunity;45 days;False
FFCC142214;2014-09-01;PROV1061;2014-08-10;2014-09-04;22 days;Proveedor 182;IN;USD;Extracommunity;45 days;True
FFCC142227;2014-09-15;PROV1129;2014-09-02;2014-09-18;13 days;Proveedor 207;ES;EUR;Spanish;10 days;False
FFCC142232;2014-09-10;PROV40001000;2014-07-22;2014-09-13;50 days;Proveedor 24;FR;EUR;Intracommunity;20 days;False
FFCC142233;2014-09-01;PROV40002330;2014-07-05;2014-09-04;58 days;Proveedor 37;ES;EUR;Spanish;10 days;False
FFCC142234;2014-09-05;PROV40000520;2014-07-23;2014-09-08;44 days;Proveedor 17;ES;EUR;Spanish;10 days;False
FFCC142235;2014-09-05;PROV1061;2014-08-05;2014-09-08;31 days;Proveedor 182;IN;USD;Extracommunity;45 days;True
FFCC142237;2014-09-11;PROV1443;2014-08-13;2014-09-14;29 days;Proveedor 351;ES;EUR;Spanish;10 days;False
FFCC142240;2014-09-12;PROV1414;2014-08-10;2014-09-15;33 days;Proveedor 335;ES;EUR;Spanish;10 days;False
FFCC142245;2014-09-11;PROV1441;2014-08-03;2014-09-14;39 days;Proveedor 349;ES;EUR;Spanish;10 days;False
FFCC142249;2014-09-11;PROV1397;2014-08-21;2014-09-14;21 days;Proveedor 321;PE;USD;Extracommunity;45 days;True
FFCC142258;2014-09-01;PROV1458;2014-07-14;2014-09-04;49 days;Proveedor 364;CH;USD;Extracommunity;45 days;False
FFCC142264;2014-09-01;PROV1485;2014-07-31;2014-09-04;32 days;Proveedor 386;IE;EUR;Intracommunity;20 days;False
FFCC142266;2014-09-09;PROV1428;2014-07-13;2014-09-12;58 days;Proveedor 341;CH;USD;Extracommunity;45 days;False
FFCC142269;2014-09-11;PROV40002220;2014-09-01;2014-09-14;10 days;Proveedor 36;ES;EUR;Spanish;10 days;True
FFCC142272;2014-09-15;PROV1323;2014-08-04;2014-09-18;42 days;Proveedor 281;ES;EUR;Spanish;10 days;False
FFCC142287;2014-09-16;PROV1484;2014-07-28;2014-09-19;50 days;Proveedor 385;ES;EUR;Spanish;10 days;False
FFCC142293;2014-09-12;PROV1485;2014-07-27;2014-09-15;47 days;Proveedor 386;IE;EUR;Intracommunity;20 days;False
FFCC142294;2014-09-11;PROV1775;2014-08-07;2014-09-14;35 days;Proveedor 622;MX;USD;Extracommunity;45 days;True
FFCC142296;2014-09-02;PROV1525;2014-07-24;2014-09-05;40 days;Proveedor 422;ES;EUR;Spanish;10 days;False
FFCC142300;2014-09-12;PROV1572;2014-08-26;2014-09-15;17 days;Proveedor 467;SG;USD;Extracommunity;45 days;True
FFCC142302;2014-09-09;PROV1061;2014-07-26;2014-09-12;45 days;Proveedor 182;IN;USD;Extracommunity;45 days;True
FFCC142303;2014-09-25;PROV1061;2014-08-31;2014-09-28;25 days;Proveedor 182;IN;USD;Extracommunity;45 days;True
FFCC142312;2014-09-01;PROV1585;2014-08-12;2014-09-04;20 days;Proveedor 479;CH;USD;Extracommunity;45 days;True
FFCC142315;2014-09-20;PROV1465;2014-07-28;2014-09-23;54 days;Proveedor 368;ES;EUR;Spanish;10 days;False
FFCC142321;2014-09-19;PROV40000520;2014-08-27;2014-09-22;23 days;Proveedor 17;ES;EUR;Spanish;10 days;False
FFCC142330;2014-09-25;PROV1441;2014-09-16;2014-09-28;9 days;Proveedor 349;ES;EUR;Spanish;10 days;True
FFCC142332;2014-09-22;PROV1027;2014-08-07;2014-09-25;46 days;Proveedor 178;ES;EUR;Spanish;10 days;False
FFCC142335;2014-09-13;PROV1734;2014-08-17;2014-09-16;27 days;Proveedor 593;ES;EUR;Spanish;10 days;False
FFCC142336;2014-09-19;PROV1650;2014-08-18;2014-09-22;32 days;Proveedor 539;ES;EUR;Spanish;10 days;False
FFCC142359;2014-09-25;PROV40000187;2014-09-08;2014-09-28;17 days;Proveedor 13;ES;EUR;Spanish;10 days;False
FFCC142360;2014-09-19;PROV40000500;2014-08-16;2014-09-22;34 days;Proveedor 16;ES;EUR;Spanish;10 days;False
FFCC142367;2014-09-06;PROV1585;2014-08-21;2014-09-09;16 days;Proveedor 479;CH;USD;Extracommunity;45 days;True
FFCC142371;2014-09-18;PROV1551;2014-08-29;2014-09-21;20 days;Proveedor 447;CH;USD;Extracommunity;45 days;True
FFCC142379;2014-09-26;PROV40000500;2014-07-29;2014-09-29;59 days;Proveedor 16;ES;EUR;Spanish;10 days;False
FFCC142383;2014-09-11;PROV1782;2014-07-25;2014-09-14;48 days;Proveedor 629;ES;EUR;Spanish;10 days;False
FFCC142388;2014-09-11;PROV1475;2014-08-11;2014-09-14;31 days;Proveedor 376;CH;USD;Extracommunity;45 days;True
FFCC142393;2014-09-25;PROV40002720;2014-08-10;2014-09-28;46 days;Proveedor 38;ES;EUR;Spanish;10 days;False
FFCC142395;2014-09-26;PROV1014;2014-09-15;2014-09-29;11 days;Proveedor 171;ES;EUR;Spanish;10 days;False
FFCC142407;2014-09-30;PROV41000980;2014-09-11;2014-10-03;19 days;Proveedor 110;ES;EUR;Spanish;10 days;False
FFCC142417;2014-09-01;PROV1475;2014-07-18;2014-09-04;45 days;Proveedor 376;CH;USD;Extracommunity;45 days;True
FFCC142421;2014-09-01;PROV1398;2014-07-25;2014-09-04;38 days;Proveedor 322;CH;USD;Extracommunity;45 days;True
FFCC142426;2014-09-08;PROV41001401;2014-08-14;2014-09-11;25 days;Proveedor 139;ES;EUR;Spanish;10 days;False
FFCC142438;2014-09-27;PROV1734;2014-08-09;2014-09-30;49 days;Proveedor 593;ES;EUR;Spanish;10 days;False
FFCC142443;2014-09-01;PROV1777;2014-07-20;2014-09-04;43 days;Proveedor 624;ES;EUR;Spanish;10 days;False
FFCC142444;2014-09-26;PROV40000520;2014-08-05;2014-09-29;52 days;Proveedor 17;ES;EUR;Spanish;10 days;False
FFCC142447;2014-09-29;PROV40002330;2014-08-15;2014-10-02;45 days;Proveedor 37;ES;EUR;Spanish;10 days;False
FFCC142461;2014-09-05;PROV40002220;2014-07-31;2014-09-08;36 days;Proveedor 36;ES;EUR;Spanish;10 days;False
FFCC142462;2014-09-30;PROV40002065;2014-08-07;2014-10-03;54 days;Proveedor 30;ES;EUR;Spanish;10 days;False
FFCC142463;2014-09-12;PROV40000520;2014-07-28;2014-09-15;46 days;Proveedor 17;ES;EUR;Spanish;10 days;False
FFCC142464;2014-09-30;PROV40000520;2014-09-18;2014-10-03;12 days;Proveedor 17;ES;EUR;Spanish;10 days;False
FFCC142521;2014-10-08;PROV1014;2014-09-15;2014-10-11;23 days;Proveedor 171;ES;EUR;Spanish;10 days;False
FFCC142522;2014-10-15;PROV40001470;2014-09-25;2014-10-18;20 days;Proveedor 26;ES;EUR;Spanish;10 days;False
FFCC142523;2014-10-15;PROV1129;2014-09-17;2014-10-18;28 days;Proveedor 207;ES;EUR;Spanish;10 days;False
FFCC142528;2014-10-01;PROV1597;2014-09-27;2014-10-04;4 days;Proveedor 491;CH;USD;Extracommunity;45 days;True
FFCC142531;2014-10-10;PROV1465;2014-09-16;2014-10-13;24 days;Proveedor 368;ES;EUR;Spanish;10 days;False
FFCC142532;2014-10-01;PROV1428;2014-08-08;2014-10-04;54 days;Proveedor 341;CH;USD;Extracommunity;45 days;False
FFCC142536;2014-10-03;PROV40000500;2014-09-17;2014-10-06;16 days;Proveedor 16;ES;EUR;Spanish;10 days;False
FFCC142537;2014-10-04;PROV40002330;2014-09-23;2014-10-07;11 days;Proveedor 37;ES;EUR;Spanish;10 days;False
FFCC142538;2014-10-11;PROV40000850;2014-09-04;2014-10-14;37 days;Proveedor 21;ES;EUR;Spanish;10 days;False
FFCC142539;2014-10-15;PROV1003;2014-08-24;2014-10-18;52 days;Proveedor 165;CN;USD;Extracommunity;45 days;False
FFCC142540;2014-10-15;PROV1003;2014-08-31;2014-10-18;45 days;Proveedor 165;CN;USD;Extracommunity;45 days;True
FFCC142541;2014-10-02;PROV1441;2014-08-11;2014-10-05;52 days;Proveedor 349;ES;EUR;Spanish;10 days;False
FFCC142542;2014-10-01;PROV40001000;2014-08-29;2014-10-04;33 days;Proveedor 24;FR;EUR;Intracommunity;20 days;False
FFCC142543;2014-10-02;PROV40001000;2014-08-31;2014-10-05;32 days;Proveedor 24;FR;EUR;Intracommunity;20 days;False
FFCC142545;2014-10-15;PROV1170;2014-08-18;2014-10-18;58 days;Proveedor 221;ES;EUR;Spanish;10 days;False
FFCC142547;2014-10-03;PROV1414;2014-08-14;2014-10-06;50 days;Proveedor 335;ES;EUR;Spanish;10 days;False
FFCC142548;2014-10-01;PROV1647;2014-09-09;2014-10-04;22 days;Proveedor 536;ES;EUR;Spanish;10 days;False
FFCC142549;2014-10-07;PROV1061;2014-09-23;2014-10-10;14 days;Proveedor 182;IN;USD;Extracommunity;45 days;True
FFCC142550;2014-10-01;PROV40002065;2014-08-19;2014-10-04;43 days;Proveedor 30;ES;EUR;Spanish;10 days;False
FFCC142552;2014-10-20;PROV40000500;2014-09-21;2014-10-23;29 days;Proveedor 16;ES;EUR;Spanish;10 days;False
FFCC142564;2014-10-15;PROV40000200;2014-09-25;2014-10-18;20 days;Proveedor 14;ES;EUR;Spanish;10 days;False
FFCC142586;2014-10-06;PROV1790;2014-09-07;2014-10-09;29 days;Proveedor 637;ES;EUR;Spanish;10 days;False
FFCC142590;2014-10-27;PROV1194;2014-09-27;2014-10-30;30 days;Proveedor 229;ES;EUR;Spanish;10 days;False
FFCC142601;2014-10-17;PROV1647;2014-09-06;2014-10-20;41 days;Proveedor 536;ES;EUR;Spanish;10 days;False
FFCC142602;2014-10-14;PROV40002330;2014-09-21;2014-10-17;23 days;Proveedor 37;ES;EUR;Spanish;10 days;False
FFCC142603;2014-10-20;PROV40002330;2014-09-17;2014-10-23;33 days;Proveedor 37;ES;EUR;Spanish;10 days;False
FFCC142607;2014-10-16;PROV1441;2014-09-22;2014-10-19;24 days;Proveedor 349;ES;EUR;Spanish;10 days;False
FFCC142608;2014-10-21;PROV40000235;2014-10-10;2014-10-24;11 days;Proveedor 15;ES;EUR;Spanish;10 days;False
FFCC142609;2014-10-10;PROV1216;2014-08-21;2014-10-13;50 days;Proveedor 239;ES;EUR;Spanish;10 days;False
FFCC142610;2014-10-10;PROV1216;2014-10-04;2014-10-13;6 days;Proveedor 239;ES;EUR;Spanish;10 days;True
FFCC142611;2014-10-17;PROV40000520;2014-09-07;2014-10-20;40 days;Proveedor 17;ES;EUR;Spanish;10 days;False
FFCC142612;2014-10-17;PROV1061;2014-08-31;2014-10-20;47 days;Proveedor 182;IN;USD;Extracommunity;45 days;False
FFCC142613;2014-10-14;PROV1014;2014-08-23;2014-10-17;52 days;Proveedor 171;ES;EUR;Spanish;10 days;False
FFCC142614;2014-10-29;PROV1775;2014-10-13;2014-11-01;16 days;Proveedor 622;MX;USD;Extracommunity;45 days;True
FFCC142615;2014-10-01;PROV1572;2014-08-27;2014-10-04;35 days;Proveedor 467;SG;USD;Extracommunity;45 days;True
FFCC142617;2014-10-10;PROV1397;2014-09-29;2014-10-13;11 days;Proveedor 321;PE;USD;Extracommunity;45 days;True
FFCC142618;2014-10-07;PROV1133;2014-08-09;2014-10-10;59 days;Proveedor 208;DE;EUR;Intracommunity;20 days;False
FFCC142619;2014-10-07;PROV1133;2014-09-14;2014-10-10;23 days;Proveedor 208;DE;EUR;Intracommunity;20 days;False
FFCC142620;2014-10-22;PROV1509;2014-09-17;2014-10-25;35 days;Proveedor 408;CN;USD;Extracommunity;45 days;True
FFCC142621;2014-10-24;PROV40000500;2014-09-13;2014-10-27;41 days;Proveedor 16;ES;EUR;Spanish;10 days;False
FFCC142622;2014-10-01;PROV1572;2014-08-19;2014-10-04;43 days;Proveedor 467;SG;USD;Extracommunity;45 days;True
FFCC142624;2014-10-10;PROV40000520;2014-08-21;2014-10-13;50 days;Proveedor 17;ES;EUR;Spanish;10 days;False
FFCC142626;2014-10-01;PROV1398;2014-09-12;2014-10-04;19 days;Proveedor 322;CH;USD;Extracommunity;45 days;True
FFCC142632;2014-10-01;PROV1585;2014-09-17;2014-10-04;14 days;Proveedor 479;CH;USD;Extracommunity;45 days;True
FFCC142638;2014-10-01;PROV40002220;2014-08-31;2014-10-04;31 days;Proveedor 36;ES;EUR;Spanish;10 days;False
FFCC142641;2014-10-31;PROV40001470;2014-09-15;2014-11-03;46 days;Proveedor 26;ES;EUR;Spanish;10 days;False
FFCC142677;2014-10-25;PROV40002720;2014-10-01;2014-10-28;24 days;Proveedor 38;ES;EUR;Spanish;10 days;False
FFCC142678;2014-10-30;PROV40000187;2014-10-12;2014-11-02;18 days;Proveedor 13;ES;EUR;Spanish;10 days;False
FFCC142679;2014-10-24;PROV40000187;2014-10-02;2014-10-27;22 days;Proveedor 13;ES;EUR;Spanish;10 days;False
FFCC142680;2014-10-07;PROV40001000;2014-09-07;2014-10-10;30 days;Proveedor 24;FR;EUR;Intracommunity;20 days;False
FFCC142684;2014-10-01;PROV1485;2014-09-10;2014-10-04;21 days;Proveedor 386;IE;EUR;Intracommunity;20 days;False
FFCC142691;2014-10-31;PROV40002065;2014-09-17;2014-11-03;44 days;Proveedor 30;ES;EUR;Spanish;10 days;False
FFCC142695;2014-10-24;PROV40000520;2014-10-16;2014-10-27;8 days;Proveedor 17;ES;EUR;Spanish;10 days;True
FFCC142708;2014-10-31;PROV41000980;2014-09-12;2014-11-03;49 days;Proveedor 110;ES;EUR;Spanish;10 days;False
FFCC142709;2014-10-25;PROV1734;2014-10-09;2014-10-28;16 days;Proveedor 593;ES;EUR;Spanish;10 days;False
FFCC142710;2014-10-30;PROV1734;2014-09-23;2014-11-02;37 days;Proveedor 593;ES;EUR;Spanish;10 days;False
FFCC142711;2014-10-29;PROV1014;2014-09-09;2014-11-01;50 days;Proveedor 171;ES;EUR;Spanish;10 days;False
FFCC142725;2014-10-01;PROV1597;2014-08-11;2014-10-04;51 days;Proveedor 491;CH;USD;Extracommunity;45 days;False
FFCC142726;2014-10-29;PROV1027;2014-09-15;2014-11-01;44 days;Proveedor 178;ES;EUR;Spanish;10 days;False
FFCC142736;2014-10-31;PROV40000520;2014-09-18;2014-11-03;43 days;Proveedor 17;ES;EUR;Spanish;10 days;False
FFCC142746;2014-10-27;PROV40002330;2014-09-29;2014-10-30;28 days;Proveedor 37;ES;EUR;Spanish;10 days;False
FFCC142749;2014-10-07;PROV1649;2014-09-24;2014-10-10;13 days;Proveedor 538;ES;EUR;Spanish;10 days;False
FFCC142752;2014-10-31;PROV40002220;2014-09-19;2014-11-03;42 days;Proveedor 36;ES;EUR;Spanish;10 days;False
FFCC142753;2014-10-30;PROV1441;2014-10-18;2014-11-02;12 days;Proveedor 349;ES;EUR;Spanish;10 days;False
FFCC142764;2014-10-31;PROV1264;2014-09-14;2014-11-03;47 days;Proveedor 257;ES;EUR;Spanish;10 days;False
FFCC142768;2014-10-15;PROV41001401;2014-09-15;2014-10-18;30 days;Proveedor 139;ES;EUR;Spanish;10 days;False
FFCC142806;2014-11-01;PROV1129;2014-09-15;2014-11-04;47 days;Proveedor 207;ES;EUR;Spanish;10 days;False
FFCC142807;2014-11-03;PROV40002330;2014-09-27;2014-11-06;37 days;Proveedor 37;ES;EUR;Spanish;10 days;False
FFCC142808;2014-11-05;PROV40001000;2014-10-22;2014-11-08;14 days;Proveedor 24;FR;EUR;Intracommunity;20 days;True
FFCC142809;2014-11-04;PROV1061;2014-09-18;2014-11-07;47 days;Proveedor 182;IN;USD;Extracommunity;45 days;False
FFCC142810;2014-11-12;PROV1734;2014-10-02;2014-11-15;41 days;Proveedor 593;ES;EUR;Spanish;10 days;False
FFCC142811;2014-11-18;PROV1775;2014-10-23;2014-11-21;26 days;Proveedor 622;MX;USD;Extracommunity;45 days;True
FFCC142812;2014-11-07;PROV40000520;2014-10-17;2014-11-10;21 days;Proveedor 17;ES;EUR;Spanish;10 days;False
FFCC142813;2014-11-05;PROV1003;2014-10-17;2014-11-08;19 days;Proveedor 165;CN;USD;Extracommunity;45 days;True
FFCC142814;2014-11-03;PROV40001000;2014-10-11;2014-11-06;23 days;Proveedor 24;FR;EUR;Intracommunity;20 days;False
FFCC142815;2014-11-13;PROV1650;2014-10-20;2014-11-16;24 days;Proveedor 539;ES;EUR;Spanish;10 days;False
FFCC142824;2014-11-03;PROV1191;2014-09-20;2014-11-06;44 days;Proveedor 227;ES;EUR;Spanish;10 days;False
FFCC142849;2014-11-17;PROV40002330;2014-10-13;2014-11-20;35 days;Proveedor 37;ES;EUR;Spanish;10 days;False
FFCC142852;2014-11-01;PROV1014;2014-10-15;2014-11-04;17 days;Proveedor 171;ES;EUR;Spanish;10 days;False
FFCC142854;2014-11-01;PROV1397;2014-10-13;2014-11-04;19 days;Proveedor 321;PE;USD;Extracommunity;45 days;True
FFCC142856;2014-11-14;PROV40000850;2014-10-28;2014-11-17;17 days;Proveedor 21;ES;EUR;Spanish;10 days;False
FFCC142865;2014-11-15;PROV1465;2014-10-16;2014-11-18;30 days;Proveedor 368;ES;EUR;Spanish;10 days;False
FFCC142869;2014-11-20;PROV1650;2014-11-01;2014-11-23;19 days;Proveedor 539;ES;EUR;Spanish;10 days;False
FFCC142870;2014-11-13;PROV1428;2014-11-12;2014-11-16;1 days;Proveedor 341;CH;USD;Extracommunity;45 days;True
FFCC142873;2014-11-01;PROV1485;2014-09-14;2014-11-04;48 days;Proveedor 386;IE;EUR;Intracommunity;20 days;False
FFCC142877;2014-11-01;PROV1458;2014-10-02;2014-11-04;30 days;Proveedor 364;CH;USD;Extracommunity;45 days;True
FFCC142881;2014-11-01;PROV1475;2014-09-20;2014-11-04;42 days;Proveedor 376;CH;USD;Extracommunity;45 days;True
FFCC142922;2014-11-25;PROV40002720;2014-10-08;2014-11-28;48 days;Proveedor 38;ES;EUR;Spanish;10 days;False
FFCC142923;2014-11-05;PROV40000187;2014-09-23;2014-11-08;43 days;Proveedor 13;ES;EUR;Spanish;10 days;False
FFCC142924;2014-11-24;PROV1014;2014-09-30;2014-11-27;55 days;Proveedor 171;ES;EUR;Spanish;10 days;False
FFCC142925;2014-11-24;PROV40002330;2014-10-07;2014-11-27;48 days;Proveedor 37;ES;EUR;Spanish;10 days;False
FFCC142926;2014-11-19;PROV1647;2014-10-28;2014-11-22;22 days;Proveedor 536;ES;EUR;Spanish;10 days;False
FFCC142927;2014-11-30;PROV40000010;2014-11-09;2014-12-03;21 days;Proveedor 12;ES;EUR;Spanish;10 days;False
FFCC142928;2014-11-30;PROV40002065;2014-11-26;2014-12-03;4 days;Proveedor 30;ES;EUR;Spanish;10 days;True
FFCC142929;2014-11-30;PROV40002065;2014-10-31;2014-12-03;30 days;Proveedor 30;ES;EUR;Spanish;10 days;False
FFCC142930;2014-11-24;PROV1027;2014-11-15;2014-11-27;9 days;Proveedor 178;ES;EUR;Spanish;10 days;True
FFCC142931;2014-11-12;PROV1441;2014-10-22;2014-11-15;21 days;Proveedor 349;ES;EUR;Spanish;10 days;False
FFCC142932;2014-11-28;PROV1129;2014-11-20;2014-12-01;8 days;Proveedor 207;ES;EUR;Spanish;10 days;True
FFCC142933;2014-11-30;PROV41000980;2014-10-16;2014-12-03;45 days;Proveedor 110;ES;EUR;Spanish;10 days;False
FFCC142947;2014-11-27;PROV41001800;2014-11-02;2014-11-30;25 days;Proveedor 164;ES;EUR;Spanish;10 days;False
FFCC142948;2014-11-10;PROV1485;2014-09-27;2014-11-13;44 days;Proveedor 386;IE;EUR;Intracommunity;20 days;False
FFCC142962;2014-11-07;PROV40000500;2014-10-11;2014-11-10;27 days;Proveedor 16;ES;EUR;Spanish;10 days;False
FFCC142975;2014-11-30;PROV40002220;2014-11-06;2014-12-03;24 days;Proveedor 36;ES;EUR;Spanish;10 days;False
FFCC142979;2014-11-06;PROV1428;2014-10-18;2014-11-09;19 days;Proveedor 341;CH;USD;Extracommunity;45 days;True
FFCC142983;2014-11-20;PROV1397;2014-10-20;2014-11-23;31 days;Proveedor 321;PE;USD;Extracommunity;45 days;True
FFCC142993;2014-11-30;PROV40000520;2014-10-23;2014-12-03;38 days;Proveedor 17;ES;EUR;Spanish;10 days;False
FFCC142995;2014-11-17;PROV1597;2014-10-04;2014-11-20;44 days;Proveedor 491;CH;USD;Extracommunity;45 days;True
FFCC142996;2014-11-08;PROV1649;2014-11-02;2014-11-11;6 days;Proveedor 538;ES;EUR;Spanish;10 days;True
FFCC142997;2014-11-21;PROV40000520;2014-10-09;2014-11-24;43 days;Proveedor 17;ES;EUR;Spanish;10 days;False
FFCC142998;2014-11-14;PROV40000520;2014-10-20;2014-11-17;25 days;Proveedor 17;ES;EUR;Spanish;10 days;False
FFCC142999;2014-11-03;PROV1441;2014-10-17;2014-11-06;17 days;Proveedor 349;ES;EUR;Spanish;10 days;False
FFCC143004;2014-11-30;PROV40000187;2014-10-24;2014-12-03;37 days;Proveedor 13;ES;EUR;Spanish;10 days;False
FFCC143017;2014-11-24;PROV40001825;2014-09-28;2014-11-27;57 days;Proveedor 29;ES;EUR;Spanish;10 days;False
FFCC143019;2014-11-20;PROV1027;2014-10-24;2014-11-23;27 days;Proveedor 178;ES;EUR;Spanish;10 days;False
FFCC143026;2014-11-30;PROV1781;2014-10-16;2014-12-03;45 days;Proveedor 628;ES;EUR;Spanish;10 days;False
FFCC143027;2014-11-28;PROV40000187;2014-10-24;2014-12-01;35 days;Proveedor 13;ES;EUR;Spanish;10 days;False
FFCC143038;2014-12-12;PROV40000500;2014-10-28;2014-12-15;45 days;Proveedor 16;ES;EUR;Spanish;10 days;False
FFCC143039;2014-12-04;PROV1027;2014-10-25;2014-12-07;40 days;Proveedor 178;ES;EUR;Spanish;10 days;False
FFCC143043;2014-12-11;PROV1725;2014-10-12;2014-12-14;60 days;Proveedor 588;ES;EUR;Spanish;10 days;False
FFCC143045;2014-12-19;PROV40002720;2014-12-01;2014-12-22;18 days;Proveedor 38;ES;EUR;Spanish;10 days;False
FFCC143047;2014-12-11;PROV40001000;2014-10-26;2014-12-14;46 days;Proveedor 24;FR;EUR;Intracommunity;20 days;False
FFCC143062;2014-12-11;PROV1441;2014-11-21;2014-12-14;20 days;Proveedor 349;ES;EUR;Spanish;10 days;False
FFCC143074;2014-12-15;PROV1129;2014-12-12;2014-12-18;3 days;Proveedor 207;ES;EUR;Spanish;10 days;True
FFCC143083;2014-12-01;PROV1170;2014-10-17;2014-12-04;45 days;Proveedor 221;ES;EUR;Spanish;10 days;False
FFCC143085;2014-12-01;PROV1441;2014-10-18;2014-12-04;44 days;Proveedor 349;ES;EUR;Spanish;10 days;False
FFCC143087;2014-12-01;PROV40001825;2014-11-03;2014-12-04;28 days;Proveedor 29;ES;EUR;Spanish;10 days;False
FFCC143092;2014-12-19;PROV40000500;2014-11-27;2014-12-22;22 days;Proveedor 16;ES;EUR;Spanish;10 days;False
FFCC143093;2014-12-16;PROV1725;2014-11-12;2014-12-19;34 days;Proveedor 588;ES;EUR;Spanish;10 days;False
FFCC143095;2014-12-01;PROV1014;2014-11-15;2014-12-04;16 days;Proveedor 171;ES;EUR;Spanish;10 days;False
FFCC143096;2014-12-01;PROV1428;2014-11-13;2014-12-04;18 days;Proveedor 341;CH;USD;Extracommunity;45 days;True
FFCC143099;2014-12-01;PROV1733;2014-10-26;2014-12-04;36 days;Proveedor 592;CH;USD;Extracommunity;45 days;True
FFCC143102;2014-12-05;PROV40000520;2014-11-09;2014-12-08;26 days;Proveedor 17;ES;EUR;Spanish;10 days;False
FFCC143103;2014-12-01;PROV1397;2014-10-11;2014-12-04;51 days;Proveedor 321;PE;USD;Extracommunity;45 days;False
FFCC143105;2014-12-02;PROV1428;2014-10-19;2014-12-05;44 days;Proveedor 341;CH;USD;Extracommunity;45 days;True
FFCC143107;2014-12-04;PROV40000850;2014-10-30;2014-12-07;35 days;Proveedor 21;ES;EUR;Spanish;10 days;False
FFCC143108;2014-12-01;PROV1756;2014-10-15;2014-12-04;47 days;Proveedor 603;IN;USD;Extracommunity;45 days;False
FFCC143109;2014-12-01;PROV1597;2014-11-02;2014-12-04;29 days;Proveedor 491;CH;USD;Extracommunity;45 days;True
FFCC143113;2014-12-01;PROV1585;2014-11-09;2014-12-04;22 days;Proveedor 479;CH;USD;Extracommunity;45 days;True
FFCC143116;2014-12-02;PROV1649;2014-11-10;2014-12-05;22 days;Proveedor 538;ES;EUR;Spanish;10 days;False
FFCC143117;2014-12-01;PROV1061;2014-11-15;2014-12-04;16 days;Proveedor 182;IN;USD;Extracommunity;45 days;True
FFCC143163;2014-12-15;PROV1485;2014-11-25;2014-12-18;20 days;Proveedor 386;IE;EUR;Intracommunity;20 days;True
FFCC143164;2014-12-15;PROV1485;2014-11-19;2014-12-18;26 days;Proveedor 386;IE;EUR;Intracommunity;20 days;False
FFCC143165;2014-12-01;PROV1597;2014-10-04;2014-12-04;58 days;Proveedor 491;CH;USD;Extracommunity;45 days;False
FFCC143169;2014-12-11;PROV1775;2014-11-10;2014-12-14;31 days;Proveedor 622;MX;USD;Extracommunity;45 days;True
FFCC143177;2014-12-10;PROV40000187;2014-10-23;2014-12-13;48 days;Proveedor 13;ES;EUR;Spanish;10 days;False
FFCC143181;2014-12-30;PROV40002065;2014-12-10;2015-01-02;20 days;Proveedor 30;ES;EUR;Spanish;10 days;False
FFCC143183;2014-12-30;PROV41000980;2014-12-13;2015-01-02;17 days;Proveedor 110;ES;EUR;Spanish;10 days;False
FFCC143194;2014-12-06;PROV1597;2014-10-17;2014-12-09;50 days;Proveedor 491;CH;USD;Extracommunity;45 days;False
FFCC143200;2014-12-15;PROV40002330;2014-11-10;2014-12-18;35 days;Proveedor 37;ES;EUR;Spanish;10 days;False
FFCC143201;2014-12-15;PROV40002220;2014-10-26;2014-12-18;50 days;Proveedor 36;ES;EUR;Spanish;10 days;False
FFCC143202;2014-12-11;PROV40001825;2014-11-23;2014-12-14;18 days;Proveedor 29;ES;EUR;Spanish;10 days;False
FFCC143203;2014-12-01;PROV40002065;2014-11-15;2014-12-04;16 days;Proveedor 30;ES;EUR;Spanish;10 days;False
FFCC143204;2014-12-01;PROV1585;2014-11-21;2014-12-04;10 days;Proveedor 479;CH;USD;Extracommunity;45 days;True
FFCC143220;2014-12-17;PROV1441;2014-12-09;2014-12-20;8 days;Proveedor 349;ES;EUR;Spanish;10 days;True
FFCC143251;2014-12-01;PROV1597;2014-11-09;2014-12-04;22 days;Proveedor 491;CH;USD;Extracommunity;45 days;True
FFCC143256;2014-12-19;PROV40000520;2014-11-11;2014-12-22;38 days;Proveedor 17;ES;EUR;Spanish;10 days;False
FFCC143257;2014-12-23;PROV1725;2014-12-13;2014-12-26;10 days;Proveedor 588;ES;EUR;Spanish;10 days;True
FFCC143288;2014-12-28;PROV41001800;2014-11-20;2014-12-31;38 days;Proveedor 164;ES;EUR;Spanish;10 days;False
FFCC150064;2015-01-07;PROV1003;2014-12-11;2015-01-10;27 days;Proveedor 165;CN;USD;Extracommunity;45 days;True
FFCC150066;2015-01-17;PROV40000850;2014-12-24;2015-01-20;24 days;Proveedor 21;ES;EUR;Spanish;10 days;False
FFCC150067;2015-01-15;PROV1756;2014-11-29;2015-01-18;47 days;Proveedor 603;IN;USD;Extracommunity;45 days;False
FFCC150068;2015-01-23;PROV1397;2015-01-09;2015-01-26;14 days;Proveedor 321;PE;USD;Extracommunity;45 days;True
FFCC150069;2015-01-16;PROV1397;2014-12-23;2015-01-19;24 days;Proveedor 321;PE;USD;Extracommunity;45 days;True
FFCC150070;2015-01-12;PROV1014;2014-12-19;2015-01-15;24 days;Proveedor 171;ES;EUR;Spanish;10 days;False
FFCC150071;2015-01-15;PROV1129;2014-12-31;2015-01-18;15 days;Proveedor 207;ES;EUR;Spanish;10 days;False
FFCC150072;2015-01-20;PROV1003;2014-12-03;2015-01-23;48 days;Proveedor 165;CN;USD;Extracommunity;45 days;False
FFCC150073;2015-01-05;PROV40001000;2014-12-19;2015-01-08;17 days;Proveedor 24;FR;EUR;Intracommunity;20 days;True
FFCC150074;2015-01-13;PROV40002330;2014-11-21;2015-01-16;53 days;Proveedor 37;ES;EUR;Spanish;10 days;False
FFCC150075;2015-01-09;PROV1734;2014-12-15;2015-01-12;25 days;Proveedor 593;ES;EUR;Spanish;10 days;False
FFCC150076;2015-01-15;PROV40001470;2015-01-04;2015-01-18;11 days;Proveedor 26;ES;EUR;Spanish;10 days;False
FFCC150077;2015-01-15;PROV1465;2014-12-26;2015-01-18;20 days;Proveedor 368;ES;EUR;Spanish;10 days;False
FFCC150078;2015-01-25;PROV40002720;2014-12-12;2015-01-28;44 days;Proveedor 38;ES;EUR;Spanish;10 days;False
FFCC150079;2015-01-02;PROV1597;2014-11-25;2015-01-05;38 days;Proveedor 491;CH;USD;Extracommunity;45 days;True
FFCC150082;2015-01-09;PROV1428;2014-12-19;2015-01-12;21 days;Proveedor 341;CH;USD;Extracommunity;45 days;True
FFCC150085;2015-01-16;PROV40000520;2014-12-10;2015-01-19;37 days;Proveedor 17;ES;EUR;Spanish;10 days;False
FFCC150089;2015-01-30;PROV40002720;2014-12-13;2015-02-02;48 days;Proveedor 38;ES;EUR;Spanish;10 days;False
FFCC150090;2015-01-02;PROV1754;2014-12-05;2015-01-05;28 days;Proveedor 602;CH;USD;Extracommunity;45 days;True
FFCC150098;2015-01-15;PROV1597;2015-01-07;2015-01-18;8 days;Proveedor 491;CH;USD;Extracommunity;45 days;True
FFCC150107;2015-01-02;PROV1485;2014-12-03;2015-01-05;30 days;Proveedor 386;IE;EUR;Intracommunity;20 days;False
FFCC150115;2015-01-27;PROV40002330;2014-12-11;2015-01-30;47 days;Proveedor 37;ES;EUR;Spanish;10 days;False
FFCC150116;2015-01-24;PROV40002330;2015-01-15;2015-01-27;9 days;Proveedor 37;ES;EUR;Spanish;10 days;True
FFCC150117;2015-01-19;PROV40001825;2014-12-30;2015-01-22;20 days;Proveedor 29;ES;EUR;Spanish;10 days;False
FFCC150118;2015-01-29;PROV1027;2015-01-09;2015-02-01;20 days;Proveedor 178;ES;EUR;Spanish;10 days;False
FFCC150119;2015-01-15;PROV40001600;2014-12-31;2015-01-18;15 days;Proveedor 27;ES;EUR;Spanish;10 days;False
FFCC150120;2015-01-25;PROV40000187;2015-01-02;2015-01-28;23 days;Proveedor 13;ES;EUR;Spanish;10 days;False
FFCC150121;2015-01-19;PROV1650;2014-12-31;2015-01-22;19 days;Proveedor 539;ES;EUR;Spanish;10 days;False
FFCC150123;2015-01-19;PROV40000500;2014-12-14;2015-01-22;36 days;Proveedor 16;ES;EUR;Spanish;10 days;False
FFCC150124;2015-01-15;PROV1061;2014-12-11;2015-01-18;35 days;Proveedor 182;IN;USD;Extracommunity;45 days;True
FFCC150125;2015-01-31;PROV40000187;2014-12-30;2015-02-03;32 days;Proveedor 13;ES;EUR;Spanish;10 days;False
FFCC150126;2015-01-15;PROV1323;2014-11-30;2015-01-18;46 days;Proveedor 281;ES;EUR;Spanish;10 days;False
FFCC150127;2015-01-02;PROV1398;2014-11-15;2015-01-05;48 days;Proveedor 322;CH;USD;Extracommunity;45 days;False
FFCC150139;2015-01-31;PROV1061;2014-12-19;2015-02-03;43 days;Proveedor 182;IN;USD;Extracommunity;45 days;True
FFCC150147;2015-01-08;PROV1649;2015-01-04;2015-01-11;4 days;Proveedor 538;ES;EUR;Spanish;10 days;True
FFCC150148;2015-01-30;PROV40002090;2015-01-21;2015-02-02;9 days;Proveedor 31;ES;EUR;Spanish;10 days;True
FFCC150166;2015-01-15;PROV1156;2014-12-13;2015-01-18;33 days;Proveedor 215;ES;EUR;Spanish;10 days;False
FFCC150168;2015-01-12;PROV1156;2014-12-11;2015-01-15;32 days;Proveedor 215;ES;EUR;Spanish;10 days;False
FFCC150170;2015-01-16;PROV1156;2014-12-14;2015-01-19;33 days;Proveedor 215;ES;EUR;Spanish;10 days;False
FFCC150202;2015-01-23;PROV41001800;2014-12-20;2015-01-26;34 days;Proveedor 164;ES;EUR;Spanish;10 days;False
FFCC150203;2015-01-29;PROV41001800;2014-12-31;2015-02-01;29 days;Proveedor 164;ES;EUR;Spanish;10 days;False
FFCC150204;2015-01-26;PROV40000500;2014-12-18;2015-01-29;39 days;Proveedor 16;ES;EUR;Spanish;10 days;False
FFCC150205;2015-01-30;PROV40000500;2015-01-03;2015-02-02;27 days;Proveedor 16;ES;EUR;Spanish;10 days;False
FFCC150206;2015-01-30;PROV40000520;2015-01-05;2015-02-02;25 days;Proveedor 17;ES;EUR;Spanish;10 days;False
FFCC150207;2015-01-02;PROV1475;2014-11-26;2015-01-05;37 days;Proveedor 376;CH;USD;Extracommunity;45 days;True
FFCC150213;2015-01-02;PROV1585;2014-11-19;2015-01-05;44 days;Proveedor 479;CH;USD;Extracommunity;45 days;True
FFCC150216;2015-01-02;PROV1551;2014-12-23;2015-01-05;10 days;Proveedor 447;CH;USD;Extracommunity;45 days;True
FFCC150217;2015-01-02;PROV1485;2014-11-29;2015-01-05;34 days;Proveedor 386;IE;EUR;Intracommunity;20 days;False
FFCC150218;2015-01-14;PROV40001000;2014-12-22;2015-01-17;23 days;Proveedor 24;FR;EUR;Intracommunity;20 days;False
FFCC150225;2015-01-31;PROV41000980;2015-01-13;2015-02-03;18 days;Proveedor 110;ES;EUR;Spanish;10 days;False
FFCC150228;2015-01-29;PROV41001401;2015-01-03;2015-02-01;26 days;Proveedor 139;ES;EUR;Spanish;10 days;False
FFCC150229;2015-01-28;PROV41001401;2014-12-29;2015-01-31;30 days;Proveedor 139;ES;EUR;Spanish;10 days;False
FFCC150239;2015-01-02;PROV1777;2014-12-04;2015-01-05;29 days;Proveedor 624;ES;EUR;Spanish;10 days;False
FFCC150240;2015-01-22;PROV40002220;2014-12-17;2015-01-25;36 days;Proveedor 36;ES;EUR;Spanish;10 days;False
FFCC150241;2015-01-31;PROV40002065;2014-12-22;2015-02-03;40 days;Proveedor 30;ES;EUR;Spanish;10 days;False
FFCC150242;2015-01-28;PROV1441;2014-12-24;2015-01-31;35 days;Proveedor 349;ES;EUR;Spanish;10 days;False
FFCC150243;2015-01-10;PROV1485;2014-11-26;2015-01-13;45 days;Proveedor 386;IE;EUR;Intracommunity;20 days;False
FFCC150244;2015-01-27;PROV1485;2014-12-23;2015-01-30;35 days;Proveedor 386;IE;EUR;Intracommunity;20 days;False
FFCC150246;2015-01-19;PROV1129;2014-12-30;2015-01-22;20 days;Proveedor 207;ES;EUR;Spanish;10 days;False
FFCC150255;2015-01-02;PROV1346;2014-11-18;2015-01-05;45 days;Proveedor 295;CN;USD;Extracommunity;45 days;True
FFCC150256;2015-01-26;PROV1193;2014-12-17;2015-01-29;40 days;Proveedor 228;ES;EUR;Spanish;10 days;False
FFCC150266;2015-01-30;PROV40000010;2014-12-30;2015-02-02;31 days;Proveedor 12;ES;EUR;Spanish;10 days;False
FFCC150269;2015-01-15;PROV1089;2015-01-05;2015-01-18;10 days;Proveedor 190;ES;EUR;Spanish;10 days;True
FFCC150292;2015-02-03;PROV40002065;2014-12-26;2015-02-06;39 days;Proveedor 30;ES;EUR;Spanish;10 days;False
FFCC150294;2015-02-14;PROV40000850;2015-01-17;2015-02-17;28 days;Proveedor 21;ES;EUR;Spanish;10 days;False
FFCC150295;2015-02-02;PROV40001000;2014-12-14;2015-02-05;50 days;Proveedor 24;FR;EUR;Intracommunity;20 days;False
FFCC150296;2015-02-03;PROV1027;2015-01-04;2015-02-06;30 days;Proveedor 178;ES;EUR;Spanish;10 days;False
FFCC150297;2015-02-07;PROV40000850;2015-01-04;2015-02-10;34 days;Proveedor 21;ES;EUR;Spanish;10 days;False
FFCC150298;2015-02-19;PROV40000850;2015-01-11;2015-02-22;39 days;Proveedor 21;ES;EUR;Spanish;10 days;False
FFCC150299;2015-02-24;PROV40000235;2015-02-14;2015-02-27;10 days;Proveedor 15;ES;EUR;Spanish;10 days;True
FFCC150300;2015-02-20;PROV1443;2015-01-26;2015-02-23;25 days;Proveedor 351;ES;EUR;Spanish;10 days;False
FFCC150301;2015-02-01;PROV41000232;2015-01-20;2015-02-04;12 days;Proveedor 61;ES;EUR;Spanish;10 days;False
FFCC150302;2015-02-16;PROV40002180;2015-01-30;2015-02-19;17 days;Proveedor 34;ES;EUR;Spanish;10 days;False
FFCC150303;2015-02-15;PROV1170;2015-02-06;2015-02-18;9 days;Proveedor 221;ES;EUR;Spanish;10 days;True
FFCC150304;2015-02-15;PROV1184;2014-12-27;2015-02-18;50 days;Proveedor 223;ES;EUR;Spanish;10 days;False
FFCC150305;2015-02-28;PROV40000850;2015-02-04;2015-03-03;24 days;Proveedor 21;ES;EUR;Spanish;10 days;False
FFCC150306;2015-02-10;PROV1465;2015-01-15;2015-02-13;26 days;Proveedor 368;ES;EUR;Spanish;10 days;False
FFCC150307;2015-02-27;PROV1129;2015-01-22;2015-03-02;36 days;Proveedor 207;ES;EUR;Spanish;10 days;False
FFCC150308;2015-02-01;PROV1061;2014-12-26;2015-02-04;37 days;Proveedor 182;IN;USD;Extracommunity;45 days;True
FFCC150309;2015-02-01;PROV1551;2015-01-05;2015-02-04;27 days;Proveedor 447;CH;USD;Extracommunity;45 days;True
FFCC150312;2015-02-06;PROV1061;2015-01-03;2015-02-09;34 days;Proveedor 182;IN;USD;Extracommunity;45 days;True
FFCC150315;2015-02-12;PROV1441;2015-01-13;2015-02-15;30 days;Proveedor 349;ES;EUR;Spanish;10 days;False
FFCC150317;2015-02-20;PROV1061;2015-01-29;2015-02-23;22 days;Proveedor 182;IN;USD;Extracommunity;45 days;True
FFCC150318;2015-02-25;PROV1061;2015-01-09;2015-02-28;47 days;Proveedor 182;IN;USD;Extracommunity;45 days;False
FFCC150319;2015-03-03;PROV1061;2015-02-08;2015-03-06;23 days;Proveedor 182;IN;USD;Extracommunity;45 days;True
FFCC150320;2015-02-01;PROV1485;2014-12-22;2015-02-04;41 days;Proveedor 386;IE;EUR;Intracommunity;20 days;False
FFCC150322;2015-02-10;PROV1485;2014-12-21;2015-02-13;51 days;Proveedor 386;IE;EUR;Intracommunity;20 days;False
FFCC150324;2015-02-01;PROV1398;2015-01-04;2015-02-04;28 days;Proveedor 322;CH;USD;Extracommunity;45 days;True
FFCC150328;2015-02-01;PROV1475;2014-12-22;2015-02-04;41 days;Proveedor 376;CH;USD;Extracommunity;45 days;True
FFCC150336;2015-02-01;PROV1597;2014-12-22;2015-02-04;41 days;Proveedor 491;CH;USD;Extracommunity;45 days;True
FFCC150341;2015-02-06;PROV1734;2014-12-29;2015-02-09;39 days;Proveedor 593;ES;EUR;Spanish;10 days;False
FFCC150342;2015-02-11;PROV1734;2014-12-29;2015-02-14;44 days;Proveedor 593;ES;EUR;Spanish;10 days;False
FFCC150345;2015-02-05;PROV1756;2015-01-24;2015-02-08;12 days;Proveedor 603;IN;USD;Extracommunity;45 days;True
FFCC150347;2015-02-01;PROV1733;2015-01-28;2015-02-04;4 days;Proveedor 592;CH;USD;Extracommunity;45 days;True
FFCC150352;2015-02-28;PROV40002065;2015-02-16;2015-03-03;12 days;Proveedor 30;ES;EUR;Spanish;10 days;False
FFCC150353;2015-03-01;PROV40002065;2015-02-02;2015-03-04;27 days;Proveedor 30;ES;EUR;Spanish;10 days;False
FFCC150355;2015-02-01;PROV1754;2015-01-12;2015-02-04;20 days;Proveedor 602;CH;USD;Extracommunity;45 days;True
FFCC150356;2015-03-02;PROV1754;2015-01-24;2015-03-05;37 days;Proveedor 602;CH;USD;Extracommunity;45 days;True
FFCC150361;2015-02-18;PROV1397;2015-01-29;2015-02-21;20 days;Proveedor 321;PE;USD;Extracommunity;45 days;True
FFCC150362;2015-03-09;PROV1014;2015-02-13;2015-03-12;24 days;Proveedor 171;ES;EUR;Spanish;10 days;False
FFCC150363;2015-02-03;PROV1216;2015-01-19;2015-02-06;15 days;Proveedor 239;ES;EUR;Spanish;10 days;False
FFCC150364;2015-02-23;PROV40002330;2015-01-09;2015-02-26;45 days;Proveedor 37;ES;EUR;Spanish;10 days;False
FFCC150365;2015-02-11;PROV1428;2015-02-03;2015-02-14;8 days;Proveedor 341;CH;USD;Extracommunity;45 days;True
FFCC150368;2015-02-11;PROV1397;2014-12-28;2015-02-14;45 days;Proveedor 321;PE;USD;Extracommunity;45 days;True
FFCC150370;2015-02-25;PROV40002720;2015-02-10;2015-02-28;15 days;Proveedor 38;ES;EUR;Spanish;10 days;False
FFCC150371;2015-02-01;PROV1441;2014-12-24;2015-02-04;39 days;Proveedor 349;ES;EUR;Spanish;10 days;False
FFCC150372;2015-02-09;PROV1650;2014-12-30;2015-02-12;41 days;Proveedor 539;ES;EUR;Spanish;10 days;False
FFCC150375;2015-02-01;PROV1725;2014-12-27;2015-02-04;36 days;Proveedor 588;ES;EUR;Spanish;10 days;False
FFCC150376;2015-02-01;PROV1725;2014-12-25;2015-02-04;38 days;Proveedor 588;ES;EUR;Spanish;10 days;False
FFCC150377;2015-02-25;PROV40000187;2015-01-27;2015-02-28;29 days;Proveedor 13;ES;EUR;Spanish;10 days;False
FFCC150378;2015-02-25;PROV40000187;2015-01-15;2015-02-28;41 days;Proveedor 13;ES;EUR;Spanish;10 days;False
FFCC150379;2015-03-06;PROV40000187;2015-02-06;2015-03-09;28 days;Proveedor 13;ES;EUR;Spanish;10 days;False
FFCC150380;2015-02-06;PROV40000520;2015-01-23;2015-02-09;14 days;Proveedor 17;ES;EUR;Spanish;10 days;False
FFCC150381;2015-02-13;PROV40000520;2015-01-22;2015-02-16;22 days;Proveedor 17;ES;EUR;Spanish;10 days;False
FFCC150382;2015-02-20;PROV40000520;2014-12-28;2015-02-23;54 days;Proveedor 17;ES;EUR;Spanish;10 days;False
FFCC150383;2015-02-23;PROV1484;2015-02-14;2015-02-26;9 days;Proveedor 385;ES;EUR;Spanish;10 days;True
FFCC150384;2015-02-06;PROV1647;2015-01-04;2015-02-09;33 days;Proveedor 536;ES;EUR;Spanish;10 days;False
FFCC150385;2015-02-09;PROV40000500;2014-12-23;2015-02-12;48 days;Proveedor 16;ES;EUR;Spanish;10 days;False
FFCC150386;2015-02-03;PROV40002220;2014-12-27;2015-02-06;38 days;Proveedor 36;ES;EUR;Spanish;10 days;False
FFCC150387;2015-02-17;PROV40002220;2015-01-08;2015-02-20;40 days;Proveedor 36;ES;EUR;Spanish;10 days;False
FFCC150388;2015-02-17;PROV40001000;2015-01-09;2015-02-20;39 days;Proveedor 24;FR;EUR;Intracommunity;20 days;False
FFCC150389;2015-02-28;PROV41000980;2015-01-17;2015-03-03;42 days;Proveedor 110;ES;EUR;Spanish;10 days;False
FFCC150390;2015-02-26;PROV1441;2015-01-22;2015-03-01;35 days;Proveedor 349;ES;EUR;Spanish;10 days;False
FFCC150391;2015-03-04;PROV1441;2015-01-13;2015-03-07;50 days;Proveedor 349;ES;EUR;Spanish;10 days;False
FFCC150393;2015-02-17;PROV1003;2015-01-29;2015-02-20;19 days;Proveedor 165;CN;USD;Extracommunity;45 days;True
FFCC150396;2015-02-25;PROV1485;2015-01-30;2015-02-28;26 days;Proveedor 386;IE;EUR;Intracommunity;20 days;False
FFCC150397;2015-02-01;PROV1572;2015-01-24;2015-02-04;8 days;Proveedor 467;SG;USD;Extracommunity;45 days;True
FFCC150398;2015-02-04;PROV1551;2015-01-11;2015-02-07;24 days;Proveedor 447;CH;USD;Extracommunity;45 days;True
FFCC150399;2015-02-24;PROV1725;2015-01-10;2015-02-27;45 days;Proveedor 588;ES;EUR;Spanish;10 days;False
FFCC150400;2015-02-05;PROV1485;2014-12-17;2015-02-08;50 days;Proveedor 386;IE;EUR;Intracommunity;20 days;False
FFCC150403;2015-02-13;PROV40000200;2015-02-02;2015-02-16;11 days;Proveedor 14;ES;EUR;Spanish;10 days;False
FFCC150404;2015-02-03;PROV1216;2015-01-16;2015-02-06;18 days;Proveedor 239;ES;EUR;Spanish;10 days;False
FFCC150405;2015-02-11;PROV1649;2015-01-24;2015-02-14;18 days;Proveedor 538;ES;EUR;Spanish;10 days;False
FFCC150407;2015-02-28;PROV40000520;2015-01-12;2015-03-03;47 days;Proveedor 17;ES;EUR;Spanish;10 days;False
FFCC150501;2015-02-20;PROV41001142;2015-01-08;2015-02-23;43 days;Proveedor 123;ES;EUR;Spanish;10 days;False
FFCC150504;2015-02-16;PROV41001142;2015-01-02;2015-02-19;45 days;Proveedor 123;ES;EUR;Spanish;10 days;False
FFCC150518;2015-02-24;PROV41001401;2015-02-14;2015-02-27;10 days;Proveedor 139;ES;EUR;Spanish;10 days;True
FFCC150545;2015-02-26;PROV41001800;2015-01-22;2015-03-01;35 days;Proveedor 164;ES;EUR;Spanish;10 days;False
FFCC150549;2015-02-27;PROV41001800;2015-01-31;2015-03-02;27 days;Proveedor 164;ES;EUR;Spanish;10 days;False
FFCC150554;2015-02-16;PROV1758;2014-12-22;2015-02-19;56 days;Proveedor 605;ES;EUR;Spanish;10 days;False
FFCC150575;2015-03-03;PROV1649;2015-01-18;2015-03-06;44 days;Proveedor 538;ES;EUR;Spanish;10 days;False
FFCC150579;2015-03-02;PROV1756;2015-01-27;2015-03-05;34 days;Proveedor 603;IN;USD;Extracommunity;45 days;True
FFCC150580;2015-03-01;PROV40001825;2015-01-29;2015-03-04;31 days;Proveedor 29;ES;EUR;Spanish;10 days;False
FFCC150581;2015-03-01;PROV40002330;2015-01-28;2015-03-04;32 days;Proveedor 37;ES;EUR;Spanish;10 days;False
FFCC150609;2015-03-02;PROV1509;2015-02-11;2015-03-05;19 days;Proveedor 408;CN;USD;Extracommunity;45 days;True
FFCC150614;2015-03-10;PROV1650;2015-02-26;2015-03-13;12 days;Proveedor 539;ES;EUR;Spanish;10 days;False
FFCC150616;2015-03-09;PROV1027;2015-02-19;2015-03-12;18 days;Proveedor 178;ES;EUR;Spanish;10 days;False
FFCC150618;2015-03-04;PROV1506;2015-02-18;2015-03-07;14 days;Proveedor 405;ES;EUR;Spanish;10 days;False
FFCC150620;2015-03-01;PROV40002220;2015-01-24;2015-03-04;36 days;Proveedor 36;ES;EUR;Spanish;10 days;False
FFCC150622;2015-03-06;PROV40000520;2015-02-11;2015-03-09;23 days;Proveedor 17;ES;EUR;Spanish;10 days;False
FFCC150624;2015-03-10;PROV1443;2015-01-29;2015-03-13;40 days;Proveedor 351;ES;EUR;Spanish;10 days;False
FFCC150642;2015-03-01;PROV1475;2015-02-12;2015-03-04;17 days;Proveedor 376;CH;USD;Extracommunity;45 days;True
FFCC150648;2015-03-09;PROV40000500;2015-01-18;2015-03-12;50 days;Proveedor 16;ES;EUR;Spanish;10 days;False
FFCC150649;2015-03-13;PROV1129;2015-02-09;2015-03-16;32 days;Proveedor 207;ES;EUR;Spanish;10 days;False
FFCC150653;2015-03-12;PROV1796;2015-01-24;2015-03-15;47 days;Proveedor 642;ES;EUR;Spanish;10 days;False
FFCC150654;2015-03-13;PROV40000235;2015-01-25;2015-03-16;47 days;Proveedor 15;ES;EUR;Spanish;10 days;False
FFCC150661;2015-03-10;PROV41001401;2015-02-06;2015-03-13;32 days;Proveedor 139;ES;EUR;Spanish;10 days;False
FFCC150662;2015-03-05;PROV1441;2015-02-07;2015-03-08;26 days;Proveedor 349;ES;EUR;Spanish;10 days;False
FFCC150663;2015-03-10;PROV1484;2015-02-23;2015-03-13;15 days;Proveedor 385;ES;EUR;Spanish;10 days;False
FFCC150664;2015-03-16;PROV1650;2015-01-26;2015-03-19;49 days;Proveedor 539;ES;EUR;Spanish;10 days;False
FFCC150666;2015-03-17;PROV1594;2015-02-27;2015-03-20;18 days;Proveedor 488;ES;EUR;Spanish;10 days;False
FFCC150683;2015-03-01;PROV41001401;2015-01-29;2015-03-04;31 days;Proveedor 139;ES;EUR;Spanish;10 days;False
FFCC150685;2015-03-12;PROV1796;2015-02-24;2015-03-15;16 days;Proveedor 642;ES;EUR;Spanish;10 days;False
FFCC150710;2015-03-01;PROV1597;2015-01-14;2015-03-04;46 days;Proveedor 491;CH;USD;Extracommunity;45 days;False
FFCC150715;2015-03-06;PROV1061;2015-02-06;2015-03-09;28 days;Proveedor 182;IN;USD;Extracommunity;45 days;True
FFCC150735;2015-03-11;PROV40001000;2015-01-18;2015-03-14;52 days;Proveedor 24;FR;EUR;Intracommunity;20 days;False
FFCC150736;2015-03-27;PROV40000500;2015-02-25;2015-03-30;30 days;Proveedor 16;ES;EUR;Spanish;10 days;False
FFCC150737;2015-03-27;PROV40000850;2015-03-09;2015-03-30;18 days;Proveedor 21;ES;EUR;Spanish;10 days;False
FFCC150738;2015-03-16;PROV40002330;2015-02-01;2015-03-19;43 days;Proveedor 37;ES;EUR;Spanish;10 days;False
FFCC150740;2015-03-10;PROV40000187;2015-02-18;2015-03-13;20 days;Proveedor 13;ES;EUR;Spanish;10 days;False
FFCC150741;2015-03-25;PROV40000187;2015-03-03;2015-03-28;22 days;Proveedor 13;ES;EUR;Spanish;10 days;False
FFCC150742;2015-03-13;PROV1428;2015-01-20;2015-03-16;52 days;Proveedor 341;CH;USD;Extracommunity;45 days;False
FFCC150745;2015-03-15;PROV1465;2015-02-26;2015-03-18;17 days;Proveedor 368;ES;EUR;Spanish;10 days;False
FFCC150746;2015-03-25;PROV40002720;2015-03-06;2015-03-28;19 days;Proveedor 38;ES;EUR;Spanish;10 days;False
FFCC150747;2015-03-25;PROV1061;2015-02-21;2015-03-28;32 days;Proveedor 182;IN;USD;Extracommunity;45 days;True
FFCC150781;2015-03-26;PROV40001825;2015-02-18;2015-03-29;36 days;Proveedor 29;ES;EUR;Spanish;10 days;False
FFCC150782;2015-03-25;PROV1441;2015-02-12;2015-03-28;41 days;Proveedor 349;ES;EUR;Spanish;10 days;False
FFCC150784;2015-03-31;PROV1129;2015-03-03;2015-04-03;28 days;Proveedor 207;ES;EUR;Spanish;10 days;False
FFCC150787;2015-03-12;PROV1397;2015-02-26;2015-03-15;14 days;Proveedor 321;PE;USD;Extracommunity;45 days;True
FFCC150794;2015-03-23;PROV40000735;2015-03-17;2015-03-26;6 days;Proveedor 19;ES;EUR;Spanish;10 days;True
FFCC150798;2015-03-18;PROV40001825;2015-02-14;2015-03-21;32 days;Proveedor 29;ES;EUR;Spanish;10 days;False
FFCC150800;2015-03-23;PROV40002330;2015-02-28;2015-03-26;23 days;Proveedor 37;ES;EUR;Spanish;10 days;False
FFCC150802;2015-03-30;PROV40002330;2015-02-25;2015-04-02;33 days;Proveedor 37;ES;EUR;Spanish;10 days;False
FFCC150803;2015-03-31;PROV1650;2015-02-21;2015-04-03;38 days;Proveedor 539;ES;EUR;Spanish;10 days;False
FFCC150804;2015-03-10;PROV1815;2015-02-09;2015-03-13;29 days;Proveedor 660;ES;EUR;Spanish;10 days;False
FFCC150845;2015-03-31;PROV41000980;2015-02-14;2015-04-03;45 days;Proveedor 110;ES;EUR;Spanish;10 days;False
FFCC150846;2015-03-31;PROV1443;2015-03-03;2015-04-03;28 days;Proveedor 351;ES;EUR;Spanish;10 days;False
FFCC150855;2015-03-27;PROV40000520;2015-02-10;2015-03-30;45 days;Proveedor 17;ES;EUR;Spanish;10 days;False
FFCC150861;2015-03-01;PROV1585;2015-01-13;2015-03-04;47 days;Proveedor 479;CH;USD;Extracommunity;45 days;False
FFCC150863;2015-03-25;PROV41001142;2015-02-28;2015-03-28;25 days;Proveedor 123;ES;EUR;Spanish;10 days;False
FFCC150864;2015-03-30;PROV41001401;2015-03-26;2015-04-02;4 days;Proveedor 139;ES;EUR;Spanish;10 days;True
FFCC150866;2015-03-10;PROV1485;2015-01-27;2015-03-13;42 days;Proveedor 386;IE;EUR;Intracommunity;20 days;False
FFCC150867;2015-03-11;PROV1485;2015-02-09;2015-03-14;30 days;Proveedor 386;IE;EUR;Intracommunity;20 days;False
FFCC150870;2015-03-01;PROV1585;2015-01-26;2015-03-04;34 days;Proveedor 479;CH;USD;Extracommunity;45 days;True
FFCC150871;2015-03-25;PROV1485;2015-03-19;2015-03-28;6 days;Proveedor 386;IE;EUR;Intracommunity;20 days;True
FFCC150874;2015-03-13;PROV40000520;2015-02-11;2015-03-16;30 days;Proveedor 17;ES;EUR;Spanish;10 days;False
FFCC150881;2015-03-17;PROV1003;2015-02-21;2015-03-20;24 days;Proveedor 165;CN;USD;Extracommunity;45 days;True
FFCC150882;2015-03-30;PROV1003;2015-02-10;2015-04-02;48 days;Proveedor 165;CN;USD;Extracommunity;45 days;False
FFCC150884;2015-03-20;PROV40000520;2015-02-22;2015-03-23;26 days;Proveedor 17;ES;EUR;Spanish;10 days;False
FFCC150885;2015-03-31;PROV1649;2015-02-19;2015-04-03;40 days;Proveedor 538;ES;EUR;Spanish;10 days;False
FFCC150887;2015-03-31;PROV40002065;2015-02-13;2015-04-03;46 days;Proveedor 30;ES;EUR;Spanish;10 days;False
FFCC150888;2015-03-01;PROV1458;2015-02-08;2015-03-04;21 days;Proveedor 364;CH;USD;Extracommunity;45 days;True
FFCC150895;2015-03-25;PROV41001800;2015-02-27;2015-03-28;26 days;Proveedor 164;ES;EUR;Spanish;10 days;False
FFCC150898;2015-03-11;PROV40002220;2015-02-24;2015-03-14;15 days;Proveedor 36;ES;EUR;Spanish;10 days;False
FFCC150921;2015-04-14;PROV1800;2015-03-01;2015-04-17;44 days;Proveedor 646;ES;EUR;Spanish;10 days;False
FFCC150933;2015-04-10;PROV40000520;2015-04-03;2015-04-13;7 days;Proveedor 17;ES;EUR;Spanish;10 days;True
FFCC150934;2015-04-13;PROV40000500;2015-03-25;2015-04-16;19 days;Proveedor 16;ES;EUR;Spanish;10 days;False
FFCC150937;2015-04-09;PROV1441;2015-02-26;2015-04-12;42 days;Proveedor 349;ES;EUR;Spanish;10 days;False
FFCC150938;2015-04-01;PROV40000520;2015-02-28;2015-04-04;32 days;Proveedor 17;ES;EUR;Spanish;10 days;False
FFCC150944;2015-04-08;PROV41001401;2015-03-13;2015-04-11;26 days;Proveedor 139;ES;EUR;Spanish;10 days;False
FFCC150945;2015-04-08;PROV1756;2015-03-11;2015-04-11;28 days;Proveedor 603;IN;USD;Extracommunity;45 days;True
FFCC150956;2015-04-02;PROV1014;2015-03-03;2015-04-05;30 days;Proveedor 171;ES;EUR;Spanish;10 days;False
FFCC150957;2015-04-09;PROV1014;2015-03-06;2015-04-12;34 days;Proveedor 171;ES;EUR;Spanish;10 days;False
FFCC150968;2015-04-01;PROV1647;2015-02-20;2015-04-04;40 days;Proveedor 536;ES;EUR;Spanish;10 days;False
FFCC150969;2015-04-08;PROV40001000;2015-02-23;2015-04-11;44 days;Proveedor 24;FR;EUR;Intracommunity;20 days;False
FFCC150970;2015-04-07;PROV1509;2015-03-15;2015-04-10;23 days;Proveedor 408;CN;USD;Extracommunity;45 days;True
FFCC150971;2015-04-01;PROV40002065;2015-03-19;2015-04-04;13 days;Proveedor 30;ES;EUR;Spanish;10 days;False
FFCC150972;2015-04-15;PROV40001470;2015-03-23;2015-04-18;23 days;Proveedor 26;ES;EUR;Spanish;10 days;False
FFCC150973;2015-04-01;PROV1597;2015-02-18;2015-04-04;42 days;Proveedor 491;CH;USD;Extracommunity;45 days;True
FFCC150976;2015-04-09;PROV1597;2015-03-11;2015-04-12;29 days;Proveedor 491;CH;USD;Extracommunity;45 days;True
FFCC150979;2015-04-10;PROV1061;2015-03-21;2015-04-13;20 days;Proveedor 182;IN;USD;Extracommunity;45 days;True
FFCC150981;2015-04-08;PROV1734;2015-03-06;2015-04-11;33 days;Proveedor 593;ES;EUR;Spanish;10 days;False
FFCC150982;2015-04-11;PROV1734;2015-03-20;2015-04-14;22 days;Proveedor 593;ES;EUR;Spanish;10 days;False
FFCC150986;2015-04-18;PROV40000850;2015-03-11;2015-04-21;38 days;Proveedor 21;ES;EUR;Spanish;10 days;False
FFCC150989;2015-04-11;PROV40000850;2015-03-10;2015-04-14;32 days;Proveedor 21;ES;EUR;Spanish;10 days;False
FFCC150990;2015-04-01;PROV40000187;2015-02-13;2015-04-04;47 days;Proveedor 13;ES;EUR;Spanish;10 days;False
FFCC150991;2015-04-15;PROV40001470;2015-03-18;2015-04-18;28 days;Proveedor 26;ES;EUR;Spanish;10 days;False
FFCC150992;2015-04-15;PROV1323;2015-03-05;2015-04-18;41 days;Proveedor 281;ES;EUR;Spanish;10 days;False
FFCC150994;2015-04-01;PROV1441;2015-02-18;2015-04-04;42 days;Proveedor 349;ES;EUR;Spanish;10 days;False
FFCC150996;2015-04-21;PROV1003;2015-02-24;2015-04-24;56 days;Proveedor 165;CN;USD;Extracommunity;45 days;False
FFCC150997;2015-04-08;PROV41001401;2015-03-23;2015-04-11;16 days;Proveedor 139;ES;EUR;Spanish;10 days;False
FFCC150998;2015-04-03;PROV40000520;2015-03-12;2015-04-06;22 days;Proveedor 17;ES;EUR;Spanish;10 days;False
FFCC151002;2015-04-10;PROV1014;2015-03-08;2015-04-13;33 days;Proveedor 171;ES;EUR;Spanish;10 days;False
FFCC151003;2015-04-01;PROV40002220;2015-03-04;2015-04-04;28 days;Proveedor 36;ES;EUR;Spanish;10 days;False
FFCC151004;2015-04-10;PROV1465;2015-03-02;2015-04-13;39 days;Proveedor 368;ES;EUR;Spanish;10 days;False
FFCC151009;2015-04-17;PROV40000520;2015-03-22;2015-04-20;26 days;Proveedor 17;ES;EUR;Spanish;10 days;False
FFCC151010;2015-04-17;PROV1484;2015-03-19;2015-04-20;29 days;Proveedor 385;ES;EUR;Spanish;10 days;False
FFCC151012;2015-04-14;PROV1014;2015-02-21;2015-04-17;52 days;Proveedor 171;ES;EUR;Spanish;10 days;False
FFCC151024;2015-04-09;PROV40001000;2015-03-21;2015-04-12;19 days;Proveedor 24;FR;EUR;Intracommunity;20 days;True
FFCC151025;2015-04-10;PROV1428;2015-03-04;2015-04-13;37 days;Proveedor 341;CH;USD;Extracommunity;45 days;True
FFCC151030;2015-04-13;PROV40002330;2015-02-16;2015-04-16;56 days;Proveedor 37;ES;EUR;Spanish;10 days;False
FFCC151035;2015-04-21;PROV41001401;2015-03-26;2015-04-24;26 days;Proveedor 139;ES;EUR;Spanish;10 days;False
FFCC151047;2015-04-22;PROV1734;2015-04-02;2015-04-25;20 days;Proveedor 593;ES;EUR;Spanish;10 days;False
FFCC151049;2015-04-20;PROV40002330;2015-03-01;2015-04-23;50 days;Proveedor 37;ES;EUR;Spanish;10 days;False
FFCC151051;2015-04-09;PROV1397;2015-03-28;2015-04-12;12 days;Proveedor 321;PE;USD;Extracommunity;45 days;True
FFCC151052;2015-04-22;PROV1818;2015-03-19;2015-04-25;34 days;Proveedor 663;ES;EUR;Spanish;10 days;False
FFCC151053;2015-04-01;PROV1485;2015-02-25;2015-04-04;35 days;Proveedor 386;IE;EUR;Intracommunity;20 days;False
FFCC151062;2015-04-01;PROV1485;2015-03-10;2015-04-04;22 days;Proveedor 386;IE;EUR;Intracommunity;20 days;False
FFCC151064;2015-04-21;PROV40001825;2015-04-13;2015-04-24;8 days;Proveedor 29;ES;EUR;Spanish;10 days;True
FFCC151065;2015-04-08;PROV1820;2015-03-06;2015-04-11;33 days;Proveedor 665;ES;EUR;Spanish;10 days;False
FFCC151070;2015-04-20;PROV40000500;2015-03-18;2015-04-23;33 days;Proveedor 16;ES;EUR;Spanish;10 days;False
FFCC151073;2015-04-29;PROV1003;2015-04-21;2015-05-02;8 days;Proveedor 165;CN;USD;Extracommunity;45 days;True
FFCC151074;2015-04-10;PROV1485;2015-03-21;2015-04-13;20 days;Proveedor 386;IE;EUR;Intracommunity;20 days;True
FFCC151085;2015-04-25;PROV40002720;2015-03-16;2015-04-28;40 days;Proveedor 38;ES;EUR;Spanish;10 days;False
FFCC151092;2015-04-22;PROV1485;2015-04-01;2015-04-25;21 days;Proveedor 386;IE;EUR;Intracommunity;20 days;False
FFCC151093;2015-04-30;PROV40002220;2015-03-28;2015-05-03;33 days;Proveedor 36;ES;EUR;Spanish;10 days;False
FFCC151099;2015-04-27;PROV40000235;2015-04-14;2015-04-30;13 days;Proveedor 15;ES;EUR;Spanish;10 days;False
FFCC151100;2015-04-23;PROV1441;2015-04-06;2015-04-26;17 days;Proveedor 349;ES;EUR;Spanish;10 days;False
FFCC151102;2015-04-27;PROV1756;2015-04-02;2015-04-30;25 days;Proveedor 603;IN;USD;Extracommunity;45 days;True
FFCC151103;2015-04-27;PROV40000500;2015-04-02;2015-04-30;25 days;Proveedor 16;ES;EUR;Spanish;10 days;False
FFCC151104;2015-04-24;PROV40000520;2015-03-30;2015-04-27;25 days;Proveedor 17;ES;EUR;Spanish;10 days;False
FFCC151105;2015-04-30;PROV1558;2015-03-16;2015-05-03;45 days;Proveedor 453;ES;EUR;Spanish;10 days;False
FFCC151107;2015-04-23;PROV1397;2015-03-18;2015-04-26;36 days;Proveedor 321;PE;USD;Extracommunity;45 days;True
FFCC151108;2015-04-22;PROV1647;2015-03-06;2015-04-25;47 days;Proveedor 536;ES;EUR;Spanish;10 days;False
FFCC151109;2015-04-22;PROV1502;2015-03-31;2015-04-25;22 days;Proveedor 401;ES;EUR;Spanish;10 days;False
FFCC151117;2015-04-29;PROV1649;2015-04-28;2015-05-02;1 days;Proveedor 538;ES;EUR;Spanish;10 days;True
FFCC151118;2015-04-27;PROV1649;2015-03-31;2015-04-30;27 days;Proveedor 538;ES;EUR;Spanish;10 days;False
FFCC151120;2015-04-20;PROV1014;2015-03-30;2015-04-23;21 days;Proveedor 171;ES;EUR;Spanish;10 days;False
FFCC151129;2015-04-24;PROV1061;2015-03-23;2015-04-27;32 days;Proveedor 182;IN;USD;Extracommunity;45 days;True
FFCC151130;2015-05-21;PROV1597;2015-03-31;2015-05-24;51 days;Proveedor 491;CH;USD;Extracommunity;45 days;False
FFCC151131;2015-04-30;PROV1649;2015-03-22;2015-05-03;39 days;Proveedor 538;ES;EUR;Spanish;10 days;False
FFCC151133;2015-04-25;PROV40000187;2015-03-15;2015-04-28;41 days;Proveedor 13;ES;EUR;Spanish;10 days;False
FFCC151134;2015-04-25;PROV40000187;2015-03-30;2015-04-28;26 days;Proveedor 13;ES;EUR;Spanish;10 days;False
FFCC151135;2015-04-10;PROV40000187;2015-02-20;2015-04-13;49 days;Proveedor 13;ES;EUR;Spanish;10 days;False
FFCC151143;2015-04-30;PROV1465;2015-04-03;2015-05-03;27 days;Proveedor 368;ES;EUR;Spanish;10 days;False
FFCC151149;2015-05-01;PROV40002065;2015-03-15;2015-05-04;47 days;Proveedor 30;ES;EUR;Spanish;10 days;False
FFCC151169;2015-04-30;PROV1156;2015-04-07;2015-05-03;23 days;Proveedor 215;ES;EUR;Spanish;10 days;False
FFCC151172;2015-04-30;PROV41000980;2015-04-20;2015-05-03;10 days;Proveedor 110;ES;EUR;Spanish;10 days;True
FFCC151173;2015-04-30;PROV40000520;2015-04-01;2015-05-03;29 days;Proveedor 17;ES;EUR;Spanish;10 days;False
FFCC151182;2015-04-21;PROV40000520;2015-03-25;2015-04-24;27 days;Proveedor 17;ES;EUR;Spanish;10 days;False
FFCC151187;2015-04-27;PROV1752;2015-03-18;2015-04-30;40 days;Proveedor 600;ES;EUR;Spanish;10 days;False
FFCC151194;2015-04-22;PROV41001800;2015-03-20;2015-04-25;33 days;Proveedor 164;ES;EUR;Spanish;10 days;False
FFCC151214;2015-05-04;PROV40002065;2015-04-27;2015-05-07;7 days;Proveedor 30;ES;EUR;Spanish;10 days;True
FFCC151218;2015-05-01;PROV1597;2015-03-26;2015-05-04;36 days;Proveedor 491;CH;USD;Extracommunity;45 days;True
FFCC151221;2015-05-05;PROV1597;2015-03-24;2015-05-08;42 days;Proveedor 491;CH;USD;Extracommunity;45 days;True
FFCC151223;2015-05-01;PROV1428;2015-04-08;2015-05-04;23 days;Proveedor 341;CH;USD;Extracommunity;45 days;True
FFCC151226;2015-05-01;PROV40000500;2015-03-22;2015-05-04;40 days;Proveedor 16;ES;EUR;Spanish;10 days;False
FFCC151227;2015-05-01;PROV1061;2015-04-07;2015-05-04;24 days;Proveedor 182;IN;USD;Extracommunity;45 days;True
FFCC151228;2015-05-01;PROV1014;2015-04-05;2015-05-04;26 days;Proveedor 171;ES;EUR;Spanish;10 days;False
FFCC151229;2015-05-01;PROV1014;2015-03-29;2015-05-04;33 days;Proveedor 171;ES;EUR;Spanish;10 days;False
FFCC151230;2015-05-04;PROV1014;2015-04-25;2015-05-07;9 days;Proveedor 171;ES;EUR;Spanish;10 days;True
FFCC151231;2015-05-18;PROV1061;2015-04-06;2015-05-21;42 days;Proveedor 182;IN;USD;Extracommunity;45 days;True
FFCC151232;2015-05-06;PROV1484;2015-04-10;2015-05-09;26 days;Proveedor 385;ES;EUR;Spanish;10 days;False
FFCC151233;2015-05-08;PROV40000850;2015-04-23;2015-05-11;15 days;Proveedor 21;ES;EUR;Spanish;10 days;False
FFCC151234;2015-05-07;PROV1756;2015-03-26;2015-05-10;42 days;Proveedor 603;IN;USD;Extracommunity;45 days;True
FFCC151235;2015-05-08;PROV40000235;2015-04-26;2015-05-11;12 days;Proveedor 15;ES;EUR;Spanish;10 days;False
FFCC151236;2015-05-01;PROV1441;2015-04-10;2015-05-04;21 days;Proveedor 349;ES;EUR;Spanish;10 days;False
FFCC151237;2015-05-01;PROV40002220;2015-04-04;2015-05-04;27 days;Proveedor 36;ES;EUR;Spanish;10 days;False
FFCC151238;2015-05-07;PROV1650;2015-03-26;2015-05-10;42 days;Proveedor 539;ES;EUR;Spanish;10 days;False
FFCC151274;2015-05-05;PROV41001401;2015-03-15;2015-05-08;51 days;Proveedor 139;ES;EUR;Spanish;10 days;False
FFCC151275;2015-05-06;PROV41001401;2015-04-21;2015-05-09;15 days;Proveedor 139;ES;EUR;Spanish;10 days;False
FFCC151278;2015-05-08;PROV1061;2015-04-09;2015-05-11;29 days;Proveedor 182;IN;USD;Extracommunity;45 days;True
FFCC151281;2015-05-13;PROV1003;2015-04-28;2015-05-16;15 days;Proveedor 165;CN;USD;Extracommunity;45 days;True
FFCC151285;2015-05-11;PROV1509;2015-05-01;2015-05-14;10 days;Proveedor 408;CN;USD;Extracommunity;45 days;True
FFCC151291;2015-05-15;PROV1170;2015-05-03;2015-05-18;12 days;Proveedor 221;ES;EUR;Spanish;10 days;False
FFCC151292;2015-05-07;PROV1014;2015-04-12;2015-05-10;25 days;Proveedor 171;ES;EUR;Spanish;10 days;False
FFCC151293;2015-05-01;PROV1485;2015-04-03;2015-05-04;28 days;Proveedor 386;IE;EUR;Intracommunity;20 days;False
FFCC151296;2015-05-15;PROV40001470;2015-04-02;2015-05-18;43 days;Proveedor 26;ES;EUR;Spanish;10 days;False
FFCC151298;2015-05-09;PROV1734;2015-03-23;2015-05-12;47 days;Proveedor 593;ES;EUR;Spanish;10 days;False
FFCC151299;2015-05-11;PROV1397;2015-04-23;2015-05-14;18 days;Proveedor 321;PE;USD;Extracommunity;45 days;True
FFCC151300;2015-05-07;PROV1585;2015-03-13;2015-05-10;55 days;Proveedor 479;CH;USD;Extracommunity;45 days;False
FFCC151305;2015-05-08;PROV40000520;2015-04-17;2015-05-11;21 days;Proveedor 17;ES;EUR;Spanish;10 days;False
FFCC151317;2015-05-18;PROV1594;2015-04-09;2015-05-21;39 days;Proveedor 488;ES;EUR;Spanish;10 days;False
FFCC151318;2015-05-15;PROV1129;2015-03-22;2015-05-18;54 days;Proveedor 207;ES;EUR;Spanish;10 days;False
FFCC151320;2015-05-20;PROV1835;2015-04-11;2015-05-23;39 days;Proveedor 678;ES;EUR;Spanish;10 days;False
FFCC151326;2015-05-19;PROV41001401;2015-04-25;2015-05-22;24 days;Proveedor 139;ES;EUR;Spanish;10 days;False
FFCC151346;2015-05-14;PROV1027;2015-04-07;2015-05-17;37 days;Proveedor 178;ES;EUR;Spanish;10 days;False
FFCC151347;2015-05-16;PROV40000850;2015-04-04;2015-05-19;42 days;Proveedor 21;ES;EUR;Spanish;10 days;False
FFCC151349;2015-05-14;PROV40001000;2015-03-26;2015-05-17;49 days;Proveedor 24;FR;EUR;Intracommunity;20 days;False
FFCC151366;2015-05-20;PROV1398;2015-05-09;2015-05-23;11 days;Proveedor 322;CH;USD;Extracommunity;45 days;True
FFCC151369;2015-05-01;PROV1475;2015-04-22;2015-05-04;9 days;Proveedor 376;CH;USD;Extracommunity;45 days;True
FFCC151373;2015-05-15;PROV1014;2015-04-27;2015-05-18;18 days;Proveedor 171;ES;EUR;Spanish;10 days;False
FFCC151374;2015-05-25;PROV40002720;2015-04-17;2015-05-28;38 days;Proveedor 38;ES;EUR;Spanish;10 days;False
FFCC151377;2015-05-25;PROV40000500;2015-03-31;2015-05-28;55 days;Proveedor 16;ES;EUR;Spanish;10 days;False
FFCC151378;2015-05-11;PROV40002330;2015-05-09;2015-05-14;2 days;Proveedor 37;ES;EUR;Spanish;10 days;True
FFCC151406;2015-05-22;PROV41001142;2015-04-23;2015-05-25;29 days;Proveedor 123;ES;EUR;Spanish;10 days;False
FFCC151407;2015-05-20;PROV1441;2015-05-13;2015-05-23;7 days;Proveedor 349;ES;EUR;Spanish;10 days;True
FFCC151408;2015-05-22;PROV1061;2015-03-25;2015-05-25;58 days;Proveedor 182;IN;USD;Extracommunity;45 days;False
FFCC151409;2015-05-22;PROV40000520;2015-05-14;2015-05-25;8 days;Proveedor 17;ES;EUR;Spanish;10 days;True
FFCC151411;2015-05-15;PROV1428;2015-05-07;2015-05-18;8 days;Proveedor 341;CH;USD;Extracommunity;45 days;True
FFCC151414;2015-05-01;PROV1485;2015-04-23;2015-05-04;8 days;Proveedor 386;IE;EUR;Intracommunity;20 days;True
FFCC151416;2015-05-29;PROV40002220;2015-04-13;2015-06-01;46 days;Proveedor 36;ES;EUR;Spanish;10 days;False
FFCC151418;2015-05-30;PROV1558;2015-05-13;2015-06-02;17 days;Proveedor 453;ES;EUR;Spanish;10 days;False
FFCC151419;2015-05-01;PROV1585;2015-04-01;2015-05-04;30 days;Proveedor 479;CH;USD;Extracommunity;45 days;True
FFCC151422;2015-05-10;PROV40000187;2015-04-02;2015-05-13;38 days;Proveedor 13;ES;EUR;Spanish;10 days;False
FFCC151441;2015-05-20;PROV40000187;2015-05-03;2015-05-23;17 days;Proveedor 13;ES;EUR;Spanish;10 days;False
FFCC151444;2015-05-31;PROV1323;2015-04-30;2015-06-03;31 days;Proveedor 281;ES;EUR;Spanish;10 days;False
FFCC151451;2015-05-31;PROV41000980;2015-05-30;2015-06-03;1 days;Proveedor 110;ES;EUR;Spanish;10 days;True
FFCC151453;2015-05-31;PROV40002065;2015-05-04;2015-06-03;27 days;Proveedor 30;ES;EUR;Spanish;10 days;False
FFCC151454;2015-05-21;PROV1014;2015-04-26;2015-05-24;25 days;Proveedor 171;ES;EUR;Spanish;10 days;False
FFCC151455;2015-05-22;PROV1014;2015-03-28;2015-05-25;55 days;Proveedor 171;ES;EUR;Spanish;10 days;False
FFCC151483;2015-05-31;PROV1465;2015-04-18;2015-06-03;43 days;Proveedor 368;ES;EUR;Spanish;10 days;False
FFCC151506;2015-05-30;PROV40000520;2015-04-23;2015-06-02;37 days;Proveedor 17;ES;EUR;Spanish;10 days;False
FFCC151507;2015-05-10;PROV1485;2015-03-26;2015-05-13;45 days;Proveedor 386;IE;EUR;Intracommunity;20 days;False
FFCC151508;2015-05-12;PROV1585;2015-04-17;2015-05-15;25 days;Proveedor 479;CH;USD;Extracommunity;45 days;True
FFCC151510;2015-05-20;PROV1597;2015-04-20;2015-05-23;30 days;Proveedor 491;CH;USD;Extracommunity;45 days;True
FFCC151514;2015-05-01;PROV1216;2015-04-06;2015-05-04;25 days;Proveedor 239;ES;EUR;Spanish;10 days;False
FFCC151515;2015-05-15;PROV1649;2015-04-02;2015-05-18;43 days;Proveedor 538;ES;EUR;Spanish;10 days;False
FFCC151518;2015-05-01;PROV1428;2015-03-31;2015-05-04;31 days;Proveedor 341;CH;USD;Extracommunity;45 days;True
FFCC151520;2015-05-08;PROV1428;2015-04-19;2015-05-11;19 days;Proveedor 341;CH;USD;Extracommunity;45 days;True
FFCC151560;2015-06-01;PROV1551;2015-05-22;2015-06-04;10 days;Proveedor 447;CH;USD;Extracommunity;45 days;True
FFCC151563;2015-06-01;PROV1428;2015-04-28;2015-06-04;34 days;Proveedor 341;CH;USD;Extracommunity;45 days;True
FFCC151566;2015-06-01;PROV1597;2015-04-25;2015-06-04;37 days;Proveedor 491;CH;USD;Extracommunity;45 days;True
FFCC151578;2015-06-10;PROV1443;2015-05-07;2015-06-13;34 days;Proveedor 351;ES;EUR;Spanish;10 days;False
FFCC151581;2015-06-05;PROV40000520;2015-05-13;2015-06-08;23 days;Proveedor 17;ES;EUR;Spanish;10 days;False
FFCC151582;2015-06-04;PROV1756;2015-05-02;2015-06-07;33 days;Proveedor 603;IN;USD;Extracommunity;45 days;True
FFCC151583;2015-06-10;PROV1003;2015-05-23;2015-06-13;18 days;Proveedor 165;CN;USD;Extracommunity;45 days;True
FFCC151584;2015-06-08;PROV1003;2015-04-30;2015-06-11;39 days;Proveedor 165;CN;USD;Extracommunity;45 days;True
FFCC151585;2015-06-01;PROV1061;2015-05-14;2015-06-04;18 days;Proveedor 182;IN;USD;Extracommunity;45 days;True
FFCC151590;2015-06-13;PROV40000850;2015-05-23;2015-06-16;21 days;Proveedor 21;ES;EUR;Spanish;10 days;False
FFCC151596;2015-06-01;PROV1014;2015-04-27;2015-06-04;35 days;Proveedor 171;ES;EUR;Spanish;10 days;False
FFCC151597;2015-06-02;PROV1014;2015-05-21;2015-06-05;12 days;Proveedor 171;ES;EUR;Spanish;10 days;False
FFCC151598;2015-06-03;PROV1014;2015-05-11;2015-06-06;23 days;Proveedor 171;ES;EUR;Spanish;10 days;False
FFCC151601;2015-06-08;PROV1014;2015-05-02;2015-06-11;37 days;Proveedor 171;ES;EUR;Spanish;10 days;False
FFCC151605;2015-06-09;PROV1014;2015-05-02;2015-06-12;38 days;Proveedor 171;ES;EUR;Spanish;10 days;False
FFCC151607;2015-06-08;PROV40001000;2015-05-06;2015-06-11;33 days;Proveedor 24;FR;EUR;Intracommunity;20 days;False
FFCC151611;2015-06-02;PROV1649;2015-06-01;2015-06-05;1 days;Proveedor 538;ES;EUR;Spanish;10 days;True
FFCC151614;2015-06-01;PROV1441;2015-05-24;2015-06-04;8 days;Proveedor 349;ES;EUR;Spanish;10 days;True
FFCC151618;2015-06-11;PROV41001401;2015-05-14;2015-06-14;28 days;Proveedor 139;ES;EUR;Spanish;10 days;False
FFCC151620;2015-06-02;PROV1650;2015-04-27;2015-06-05;36 days;Proveedor 539;ES;EUR;Spanish;10 days;False
FFCC151621;2015-06-01;PROV1597;2015-04-17;2015-06-04;45 days;Proveedor 491;CH;USD;Extracommunity;45 days;True
FFCC151624;2015-06-01;PROV1475;2015-05-14;2015-06-04;18 days;Proveedor 376;CH;USD;Extracommunity;45 days;True
FFCC151630;2015-06-15;PROV1129;2015-05-02;2015-06-18;44 days;Proveedor 207;ES;EUR;Spanish;10 days;False
FFCC151638;2015-06-04;PROV1734;2015-04-17;2015-06-07;48 days;Proveedor 593;ES;EUR;Spanish;10 days;False
FFCC151639;2015-06-01;PROV1647;2015-05-13;2015-06-04;19 days;Proveedor 536;ES;EUR;Spanish;10 days;False
FFCC151640;2015-06-01;PROV40000187;2015-04-24;2015-06-04;38 days;Proveedor 13;ES;EUR;Spanish;10 days;False
FFCC151641;2015-06-01;PROV1485;2015-05-21;2015-06-04;11 days;Proveedor 386;IE;EUR;Intracommunity;20 days;True
FFCC151643;2015-06-12;PROV1734;2015-05-15;2015-06-15;28 days;Proveedor 593;ES;EUR;Spanish;10 days;False
FFCC151645;2015-06-12;PROV40000520;2015-05-10;2015-06-15;33 days;Proveedor 17;ES;EUR;Spanish;10 days;False
FFCC151649;2015-06-15;PROV40000500;2015-05-14;2015-06-18;32 days;Proveedor 16;ES;EUR;Spanish;10 days;False
FFCC151650;2015-06-01;PROV40002720;2015-04-29;2015-06-04;33 days;Proveedor 38;ES;EUR;Spanish;10 days;False
FFCC151670;2015-06-15;PROV40001470;2015-05-17;2015-06-18;29 days;Proveedor 26;ES;EUR;Spanish;10 days;False
FFCC151671;2015-06-01;PROV40002330;2015-05-20;2015-06-04;12 days;Proveedor 37;ES;EUR;Spanish;10 days;False
FFCC151672;2015-06-05;PROV1014;2015-05-19;2015-06-08;17 days;Proveedor 171;ES;EUR;Spanish;10 days;False
FFCC151677;2015-06-08;PROV1216;2015-06-04;2015-06-11;4 days;Proveedor 239;ES;EUR;Spanish;10 days;True
FFCC151678;2015-06-08;PROV1650;2015-04-23;2015-06-11;46 days;Proveedor 539;ES;EUR;Spanish;10 days;False
FFCC151686;2015-06-11;PROV40001000;2015-06-04;2015-06-14;7 days;Proveedor 24;FR;EUR;Intracommunity;20 days;True
FFCC151690;2015-06-06;PROV1597;2015-05-03;2015-06-09;34 days;Proveedor 491;CH;USD;Extracommunity;45 days;True
FFCC151694;2015-06-08;PROV40001825;2015-05-01;2015-06-11;38 days;Proveedor 29;ES;EUR;Spanish;10 days;False
FFCC151698;2015-06-10;PROV1485;2015-04-25;2015-06-13;46 days;Proveedor 386;IE;EUR;Intracommunity;20 days;False
FFCC151706;2015-06-22;PROV1848;2015-05-30;2015-06-25;23 days;Proveedor 688;ES;EUR;Spanish;10 days;False
FFCC151707;2015-06-23;PROV1847;2015-05-23;2015-06-26;31 days;Proveedor 687;ES;EUR;Spanish;10 days;False
FFCC151708;2015-06-01;PROV1398;2015-04-12;2015-06-04;50 days;Proveedor 322;CH;USD;Extracommunity;45 days;False
FFCC151714;2015-06-16;PROV1061;2015-05-07;2015-06-19;40 days;Proveedor 182;IN;USD;Extracommunity;45 days;True
FFCC151715;2015-06-22;PROV40000500;2015-05-01;2015-06-25;52 days;Proveedor 16;ES;EUR;Spanish;10 days;False
FFCC151716;2015-06-16;PROV1014;2015-05-28;2015-06-19;19 days;Proveedor 171;ES;EUR;Spanish;10 days;False
FFCC151722;2015-06-01;PROV1597;2015-04-17;2015-06-04;45 days;Proveedor 491;CH;USD;Extracommunity;45 days;True
FFCC151728;2015-06-17;PROV1441;2015-06-05;2015-06-20;12 days;Proveedor 349;ES;EUR;Spanish;10 days;False
FFCC151729;2015-06-12;PROV1397;2015-05-28;2015-06-15;15 days;Proveedor 321;PE;USD;Extracommunity;45 days;True
FFCC151731;2015-06-11;PROV1485;2015-05-30;2015-06-14;12 days;Proveedor 386;IE;EUR;Intracommunity;20 days;True
FFCC151734;2015-06-11;PROV1597;2015-04-26;2015-06-14;46 days;Proveedor 491;CH;USD;Extracommunity;45 days;False
FFCC151737;2015-06-01;PROV1475;2015-05-16;2015-06-04;16 days;Proveedor 376;CH;USD;Extracommunity;45 days;True
FFCC151740;2015-06-15;PROV40001825;2015-05-29;2015-06-18;17 days;Proveedor 29;ES;EUR;Spanish;10 days;False
FFCC151741;2015-06-16;PROV1572;2015-06-08;2015-06-19;8 days;Proveedor 467;SG;USD;Extracommunity;45 days;True
FFCC151745;2015-06-25;PROV1851;2015-05-30;2015-06-28;26 days;Proveedor 690;ES;EUR;Spanish;10 days;False
FFCC151753;2015-06-08;PROV1014;2015-05-16;2015-06-11;23 days;Proveedor 171;ES;EUR;Spanish;10 days;False
FFCC151759;2015-06-25;PROV40002720;2015-06-14;2015-06-28;11 days;Proveedor 38;ES;EUR;Spanish;10 days;False
FFCC151760;2015-06-19;PROV40000520;2015-05-26;2015-06-22;24 days;Proveedor 17;ES;EUR;Spanish;10 days;False
FFCC151761;2015-06-08;PROV40002330;2015-05-05;2015-06-11;34 days;Proveedor 37;ES;EUR;Spanish;10 days;False
FFCC151762;2015-06-10;PROV40002330;2015-04-30;2015-06-13;41 days;Proveedor 37;ES;EUR;Spanish;10 days;False
FFCC151766;2015-06-26;PROV1847;2015-05-24;2015-06-29;33 days;Proveedor 687;ES;EUR;Spanish;10 days;False
FFCC151775;2015-06-30;PROV41000895;2015-05-20;2015-07-03;41 days;Proveedor 105;ES;EUR;Spanish;10 days;False
FFCC151782;2015-06-30;PROV1428;2015-06-13;2015-07-03;17 days;Proveedor 341;CH;USD;Extracommunity;45 days;True
FFCC151785;2015-06-22;PROV1485;2015-05-18;2015-06-25;35 days;Proveedor 386;IE;EUR;Intracommunity;20 days;False
FFCC151796;2015-06-30;PROV1650;2015-06-09;2015-07-03;21 days;Proveedor 539;ES;EUR;Spanish;10 days;False
FFCC151823;2015-06-30;PROV41000980;2015-06-23;2015-07-03;7 days;Proveedor 110;ES;EUR;Spanish;10 days;True
FFCC151824;2015-06-16;PROV1323;2015-05-02;2015-06-19;45 days;Proveedor 281;ES;EUR;Spanish;10 days;False
FFCC151825;2015-06-26;PROV40000520;2015-06-21;2015-06-29;5 days;Proveedor 17;ES;EUR;Spanish;10 days;True
FFCC151842;2015-06-24;PROV1441;2015-06-04;2015-06-27;20 days;Proveedor 349;ES;EUR;Spanish;10 days;False
FFCC151843;2015-06-30;PROV40000520;2015-06-25;2015-07-03;5 days;Proveedor 17;ES;EUR;Spanish;10 days;True
FFCC151844;2015-06-25;PROV40000187;2015-05-30;2015-06-28;26 days;Proveedor 13;ES;EUR;Spanish;10 days;False
FFCC151845;2015-06-11;PROV40000187;2015-05-01;2015-06-14;41 days;Proveedor 13;ES;EUR;Spanish;10 days;False
FFCC151846;2015-06-30;PROV1558;2015-06-08;2015-07-03;22 days;Proveedor 453;ES;EUR;Spanish;10 days;False
FFCC151847;2015-06-30;PROV1558;2015-05-30;2015-07-03;31 days;Proveedor 453;ES;EUR;Spanish;10 days;False
FFCC151848;2015-06-29;PROV40002330;2015-05-07;2015-07-02;53 days;Proveedor 37;ES;EUR;Spanish;10 days;False
FFCC151849;2015-06-22;PROV40001000;2015-05-07;2015-06-25;46 days;Proveedor 24;FR;EUR;Intracommunity;20 days;False
FFCC151850;2015-06-30;PROV40002220;2015-06-10;2015-07-03;20 days;Proveedor 36;ES;EUR;Spanish;10 days;False
FFCC151851;2015-06-30;PROV40002065;2015-05-25;2015-07-03;36 days;Proveedor 30;ES;EUR;Spanish;10 days;False
FFCC151853;2015-06-05;PROV1649;2015-05-01;2015-06-08;35 days;Proveedor 538;ES;EUR;Spanish;10 days;False
FFCC151854;2015-06-17;PROV1649;2015-05-24;2015-06-20;24 days;Proveedor 538;ES;EUR;Spanish;10 days;False
FFCC151855;2015-06-24;PROV1014;2015-05-26;2015-06-27;29 days;Proveedor 171;ES;EUR;Spanish;10 days;False
FFCC151859;2015-06-26;PROV41001800;2015-06-21;2015-06-29;5 days;Proveedor 164;ES;EUR;Spanish;10 days;True
FFCC151860;2015-06-30;PROV1216;2015-05-15;2015-07-03;46 days;Proveedor 239;ES;EUR;Spanish;10 days;False
FFCC151861;2015-06-30;PROV1216;2015-06-14;2015-07-03;16 days;Proveedor 239;ES;EUR;Spanish;10 days;False
FFCC151915;2015-07-02;PROV1756;2015-05-07;2015-07-05;56 days;Proveedor 603;IN;USD;Extracommunity;45 days;False
FFCC151916;2015-07-03;PROV40000500;2015-06-02;2015-07-06;31 days;Proveedor 16;ES;EUR;Spanish;10 days;False
FFCC151917;2015-07-10;PROV40000500;2015-07-01;2015-07-13;9 days;Proveedor 16;ES;EUR;Spanish;10 days;True
FFCC151918;2015-07-15;PROV1441;2015-06-12;2015-07-18;33 days;Proveedor 349;ES;EUR;Spanish;10 days;False
FFCC151919;2015-07-07;PROV1061;2015-06-17;2015-07-10;20 days;Proveedor 182;IN;USD;Extracommunity;45 days;True
FFCC151920;2015-07-08;PROV1061;2015-05-15;2015-07-11;54 days;Proveedor 182;IN;USD;Extracommunity;45 days;False
FFCC151921;2015-07-11;PROV1428;2015-06-24;2015-07-14;17 days;Proveedor 341;CH;USD;Extracommunity;45 days;True
FFCC151924;2015-07-01;PROV1398;2015-06-05;2015-07-04;26 days;Proveedor 322;CH;USD;Extracommunity;45 days;True
FFCC151927;2015-07-08;PROV1585;2015-06-07;2015-07-11;31 days;Proveedor 479;CH;USD;Extracommunity;45 days;True
FFCC151930;2015-07-17;PROV40000850;2015-06-16;2015-07-20;31 days;Proveedor 21;ES;EUR;Spanish;10 days;False
FFCC151931;2015-07-03;PROV1428;2015-05-22;2015-07-06;42 days;Proveedor 341;CH;USD;Extracommunity;45 days;True
FFCC151940;2015-07-01;PROV1647;2015-05-30;2015-07-04;32 days;Proveedor 536;ES;EUR;Spanish;10 days;False
FFCC151941;2015-07-02;PROV40002220;2015-06-22;2015-07-05;10 days;Proveedor 36;ES;EUR;Spanish;10 days;True
FFCC151942;2015-07-10;PROV1397;2015-06-22;2015-07-13;18 days;Proveedor 321;PE;USD;Extracommunity;45 days;True
FFCC151943;2015-07-03;PROV40001825;2015-06-16;2015-07-06;17 days;Proveedor 29;ES;EUR;Spanish;10 days;False
FFCC151944;2015-07-06;PROV1014;2015-06-01;2015-07-09;35 days;Proveedor 171;ES;EUR;Spanish;10 days;False
FFCC151945;2015-07-01;PROV1014;2015-06-24;2015-07-04;7 days;Proveedor 171;ES;EUR;Spanish;10 days;True
FFCC151948;2015-07-02;PROV40001000;2015-05-13;2015-07-05;50 days;Proveedor 24;FR;EUR;Intracommunity;20 days;False
FFCC151949;2015-07-06;PROV40001000;2015-05-17;2015-07-09;50 days;Proveedor 24;FR;EUR;Intracommunity;20 days;False
FFCC151950;2015-07-03;PROV1649;2015-06-06;2015-07-06;27 days;Proveedor 538;ES;EUR;Spanish;10 days;False
FFCC151951;2015-07-14;PROV1027;2015-06-06;2015-07-17;38 days;Proveedor 178;ES;EUR;Spanish;10 days;False
FFCC151952;2015-07-01;PROV1027;2015-05-31;2015-07-04;31 days;Proveedor 178;ES;EUR;Spanish;10 days;False
FFCC151953;2015-07-10;PROV40000520;2015-06-14;2015-07-13;26 days;Proveedor 17;ES;EUR;Spanish;10 days;False
FFCC151954;2015-07-15;PROV40001470;2015-05-29;2015-07-18;47 days;Proveedor 26;ES;EUR;Spanish;10 days;False
FFCC151955;2015-07-13;PROV1649;2015-05-29;2015-07-16;45 days;Proveedor 538;ES;EUR;Spanish;10 days;False
FFCC151956;2015-07-22;PROV1649;2015-06-02;2015-07-25;50 days;Proveedor 538;ES;EUR;Spanish;10 days;False
FFCC151957;2015-07-08;PROV1003;2015-05-23;2015-07-11;46 days;Proveedor 165;CN;USD;Extracommunity;45 days;False
FFCC151958;2015-07-11;PROV40002330;2015-06-14;2015-07-14;27 days;Proveedor 37;ES;EUR;Spanish;10 days;False
FFCC151959;2015-07-15;PROV1323;2015-07-04;2015-07-18;11 days;Proveedor 281;ES;EUR;Spanish;10 days;False
FFCC151960;2015-07-15;PROV1170;2015-06-06;2015-07-18;39 days;Proveedor 221;ES;EUR;Spanish;10 days;False
FFCC151961;2015-07-01;PROV1845;2015-05-06;2015-07-04;56 days;Proveedor 685;ES;EUR;Spanish;10 days;False
FFCC151962;2015-07-29;PROV1585;2015-06-20;2015-08-01;39 days;Proveedor 479;CH;USD;Extracommunity;45 days;True
FFCC151965;2015-07-20;PROV1465;2015-05-29;2015-07-23;52 days;Proveedor 368;ES;EUR;Spanish;10 days;False
FFCC151966;2015-07-03;PROV1014;2015-06-12;2015-07-06;21 days;Proveedor 171;ES;EUR;Spanish;10 days;False
FFCC152000;2015-07-24;PROV1443;2015-06-13;2015-07-27;41 days;Proveedor 351;ES;EUR;Spanish;10 days;False
FFCC152001;2015-07-23;PROV1650;2015-07-06;2015-07-26;17 days;Proveedor 539;ES;EUR;Spanish;10 days;False
FFCC152004;2015-07-31;PROV41001116;2015-06-16;2015-08-03;45 days;Proveedor 118;ES;EUR;Spanish;10 days;False
FFCC152041;2015-07-27;PROV40000235;2015-07-05;2015-07-30;22 days;Proveedor 15;ES;EUR;Spanish;10 days;False
FFCC152042;2015-07-17;PROV1397;2015-07-09;2015-07-20;8 days;Proveedor 321;PE;USD;Extracommunity;45 days;True
FFCC152043;2015-07-01;PROV1733;2015-06-04;2015-07-04;27 days;Proveedor 592;CH;USD;Extracommunity;45 days;True
FFCC152046;2015-07-14;PROV1485;2015-06-21;2015-07-17;23 days;Proveedor 386;IE;EUR;Intracommunity;20 days;False
FFCC152049;2015-07-31;PROV1475;2015-06-22;2015-08-03;39 days;Proveedor 376;CH;USD;Extracommunity;45 days;True
FFCC152052;2015-07-21;PROV1014;2015-07-01;2015-07-24;20 days;Proveedor 171;ES;EUR;Spanish;10 days;False
FFCC152053;2015-07-31;PROV1558;2015-06-28;2015-08-03;33 days;Proveedor 453;ES;EUR;Spanish;10 days;False
FFCC152054;2015-07-28;PROV1061;2015-06-22;2015-07-31;36 days;Proveedor 182;IN;USD;Extracommunity;45 days;True
FFCC152055;2015-07-23;PROV1756;2015-05-29;2015-07-26;55 days;Proveedor 603;IN;USD;Extracommunity;45 days;False
FFCC152057;2015-07-01;PROV1657;2015-06-01;2015-07-04;30 days;Proveedor 546;SG;USD;Extracommunity;45 days;True
FFCC152058;2015-07-01;PROV1485;2015-05-18;2015-07-04;44 days;Proveedor 386;IE;EUR;Intracommunity;20 days;False
FFCC152062;2015-07-14;PROV1485;2015-06-26;2015-07-17;18 days;Proveedor 386;IE;EUR;Intracommunity;20 days;True
FFCC152068;2015-07-15;PROV40000187;2015-06-24;2015-07-18;21 days;Proveedor 13;ES;EUR;Spanish;10 days;False
FFCC152069;2015-07-24;PROV40000520;2015-06-30;2015-07-27;24 days;Proveedor 17;ES;EUR;Spanish;10 days;False
FFCC152070;2015-07-22;PROV1170;2015-06-12;2015-07-25;40 days;Proveedor 221;ES;EUR;Spanish;10 days;False
FFCC152071;2015-07-04;PROV1734;2015-06-01;2015-07-07;33 days;Proveedor 593;ES;EUR;Spanish;10 days;False
FFCC152072;2015-07-17;PROV40000520;2015-07-04;2015-07-20;13 days;Proveedor 17;ES;EUR;Spanish;10 days;False
FFCC152073;2015-07-03;PROV1597;2015-05-19;2015-07-06;45 days;Proveedor 491;CH;USD;Extracommunity;45 days;True
FFCC152119;2015-07-29;PROV1443;2015-07-20;2015-08-01;9 days;Proveedor 351;ES;EUR;Spanish;10 days;True
FFCC152120;2015-07-23;PROV1597;2015-06-14;2015-07-26;39 days;Proveedor 491;CH;USD;Extracommunity;45 days;True
FFCC152121;2015-07-20;PROV1585;2015-07-12;2015-07-23;8 days;Proveedor 479;CH;USD;Extracommunity;45 days;True
FFCC152123;2015-07-24;PROV1428;2015-06-18;2015-07-27;36 days;Proveedor 341;CH;USD;Extracommunity;45 days;True
FFCC152124;2015-07-23;PROV1485;2015-05-27;2015-07-26;57 days;Proveedor 386;IE;EUR;Intracommunity;20 days;False
FFCC152126;2015-07-30;PROV1129;2015-07-06;2015-08-02;24 days;Proveedor 207;ES;EUR;Spanish;10 days;False
FFCC152129;2015-07-25;PROV1441;2015-06-20;2015-07-28;35 days;Proveedor 349;ES;EUR;Spanish;10 days;False
FFCC152130;2015-07-31;PROV41000980;2015-06-25;2015-08-03;36 days;Proveedor 110;ES;EUR;Spanish;10 days;False
FFCC152133;2015-07-30;PROV1572;2015-06-29;2015-08-02;31 days;Proveedor 467;SG;USD;Extracommunity;45 days;True
FFCC152138;2015-07-03;PROV1397;2015-05-27;2015-07-06;37 days;Proveedor 321;PE;USD;Extracommunity;45 days;True
FFCC152158;2015-07-24;PROV40000500;2015-06-24;2015-07-27;30 days;Proveedor 16;ES;EUR;Spanish;10 days;False
FFCC152163;2015-07-31;PROV40002065;2015-06-21;2015-08-03;40 days;Proveedor 30;ES;EUR;Spanish;10 days;False
FFCC152164;2015-07-29;PROV1484;2015-06-28;2015-08-01;31 days;Proveedor 385;ES;EUR;Spanish;10 days;False
FFCC152165;2015-07-30;PROV40000010;2015-06-27;2015-08-02;33 days;Proveedor 12;ES;EUR;Spanish;10 days;False
FFCC152166;2015-07-31;PROV40000520;2015-07-21;2015-08-03;10 days;Proveedor 17;ES;EUR;Spanish;10 days;True
FFCC152175;2015-07-30;PROV1061;2015-07-04;2015-08-02;26 days;Proveedor 182;IN;USD;Extracommunity;45 days;True
FFCC152216;2015-07-02;PROV40002065;2015-05-27;2015-07-05;36 days;Proveedor 30;ES;EUR;Spanish;10 days;False
FFCC152217;2015-07-03;PROV40002720;2015-05-14;2015-07-06;50 days;Proveedor 38;ES;EUR;Spanish;10 days;False
FFCC152219;2015-07-10;PROV40000187;2015-06-02;2015-07-13;38 days;Proveedor 13;ES;EUR;Spanish;10 days;False
FFCC152220;2015-07-31;PROV1649;2015-06-22;2015-08-03;39 days;Proveedor 538;ES;EUR;Spanish;10 days;False
FFCC152233;2015-08-01;PROV1485;2015-07-14;2015-08-04;18 days;Proveedor 386;IE;EUR;Intracommunity;20 days;True
FFCC152235;2015-08-01;PROV1485;2015-07-11;2015-08-04;21 days;Proveedor 386;IE;EUR;Intracommunity;20 days;False
FFCC152238;2015-08-01;PROV1754;2015-06-24;2015-08-04;38 days;Proveedor 602;CH;USD;Extracommunity;45 days;True
FFCC152241;2015-08-01;PROV1475;2015-07-12;2015-08-04;20 days;Proveedor 376;CH;USD;Extracommunity;45 days;True
FFCC152244;2015-08-01;PROV1597;2015-06-29;2015-08-04;33 days;Proveedor 491;CH;USD;Extracommunity;45 days;True
FFCC152247;2015-08-01;PROV1485;2015-07-03;2015-08-04;29 days;Proveedor 386;IE;EUR;Intracommunity;20 days;False
FFCC152249;2015-08-01;PROV1585;2015-06-28;2015-08-04;34 days;Proveedor 479;CH;USD;Extracommunity;45 days;True
FFCC152252;2015-08-10;PROV1485;2015-07-17;2015-08-13;24 days;Proveedor 386;IE;EUR;Intracommunity;20 days;False
FFCC152255;2015-08-01;PROV1458;2015-07-12;2015-08-04;20 days;Proveedor 364;CH;USD;Extracommunity;45 days;True
FFCC152258;2015-08-01;PROV1397;2015-07-25;2015-08-04;7 days;Proveedor 321;PE;USD;Extracommunity;45 days;True
FFCC152260;2015-08-07;PROV1397;2015-06-29;2015-08-10;39 days;Proveedor 321;PE;USD;Extracommunity;45 days;True
FFCC152261;2015-08-07;PROV1397;2015-08-06;2015-08-10;1 days;Proveedor 321;PE;USD;Extracommunity;45 days;True
FFCC152263;2015-08-01;PROV1049;2015-07-28;2015-08-04;4 days;Proveedor 181;FR;EUR;Intracommunity;20 days;True
FFCC152271;2015-08-01;PROV40002220;2015-06-21;2015-08-04;41 days;Proveedor 36;ES;EUR;Spanish;10 days;False
FFCC152272;2015-08-03;PROV40001000;2015-07-22;2015-08-06;12 days;Proveedor 24;FR;EUR;Intracommunity;20 days;True
FFCC152273;2015-08-24;PROV40001000;2015-08-10;2015-08-27;14 days;Proveedor 24;FR;EUR;Intracommunity;20 days;True
FFCC152274;2015-08-10;PROV1129;2015-06-21;2015-08-13;50 days;Proveedor 207;ES;EUR;Spanish;10 days;False
FFCC152275;2015-08-01;PROV1734;2015-07-12;2015-08-04;20 days;Proveedor 593;ES;EUR;Spanish;10 days;False
FFCC152276;2015-08-04;PROV1650;2015-07-17;2015-08-07;18 days;Proveedor 539;ES;EUR;Spanish;10 days;False
FFCC152277;2015-08-01;PROV1647;2015-06-28;2015-08-04;34 days;Proveedor 536;ES;EUR;Spanish;10 days;False
FFCC152278;2015-08-01;PROV1428;2015-07-17;2015-08-04;15 days;Proveedor 341;CH;USD;Extracommunity;45 days;True
FFCC152279;2015-08-01;PROV40002330;2015-06-19;2015-08-04;43 days;Proveedor 37;ES;EUR;Spanish;10 days;False
FFCC152293;2015-08-20;PROV1255;2015-07-13;2015-08-23;38 days;Proveedor 252;ES;EUR;Spanish;10 days;False
FFCC152294;2015-08-17;PROV1003;2015-07-11;2015-08-20;37 days;Proveedor 165;CN;USD;Extracommunity;45 days;True
FFCC152297;2015-08-18;PROV40001825;2015-08-03;2015-08-21;15 days;Proveedor 29;ES;EUR;Spanish;10 days;False
FFCC152332;2015-08-19;PROV1398;2015-08-08;2015-08-22;11 days;Proveedor 322;CH;USD;Extracommunity;45 days;True
FFCC152336;2015-08-05;PROV1585;2015-07-23;2015-08-08;13 days;Proveedor 479;CH;USD;Extracommunity;45 days;True
FFCC152339;2015-08-21;PROV1061;2015-08-04;2015-08-24;17 days;Proveedor 182;IN;USD;Extracommunity;45 days;True
FFCC152340;2015-08-12;PROV1834;2015-07-21;2015-08-15;22 days;Proveedor 677;CH;USD;Extracommunity;45 days;True
FFCC152341;2015-08-01;PROV1585;2015-06-13;2015-08-04;49 days;Proveedor 479;CH;USD;Extracommunity;45 days;False
FFCC152344;2015-08-19;PROV1647;2015-07-20;2015-08-22;30 days;Proveedor 536;ES;EUR;Spanish;10 days;False
FFCC152345;2015-08-21;PROV1647;2015-07-18;2015-08-24;34 days;Proveedor 536;ES;EUR;Spanish;10 days;False
FFCC152347;2015-08-07;PROV40000520;2015-06-25;2015-08-10;43 days;Proveedor 17;ES;EUR;Spanish;10 days;False
FFCC152352;2015-08-21;PROV1397;2015-07-09;2015-08-24;43 days;Proveedor 321;PE;USD;Extracommunity;45 days;True
FFCC152353;2015-08-14;PROV40000520;2015-06-23;2015-08-17;52 days;Proveedor 17;ES;EUR;Spanish;10 days;False
FFCC152361;2015-08-31;PROV1558;2015-08-26;2015-09-03;5 days;Proveedor 453;ES;EUR;Spanish;10 days;True
FFCC152362;2015-08-21;PROV1485;2015-08-10;2015-08-24;11 days;Proveedor 386;IE;EUR;Intracommunity;20 days;True
FFCC152363;2015-08-17;PROV1485;2015-08-05;2015-08-20;12 days;Proveedor 386;IE;EUR;Intracommunity;20 days;True
FFCC152364;2015-08-26;PROV1485;2015-07-22;2015-08-29;35 days;Proveedor 386;IE;EUR;Intracommunity;20 days;False
FFCC152365;2015-08-13;PROV1485;2015-07-30;2015-08-16;14 days;Proveedor 386;IE;EUR;Intracommunity;20 days;True
FFCC152367;2015-08-20;PROV40000187;2015-07-26;2015-08-23;25 days;Proveedor 13;ES;EUR;Spanish;10 days;False
FFCC152368;2015-08-10;PROV40000187;2015-07-11;2015-08-13;30 days;Proveedor 13;ES;EUR;Spanish;10 days;False
FFCC152369;2015-08-01;PROV1475;2015-07-13;2015-08-04;19 days;Proveedor 376;CH;USD;Extracommunity;45 days;True
FFCC152394;2015-08-17;PROV41000980;2015-08-10;2015-08-20;7 days;Proveedor 110;ES;EUR;Spanish;10 days;True
FFCC152400;2015-08-31;PROV41000980;2015-07-13;2015-09-03;49 days;Proveedor 110;ES;EUR;Spanish;10 days;False
FFCC152405;2015-08-15;PROV1170;2015-07-04;2015-08-18;42 days;Proveedor 221;ES;EUR;Spanish;10 days;False
FFCC152414;2015-08-31;PROV40002065;2015-08-08;2015-09-03;23 days;Proveedor 30;ES;EUR;Spanish;10 days;False
FFCC152431;2015-08-20;PROV1650;2015-07-06;2015-08-23;45 days;Proveedor 539;ES;EUR;Spanish;10 days;False
FFCC152435;2015-08-21;PROV1649;2015-07-21;2015-08-24;31 days;Proveedor 538;ES;EUR;Spanish;10 days;False
FFCC152442;2015-08-31;PROV40002120;2015-08-18;2015-09-03;13 days;Proveedor 32;ES;EUR;Spanish;10 days;False
FFCC152452;2015-08-31;PROV40000850;2015-07-07;2015-09-03;55 days;Proveedor 21;ES;EUR;Spanish;10 days;False
FFCC152476;2015-08-31;PROV40002330;2015-08-15;2015-09-03;16 days;Proveedor 37;ES;EUR;Spanish;10 days;False
FFCC152478;2015-08-05;PROV1441;2015-07-07;2015-08-08;29 days;Proveedor 349;ES;EUR;Spanish;10 days;False
FFCC152479;2015-08-25;PROV1441;2015-07-26;2015-08-28;30 days;Proveedor 349;ES;EUR;Spanish;10 days;False
FFCC152480;2015-08-01;PROV40000500;2015-07-31;2015-08-04;1 days;Proveedor 16;ES;EUR;Spanish;10 days;True
FFCC152481;2015-08-21;PROV40000500;2015-07-04;2015-08-24;48 days;Proveedor 16;ES;EUR;Spanish;10 days;False
FFCC152482;2015-08-01;PROV1597;2015-06-07;2015-08-04;55 days;Proveedor 491;CH;USD;Extracommunity;45 days;False
FFCC152540;2015-09-04;PROV40000520;2015-07-13;2015-09-07;53 days;Proveedor 17;ES;EUR;Spanish;10 days;False
FFCC152541;2015-09-14;PROV40000235;2015-08-12;2015-09-17;33 days;Proveedor 15;ES;EUR;Spanish;10 days;False
FFCC152542;2015-09-10;PROV40001825;2015-08-13;2015-09-13;28 days;Proveedor 29;ES;EUR;Spanish;10 days;False
FFCC152543;2015-09-09;PROV1734;2015-07-24;2015-09-12;47 days;Proveedor 593;ES;EUR;Spanish;10 days;False
FFCC152544;2015-09-04;PROV40000500;2015-08-21;2015-09-07;14 days;Proveedor 16;ES;EUR;Spanish;10 days;False
FFCC152553;2015-09-04;PROV40000850;2015-07-25;2015-09-07;41 days;Proveedor 21;ES;EUR;Spanish;10 days;False
FFCC152554;2015-09-01;PROV40000500;2015-08-11;2015-09-04;21 days;Proveedor 16;ES;EUR;Spanish;10 days;False
FFCC152555;2015-09-02;PROV1014;2015-07-28;2015-09-05;36 days;Proveedor 171;ES;EUR;Spanish;10 days;False
FFCC152556;2015-09-12;PROV1129;2015-08-14;2015-09-15;29 days;Proveedor 207;ES;EUR;Spanish;10 days;False
FFCC152557;2015-09-15;PROV40001470;2015-07-25;2015-09-18;52 days;Proveedor 26;ES;EUR;Spanish;10 days;False
FFCC152591;2015-09-07;PROV1014;2015-08-19;2015-09-10;19 days;Proveedor 171;ES;EUR;Spanish;10 days;False
FFCC152592;2015-09-18;PROV40000500;2015-09-04;2015-09-21;14 days;Proveedor 16;ES;EUR;Spanish;10 days;False
FFCC152593;2015-09-02;PROV1027;2015-08-22;2015-09-05;11 days;Proveedor 178;ES;EUR;Spanish;10 days;False
FFCC152594;2015-09-01;PROV1585;2015-08-14;2015-09-04;18 days;Proveedor 479;CH;USD;Extracommunity;45 days;True
FFCC152597;2015-09-01;PROV1428;2015-07-10;2015-09-04;53 days;Proveedor 341;CH;USD;Extracommunity;45 days;False
FFCC152600;2015-09-01;PROV1485;2015-07-19;2015-09-04;44 days;Proveedor 386;IE;EUR;Intracommunity;20 days;False
FFCC152602;2015-09-08;PROV1061;2015-08-29;2015-09-11;10 days;Proveedor 182;IN;USD;Extracommunity;45 days;True
FFCC152607;2015-09-15;PROV40002090;2015-08-03;2015-09-18;43 days;Proveedor 31;ES;EUR;Spanish;10 days;False
FFCC152608;2015-09-17;PROV1484;2015-08-30;2015-09-20;18 days;Proveedor 385;ES;EUR;Spanish;10 days;False
FFCC152609;2015-09-02;PROV1756;2015-08-12;2015-09-05;21 days;Proveedor 603;IN;USD;Extracommunity;45 days;True
FFCC152610;2015-09-01;PROV1061;2015-08-19;2015-09-04;13 days;Proveedor 182;IN;USD;Extracommunity;45 days;True
FFCC152611;2015-09-16;PROV1650;2015-07-28;2015-09-19;50 days;Proveedor 539;ES;EUR;Spanish;10 days;False
FFCC152612;2015-09-01;PROV1398;2015-07-23;2015-09-04;40 days;Proveedor 322;CH;USD;Extracommunity;45 days;True
FFCC152615;2015-09-25;PROV1558;2015-08-17;2015-09-28;39 days;Proveedor 453;ES;EUR;Spanish;10 days;False
FFCC152616;2015-09-08;PROV1003;2015-07-14;2015-09-11;56 days;Proveedor 165;CN;USD;Extracommunity;45 days;False
FFCC152617;2015-09-05;PROV1585;2015-08-04;2015-09-08;32 days;Proveedor 479;CH;USD;Extracommunity;45 days;True
FFCC152635;2015-09-02;PROV40002330;2015-08-19;2015-09-05;14 days;Proveedor 37;ES;EUR;Spanish;10 days;False
FFCC152636;2015-09-05;PROV1216;2015-08-04;2015-09-08;32 days;Proveedor 239;ES;EUR;Spanish;10 days;False
FFCC152637;2015-09-04;PROV1216;2015-07-22;2015-09-07;44 days;Proveedor 239;ES;EUR;Spanish;10 days;False
FFCC152638;2015-09-11;PROV1397;2015-08-15;2015-09-14;27 days;Proveedor 321;PE;USD;Extracommunity;45 days;True
FFCC152639;2015-09-14;PROV1014;2015-08-08;2015-09-17;37 days;Proveedor 171;ES;EUR;Spanish;10 days;False
FFCC152640;2015-09-17;PROV40001000;2015-08-08;2015-09-20;40 days;Proveedor 24;FR;EUR;Intracommunity;20 days;False
FFCC152641;2015-09-18;PROV1647;2015-08-25;2015-09-21;24 days;Proveedor 536;ES;EUR;Spanish;10 days;False
FFCC152643;2015-09-10;PROV1650;2015-08-03;2015-09-13;38 days;Proveedor 539;ES;EUR;Spanish;10 days;False
FFCC152644;2015-09-01;PROV1551;2015-07-30;2015-09-04;33 days;Proveedor 447;CH;USD;Extracommunity;45 days;True
FFCC152647;2015-09-01;PROV40001000;2015-08-06;2015-09-04;26 days;Proveedor 24;FR;EUR;Intracommunity;20 days;False
FFCC152648;2015-09-01;PROV40001825;2015-08-04;2015-09-04;28 days;Proveedor 29;ES;EUR;Spanish;10 days;False
FFCC152649;2015-09-01;PROV40001000;2015-08-03;2015-09-04;29 days;Proveedor 24;FR;EUR;Intracommunity;20 days;False
FFCC152650;2015-09-01;PROV1397;2015-08-19;2015-09-04;13 days;Proveedor 321;PE;USD;Extracommunity;45 days;True
FFCC152652;2015-09-11;PROV40000520;2015-08-29;2015-09-14;13 days;Proveedor 17;ES;EUR;Spanish;10 days;False
FFCC152684;2015-09-15;PROV40001000;2015-08-20;2015-09-18;26 days;Proveedor 24;FR;EUR;Intracommunity;20 days;False
FFCC152685;2015-09-18;PROV1014;2015-07-31;2015-09-21;49 days;Proveedor 171;ES;EUR;Spanish;10 days;False
FFCC152686;2015-09-15;PROV1014;2015-09-03;2015-09-18;12 days;Proveedor 171;ES;EUR;Spanish;10 days;False
FFCC152687;2015-09-02;PROV40002220;2015-08-24;2015-09-05;9 days;Proveedor 36;ES;EUR;Spanish;10 days;True
FFCC152688;2015-09-20;PROV1465;2015-08-20;2015-09-23;31 days;Proveedor 368;ES;EUR;Spanish;10 days;False
FFCC152690;2015-09-01;PROV1733;2015-08-12;2015-09-04;20 days;Proveedor 592;CH;USD;Extracommunity;45 days;True
FFCC152694;2015-09-24;PROV40000850;2015-08-15;2015-09-27;40 days;Proveedor 21;ES;EUR;Spanish;10 days;False
FFCC152696;2015-09-01;PROV1475;2015-07-18;2015-09-04;45 days;Proveedor 376;CH;USD;Extracommunity;45 days;True
FFCC152699;2015-09-10;PROV1485;2015-08-30;2015-09-13;11 days;Proveedor 386;IE;EUR;Intracommunity;20 days;True
FFCC152700;2015-09-17;PROV1428;2015-08-31;2015-09-20;17 days;Proveedor 341;CH;USD;Extracommunity;45 days;True
FFCC152703;2015-09-29;PROV1003;2015-09-14;2015-10-02;15 days;Proveedor 165;CN;USD;Extracommunity;45 days;True
FFCC152736;2015-09-10;PROV1485;2015-08-16;2015-09-13;25 days;Proveedor 386;IE;EUR;Intracommunity;20 days;False
FFCC152739;2015-09-01;PROV1485;2015-07-29;2015-09-04;34 days;Proveedor 386;IE;EUR;Intracommunity;20 days;False
FFCC152742;2015-09-01;PROV1597;2015-07-16;2015-09-04;47 days;Proveedor 491;CH;USD;Extracommunity;45 days;False
FFCC152745;2015-09-18;PROV40000520;2015-07-24;2015-09-21;56 days;Proveedor 17;ES;EUR;Spanish;10 days;False
FFCC152746;2015-09-25;PROV40002720;2015-09-08;2015-09-28;17 days;Proveedor 38;ES;EUR;Spanish;10 days;False
FFCC152747;2015-09-25;PROV40000500;2015-08-07;2015-09-28;49 days;Proveedor 16;ES;EUR;Spanish;10 days;False
FFCC152748;2015-09-02;PROV1441;2015-07-14;2015-09-05;50 days;Proveedor 349;ES;EUR;Spanish;10 days;False
FFCC152749;2015-09-14;PROV40001825;2015-07-27;2015-09-17;49 days;Proveedor 29;ES;EUR;Spanish;10 days;False
FFCC152752;2015-09-25;PROV1061;2015-08-02;2015-09-28;54 days;Proveedor 182;IN;USD;Extracommunity;45 days;False
FFCC152754;2015-09-12;PROV40002330;2015-08-17;2015-09-15;26 days;Proveedor 37;ES;EUR;Spanish;10 days;False
FFCC152765;2015-09-30;PROV1129;2015-08-16;2015-10-03;45 days;Proveedor 207;ES;EUR;Spanish;10 days;False
FFCC152767;2015-09-05;PROV1649;2015-08-01;2015-09-08;35 days;Proveedor 538;ES;EUR;Spanish;10 days;False
FFCC152768;2015-09-03;PROV1649;2015-08-04;2015-09-06;30 days;Proveedor 538;ES;EUR;Spanish;10 days;False
FFCC152769;2015-09-28;PROV1485;2015-08-13;2015-10-01;46 days;Proveedor 386;IE;EUR;Intracommunity;20 days;False
FFCC152770;2015-09-15;PROV40000187;2015-08-16;2015-09-18;30 days;Proveedor 13;ES;EUR;Spanish;10 days;False
FFCC152771;2015-09-15;PROV40000187;2015-08-22;2015-09-18;24 days;Proveedor 13;ES;EUR;Spanish;10 days;False
FFCC152772;2015-09-15;PROV40000187;2015-08-06;2015-09-18;40 days;Proveedor 13;ES;EUR;Spanish;10 days;False
FFCC152773;2015-09-03;PROV40001600;2015-08-06;2015-09-06;28 days;Proveedor 27;ES;EUR;Spanish;10 days;False
FFCC152774;2015-09-23;PROV1014;2015-08-08;2015-09-26;46 days;Proveedor 171;ES;EUR;Spanish;10 days;False
FFCC152775;2015-09-30;PROV1170;2015-09-09;2015-10-03;21 days;Proveedor 221;ES;EUR;Spanish;10 days;False
FFCC152776;2015-09-30;PROV40002220;2015-08-24;2015-10-03;37 days;Proveedor 36;ES;EUR;Spanish;10 days;False
FFCC152777;2015-09-25;PROV1441;2015-08-10;2015-09-28;46 days;Proveedor 349;ES;EUR;Spanish;10 days;False
FFCC152778;2015-09-30;PROV40002065;2015-08-23;2015-10-03;38 days;Proveedor 30;ES;EUR;Spanish;10 days;False
FFCC152779;2015-09-03;PROV40002065;2015-07-31;2015-09-06;34 days;Proveedor 30;ES;EUR;Spanish;10 days;False
FFCC152780;2015-09-03;PROV1441;2015-08-03;2015-09-06;31 days;Proveedor 349;ES;EUR;Spanish;10 days;False
FFCC152791;2015-09-30;PROV40000187;2015-08-31;2015-10-03;30 days;Proveedor 13;ES;EUR;Spanish;10 days;False
FFCC152805;2015-09-22;PROV40001825;2015-08-24;2015-09-25;29 days;Proveedor 29;ES;EUR;Spanish;10 days;False
FFCC152808;2015-09-25;PROV40000520;2015-08-28;2015-09-28;28 days;Proveedor 17;ES;EUR;Spanish;10 days;False
FFCC152809;2015-09-30;PROV40000520;2015-08-18;2015-10-03;43 days;Proveedor 17;ES;EUR;Spanish;10 days;False
FFCC152811;2015-09-21;PROV1597;2015-08-29;2015-09-24;23 days;Proveedor 491;CH;USD;Extracommunity;45 days;True
FFCC152884;2015-10-15;PROV40001470;2015-09-08;2015-10-18;37 days;Proveedor 26;ES;EUR;Spanish;10 days;False
FFCC152885;2015-10-19;PROV1443;2015-08-24;2015-10-22;56 days;Proveedor 351;ES;EUR;Spanish;10 days;False
FFCC152886;2015-10-15;PROV1129;2015-08-25;2015-10-18;51 days;Proveedor 207;ES;EUR;Spanish;10 days;False
FFCC152887;2015-10-19;PROV40000235;2015-10-08;2015-10-22;11 days;Proveedor 15;ES;EUR;Spanish;10 days;False
FFCC152888;2015-10-08;PROV40002330;2015-09-27;2015-10-11;11 days;Proveedor 37;ES;EUR;Spanish;10 days;False
FFCC152889;2015-10-12;PROV40001000;2015-10-03;2015-10-15;9 days;Proveedor 24;FR;EUR;Intracommunity;20 days;True
FFCC152890;2015-10-12;PROV1014;2015-09-13;2015-10-15;29 days;Proveedor 171;ES;EUR;Spanish;10 days;False
FFCC152891;2015-10-09;PROV40000520;2015-09-10;2015-10-12;29 days;Proveedor 17;ES;EUR;Spanish;10 days;False
FFCC152892;2015-10-12;PROV1061;2015-08-30;2015-10-15;43 days;Proveedor 182;IN;USD;Extracommunity;45 days;True
FFCC152893;2015-10-01;PROV1397;2015-09-02;2015-10-04;29 days;Proveedor 321;PE;USD;Extracommunity;45 days;True
FFCC152895;2015-10-01;PROV1756;2015-09-17;2015-10-04;14 days;Proveedor 603;IN;USD;Extracommunity;45 days;True
FFCC152896;2015-10-01;PROV1834;2015-09-04;2015-10-04;27 days;Proveedor 677;CH;USD;Extracommunity;45 days;True
FFCC152899;2015-10-09;PROV1414;2015-09-13;2015-10-12;26 days;Proveedor 335;ES;EUR;Spanish;10 days;False
FFCC152900;2015-10-01;PROV40001600;2015-08-14;2015-10-04;48 days;Proveedor 27;ES;EUR;Spanish;10 days;False
FFCC152901;2015-10-01;PROV1458;2015-09-10;2015-10-04;21 days;Proveedor 364;CH;USD;Extracommunity;45 days;True
FFCC152904;2015-10-01;PROV1485;2015-08-23;2015-10-04;39 days;Proveedor 386;IE;EUR;Intracommunity;20 days;False
FFCC152907;2015-10-01;PROV1014;2015-08-26;2015-10-04;36 days;Proveedor 171;ES;EUR;Spanish;10 days;False
FFCC152908;2015-10-01;PROV1597;2015-09-09;2015-10-04;22 days;Proveedor 491;CH;USD;Extracommunity;45 days;True
FFCC152911;2015-10-09;PROV1014;2015-08-20;2015-10-12;50 days;Proveedor 171;ES;EUR;Spanish;10 days;False
FFCC152912;2015-10-08;PROV1027;2015-09-12;2015-10-11;26 days;Proveedor 178;ES;EUR;Spanish;10 days;False
FFCC152913;2015-10-09;PROV40000500;2015-08-22;2015-10-12;48 days;Proveedor 16;ES;EUR;Spanish;10 days;False
FFCC152941;2015-10-17;PROV40000850;2015-08-28;2015-10-20;50 days;Proveedor 21;ES;EUR;Spanish;10 days;False
FFCC152943;2015-10-15;PROV40000200;2015-08-29;2015-10-18;47 days;Proveedor 14;ES;EUR;Spanish;10 days;False
FFCC152953;2015-10-05;PROV40002220;2015-09-25;2015-10-08;10 days;Proveedor 36;ES;EUR;Spanish;10 days;True
FFCC152957;2015-10-01;PROV1585;2015-09-25;2015-10-04;6 days;Proveedor 479;CH;USD;Extracommunity;45 days;True
FFCC152983;2015-10-15;PROV1650;2015-08-26;2015-10-18;50 days;Proveedor 539;ES;EUR;Spanish;10 days;False
FFCC152984;2015-10-01;PROV1734;2015-09-05;2015-10-04;26 days;Proveedor 593;ES;EUR;Spanish;10 days;False
FFCC152985;2015-10-17;PROV1734;2015-10-07;2015-10-20;10 days;Proveedor 593;ES;EUR;Spanish;10 days;True
FFCC152986;2015-10-01;PROV41000980;2015-09-06;2015-10-04;25 days;Proveedor 110;ES;EUR;Spanish;10 days;False
FFCC152988;2015-10-20;PROV1061;2015-09-26;2015-10-23;24 days;Proveedor 182;IN;USD;Extracommunity;45 days;True
FFCC152989;2015-10-01;PROV1475;2015-09-16;2015-10-04;15 days;Proveedor 376;CH;USD;Extracommunity;45 days;True
FFCC152994;2015-10-01;PROV1398;2015-09-09;2015-10-04;22 days;Proveedor 322;CH;USD;Extracommunity;45 days;True
FFCC152998;2015-10-01;PROV1597;2015-09-20;2015-10-04;11 days;Proveedor 491;CH;USD;Extracommunity;45 days;True
FFCC153001;2015-10-16;PROV1428;2015-10-08;2015-10-19;8 days;Proveedor 341;CH;USD;Extracommunity;45 days;True
FFCC153004;2015-10-10;PROV1465;2015-09-25;2015-10-13;15 days;Proveedor 368;ES;EUR;Spanish;10 days;False
FFCC153007;2015-10-27;PROV1003;2015-10-23;2015-10-30;4 days;Proveedor 165;CN;USD;Extracommunity;45 days;True
FFCC153008;2015-10-16;PROV40000520;2015-08-30;2015-10-19;47 days;Proveedor 17;ES;EUR;Spanish;10 days;False
FFCC153015;2015-10-21;PROV1441;2015-08-27;2015-10-24;55 days;Proveedor 349;ES;EUR;Spanish;10 days;False
FFCC153029;2015-10-15;PROV40000187;2015-09-10;2015-10-18;35 days;Proveedor 13;ES;EUR;Spanish;10 days;False
FFCC153030;2015-10-01;PROV1398;2015-08-19;2015-10-04;43 days;Proveedor 322;CH;USD;Extracommunity;45 days;True
FFCC153034;2015-10-25;PROV40002720;2015-09-21;2015-10-28;34 days;Proveedor 38;ES;EUR;Spanish;10 days;False
FFCC153036;2015-10-16;PROV1397;2015-09-09;2015-10-19;37 days;Proveedor 321;PE;USD;Extracommunity;45 days;True
FFCC153039;2015-10-24;PROV40002330;2015-09-21;2015-10-27;33 days;Proveedor 37;ES;EUR;Spanish;10 days;False
FFCC153040;2015-10-23;PROV40000520;2015-10-03;2015-10-26;20 days;Proveedor 17;ES;EUR;Spanish;10 days;False
FFCC153065;2015-10-01;PROV1485;2015-09-15;2015-10-04;16 days;Proveedor 386;IE;EUR;Intracommunity;20 days;True
FFCC153067;2015-10-01;PROV1485;2015-09-02;2015-10-04;29 days;Proveedor 386;IE;EUR;Intracommunity;20 days;False
FFCC153068;2015-10-01;PROV1485;2015-09-03;2015-10-04;28 days;Proveedor 386;IE;EUR;Intracommunity;20 days;False
FFCC153069;2015-10-27;PROV1061;2015-09-30;2015-10-30;27 days;Proveedor 182;IN;USD;Extracommunity;45 days;True
FFCC153070;2015-10-26;PROV1061;2015-09-21;2015-10-29;35 days;Proveedor 182;IN;USD;Extracommunity;45 days;True
FFCC153071;2015-10-01;PROV1397;2015-09-10;2015-10-04;21 days;Proveedor 321;PE;USD;Extracommunity;45 days;True
FFCC153073;2015-10-10;PROV40000187;2015-09-14;2015-10-13;26 days;Proveedor 13;ES;EUR;Spanish;10 days;False
FFCC153074;2015-10-16;PROV1014;2015-09-15;2015-10-19;31 days;Proveedor 171;ES;EUR;Spanish;10 days;False
FFCC153075;2015-10-01;PROV1585;2015-08-15;2015-10-04;47 days;Proveedor 479;CH;USD;Extracommunity;45 days;False
FFCC153078;2015-10-01;PROV40000187;2015-08-19;2015-10-04;43 days;Proveedor 13;ES;EUR;Spanish;10 days;False
FFCC153079;2015-10-01;PROV40002065;2015-08-21;2015-10-04;41 days;Proveedor 30;ES;EUR;Spanish;10 days;False
FFCC153080;2015-10-09;PROV1441;2015-09-03;2015-10-12;36 days;Proveedor 349;ES;EUR;Spanish;10 days;False
FFCC153083;2015-10-15;PROV1649;2015-09-17;2015-10-18;28 days;Proveedor 538;ES;EUR;Spanish;10 days;False
FFCC153084;2015-10-23;PROV1650;2015-09-10;2015-10-26;43 days;Proveedor 539;ES;EUR;Spanish;10 days;False
FFCC153085;2015-10-22;PROV1397;2015-09-16;2015-10-25;36 days;Proveedor 321;PE;USD;Extracommunity;45 days;True
FFCC153086;2015-10-22;PROV1014;2015-09-27;2015-10-25;25 days;Proveedor 171;ES;EUR;Spanish;10 days;False
FFCC153090;2015-10-31;PROV40000187;2015-10-18;2015-11-03;13 days;Proveedor 13;ES;EUR;Spanish;10 days;False
FFCC153096;2015-10-25;PROV40000187;2015-09-04;2015-10-28;51 days;Proveedor 13;ES;EUR;Spanish;10 days;False
FFCC153130;2015-10-31;PROV40002065;2015-10-23;2015-11-03;8 days;Proveedor 30;ES;EUR;Spanish;10 days;True
FFCC153131;2015-10-08;PROV1597;2015-08-28;2015-10-11;41 days;Proveedor 491;CH;USD;Extracommunity;45 days;True
FFCC153145;2015-10-31;PROV1781;2015-10-11;2015-11-03;20 days;Proveedor 628;ES;EUR;Spanish;10 days;False
FFCC153150;2015-10-05;PROV1502;2015-08-26;2015-10-08;40 days;Proveedor 401;ES;EUR;Spanish;10 days;False
FFCC153152;2015-10-30;PROV40000520;2015-10-16;2015-11-02;14 days;Proveedor 17;ES;EUR;Spanish;10 days;False
FFCC153153;2015-10-23;PROV40001825;2015-08-29;2015-10-26;55 days;Proveedor 29;ES;EUR;Spanish;10 days;False
FFCC153154;2015-10-26;PROV40001825;2015-09-12;2015-10-29;44 days;Proveedor 29;ES;EUR;Spanish;10 days;False
FFCC153156;2015-10-08;PROV1485;2015-09-20;2015-10-11;18 days;Proveedor 386;IE;EUR;Intracommunity;20 days;True
FFCC153164;2015-10-30;PROV40002220;2015-09-08;2015-11-02;52 days;Proveedor 36;ES;EUR;Spanish;10 days;False
FFCC153170;2015-10-01;PROV1834;2015-08-12;2015-10-04;50 days;Proveedor 677;CH;USD;Extracommunity;45 days;False
FFCC153179;2015-10-22;PROV40002220;2015-08-27;2015-10-25;56 days;Proveedor 36;ES;EUR;Spanish;10 days;False
FFCC153180;2015-10-01;PROV1834;2015-09-21;2015-10-04;10 days;Proveedor 677;CH;USD;Extracommunity;45 days;True
FFCC153229;2015-11-06;PROV40002330;2015-10-12;2015-11-09;25 days;Proveedor 37;ES;EUR;Spanish;10 days;False
FFCC153230;2015-11-02;PROV1014;2015-09-06;2015-11-05;57 days;Proveedor 171;ES;EUR;Spanish;10 days;False
FFCC153231;2015-11-06;PROV1014;2015-10-14;2015-11-09;23 days;Proveedor 171;ES;EUR;Spanish;10 days;False
FFCC153232;2015-11-04;PROV1650;2015-10-04;2015-11-07;31 days;Proveedor 539;ES;EUR;Spanish;10 days;False
FFCC153233;2015-11-01;PROV1397;2015-10-21;2015-11-04;11 days;Proveedor 321;PE;USD;Extracommunity;45 days;True
FFCC153237;2015-11-15;PROV1129;2015-09-20;2015-11-18;56 days;Proveedor 207;ES;EUR;Spanish;10 days;False
FFCC153238;2015-11-09;PROV1484;2015-10-11;2015-11-12;29 days;Proveedor 385;ES;EUR;Spanish;10 days;False
FFCC153239;2015-11-04;PROV1756;2015-10-15;2015-11-07;20 days;Proveedor 603;IN;USD;Extracommunity;45 days;True
FFCC153240;2015-11-01;PROV1597;2015-10-05;2015-11-04;27 days;Proveedor 491;CH;USD;Extracommunity;45 days;True
FFCC153243;2015-11-03;PROV40001000;2015-10-16;2015-11-06;18 days;Proveedor 24;FR;EUR;Intracommunity;20 days;True
FFCC153244;2015-11-01;PROV1441;2015-09-17;2015-11-04;45 days;Proveedor 349;ES;EUR;Spanish;10 days;False
FFCC153245;2015-11-05;PROV1465;2015-10-01;2015-11-08;35 days;Proveedor 368;ES;EUR;Spanish;10 days;False
FFCC153246;2015-11-01;PROV40000500;2015-09-12;2015-11-04;50 days;Proveedor 16;ES;EUR;Spanish;10 days;False
FFCC153247;2015-11-05;PROV1428;2015-10-22;2015-11-08;14 days;Proveedor 341;CH;USD;Extracommunity;45 days;True
FFCC153250;2015-11-01;PROV40002330;2015-09-17;2015-11-04;45 days;Proveedor 37;ES;EUR;Spanish;10 days;False
FFCC153251;2015-11-16;PROV40000235;2015-10-18;2015-11-19;29 days;Proveedor 15;ES;EUR;Spanish;10 days;False
FFCC153266;2015-11-01;PROV1551;2015-09-23;2015-11-04;39 days;Proveedor 447;CH;USD;Extracommunity;45 days;True
FFCC153269;2015-11-10;PROV40001825;2015-09-18;2015-11-13;53 days;Proveedor 29;ES;EUR;Spanish;10 days;False
FFCC153270;2015-11-15;PROV1170;2015-10-17;2015-11-18;29 days;Proveedor 221;ES;EUR;Spanish;10 days;False
FFCC153271;2015-11-06;PROV1398;2015-10-02;2015-11-09;35 days;Proveedor 322;CH;USD;Extracommunity;45 days;True
FFCC153306;2015-11-02;PROV1834;2015-10-19;2015-11-05;14 days;Proveedor 677;CH;USD;Extracommunity;45 days;True
FFCC153309;2015-11-12;PROV1597;2015-11-05;2015-11-15;7 days;Proveedor 491;CH;USD;Extracommunity;45 days;True
FFCC153312;2015-11-11;PROV1441;2015-10-31;2015-11-14;11 days;Proveedor 349;ES;EUR;Spanish;10 days;False
FFCC153313;2015-11-10;PROV1585;2015-09-21;2015-11-13;50 days;Proveedor 479;CH;USD;Extracommunity;45 days;False
FFCC153316;2015-11-15;PROV40002090;2015-10-25;2015-11-18;21 days;Proveedor 31;ES;EUR;Spanish;10 days;False
FFCC153317;2015-11-11;PROV1003;2015-10-12;2015-11-14;30 days;Proveedor 165;CN;USD;Extracommunity;45 days;True
FFCC153318;2015-11-11;PROV1061;2015-10-02;2015-11-14;40 days;Proveedor 182;IN;USD;Extracommunity;45 days;True
FFCC153320;2015-11-02;PROV1585;2015-10-02;2015-11-05;31 days;Proveedor 479;CH;USD;Extracommunity;45 days;True
FFCC153321;2015-11-03;PROV40002065;2015-09-13;2015-11-06;51 days;Proveedor 30;ES;EUR;Spanish;10 days;False
FFCC153322;2015-11-13;PROV40002220;2015-11-02;2015-11-16;11 days;Proveedor 36;ES;EUR;Spanish;10 days;False
FFCC153323;2015-11-07;PROV40000850;2015-10-20;2015-11-10;18 days;Proveedor 21;ES;EUR;Spanish;10 days;False
FFCC153324;2015-11-01;PROV1585;2015-09-18;2015-11-04;44 days;Proveedor 479;CH;USD;Extracommunity;45 days;True
FFCC153325;2015-11-06;PROV1876;2015-10-06;2015-11-09;31 days;Proveedor 712;ES;EUR;Spanish;10 days;False
FFCC153326;2015-11-11;PROV1876;2015-09-26;2015-11-14;46 days;Proveedor 712;ES;EUR;Spanish;10 days;False
FFCC153330;2015-11-14;PROV1734;2015-09-25;2015-11-17;50 days;Proveedor 593;ES;EUR;Spanish;10 days;False
FFCC153336;2015-11-17;PROV1649;2015-09-25;2015-11-20;53 days;Proveedor 538;ES;EUR;Spanish;10 days;False
FFCC153337;2015-11-05;PROV1649;2015-09-16;2015-11-08;50 days;Proveedor 538;ES;EUR;Spanish;10 days;False
FFCC153338;2015-11-10;PROV40001000;2015-09-26;2015-11-13;45 days;Proveedor 24;FR;EUR;Intracommunity;20 days;False
FFCC153339;2015-11-21;PROV40000850;2015-11-09;2015-11-24;12 days;Proveedor 21;ES;EUR;Spanish;10 days;False
FFCC153340;2015-11-24;PROV1027;2015-10-19;2015-11-27;36 days;Proveedor 178;ES;EUR;Spanish;10 days;False
FFCC153341;2015-11-25;PROV40002720;2015-10-30;2015-11-28;26 days;Proveedor 38;ES;EUR;Spanish;10 days;False
FFCC153343;2015-11-13;PROV40000520;2015-10-10;2015-11-16;34 days;Proveedor 17;ES;EUR;Spanish;10 days;False
FFCC153347;2015-11-01;PROV1597;2015-10-24;2015-11-04;8 days;Proveedor 491;CH;USD;Extracommunity;45 days;True
FFCC153377;2015-11-06;PROV1061;2015-10-12;2015-11-09;25 days;Proveedor 182;IN;USD;Extracommunity;45 days;True
FFCC153378;2015-11-10;PROV40000187;2015-09-28;2015-11-13;43 days;Proveedor 13;ES;EUR;Spanish;10 days;False
FFCC153379;2015-11-20;PROV40000187;2015-10-21;2015-11-23;30 days;Proveedor 13;ES;EUR;Spanish;10 days;False
FFCC153380;2015-11-17;PROV1014;2015-09-24;2015-11-20;54 days;Proveedor 171;ES;EUR;Spanish;10 days;False
FFCC153381;2015-11-20;PROV40000520;2015-10-27;2015-11-23;24 days;Proveedor 17;ES;EUR;Spanish;10 days;False
FFCC153382;2015-11-25;PROV1734;2015-11-09;2015-11-28;16 days;Proveedor 593;ES;EUR;Spanish;10 days;False
FFCC153383;2015-11-21;PROV1734;2015-11-08;2015-11-24;13 days;Proveedor 593;ES;EUR;Spanish;10 days;False
FFCC153384;2015-11-20;PROV40000500;2015-11-06;2015-11-23;14 days;Proveedor 16;ES;EUR;Spanish;10 days;False
FFCC153385;2015-11-30;PROV40000010;2015-11-08;2015-12-03;22 days;Proveedor 12;ES;EUR;Spanish;10 days;False
FFCC153386;2015-11-20;PROV1397;2015-10-18;2015-11-23;33 days;Proveedor 321;PE;USD;Extracommunity;45 days;True
FFCC153394;2015-11-01;PROV1485;2015-09-14;2015-11-04;48 days;Proveedor 386;IE;EUR;Intracommunity;20 days;False
FFCC153396;2015-11-20;PROV40000187;2015-10-09;2015-11-23;42 days;Proveedor 13;ES;EUR;Spanish;10 days;False
FFCC153397;2015-11-01;PROV1597;2015-09-23;2015-11-04;39 days;Proveedor 491;CH;USD;Extracommunity;45 days;True
FFCC153411;2015-11-27;PROV1003;2015-10-20;2015-11-30;38 days;Proveedor 165;CN;USD;Extracommunity;45 days;True
FFCC153422;2015-11-25;PROV1485;2015-10-28;2015-11-28;28 days;Proveedor 386;IE;EUR;Intracommunity;20 days;False
FFCC153423;2015-11-26;PROV1485;2015-11-10;2015-11-29;16 days;Proveedor 386;IE;EUR;Intracommunity;20 days;True
FFCC153424;2015-11-23;PROV1061;2015-10-01;2015-11-26;53 days;Proveedor 182;IN;USD;Extracommunity;45 days;False
FFCC153425;2015-11-30;PROV40002065;2015-10-21;2015-12-03;40 days;Proveedor 30;ES;EUR;Spanish;10 days;False
FFCC153426;2015-11-30;PROV40002065;2015-11-11;2015-12-03;19 days;Proveedor 30;ES;EUR;Spanish;10 days;False
FFCC153427;2015-11-30;PROV41000980;2015-10-31;2015-12-03;30 days;Proveedor 110;ES;EUR;Spanish;10 days;False
FFCC153428;2015-11-30;PROV1323;2015-10-08;2015-12-03;53 days;Proveedor 281;ES;EUR;Spanish;10 days;False
FFCC153429;2015-11-01;PROV1733;2015-10-19;2015-11-04;13 days;Proveedor 592;CH;USD;Extracommunity;45 days;True
FFCC153432;2015-11-01;PROV1475;2015-10-17;2015-11-04;15 days;Proveedor 376;CH;USD;Extracommunity;45 days;True
FFCC153435;2015-11-01;PROV1597;2015-10-18;2015-11-04;14 days;Proveedor 491;CH;USD;Extracommunity;45 days;True
FFCC153467;2015-11-03;PROV40002220;2015-10-05;2015-11-06;29 days;Proveedor 36;ES;EUR;Spanish;10 days;False
FFCC153470;2015-11-06;PROV1485;2015-10-21;2015-11-09;16 days;Proveedor 386;IE;EUR;Intracommunity;20 days;True
FFCC153472;2015-11-17;PROV1216;2015-09-28;2015-11-20;50 days;Proveedor 239;ES;EUR;Spanish;10 days;False
FFCC153473;2015-11-30;PROV40000520;2015-11-02;2015-12-03;28 days;Proveedor 17;ES;EUR;Spanish;10 days;False
FFCC153484;2015-11-01;PROV40000520;2015-10-21;2015-11-04;11 days;Proveedor 17;ES;EUR;Spanish;10 days;False
FFCC153486;2015-11-17;PROV1475;2015-10-27;2015-11-20;21 days;Proveedor 376;CH;USD;Extracommunity;45 days;True
FFCC153490;2015-11-09;PROV1734;2015-10-30;2015-11-12;10 days;Proveedor 593;ES;EUR;Spanish;10 days;True
FFCC153550;2015-12-05;PROV1465;2015-11-12;2015-12-08;23 days;Proveedor 368;ES;EUR;Spanish;10 days;False
FFCC153551;2015-12-01;PROV1014;2015-11-05;2015-12-04;26 days;Proveedor 171;ES;EUR;Spanish;10 days;False
FFCC153552;2015-12-01;PROV1441;2015-10-12;2015-12-04;50 days;Proveedor 349;ES;EUR;Spanish;10 days;False
FFCC153557;2015-12-04;PROV1061;2015-11-24;2015-12-07;10 days;Proveedor 182;IN;USD;Extracommunity;45 days;True
FFCC153558;2015-12-01;PROV1428;2015-10-29;2015-12-04;33 days;Proveedor 341;CH;USD;Extracommunity;45 days;True
FFCC153565;2015-12-01;PROV40002330;2015-11-06;2015-12-04;25 days;Proveedor 37;ES;EUR;Spanish;10 days;False
FFCC153566;2015-12-01;PROV1485;2015-11-16;2015-12-04;15 days;Proveedor 386;IE;EUR;Intracommunity;20 days;True
FFCC153569;2015-12-01;PROV1398;2015-11-01;2015-12-04;30 days;Proveedor 322;CH;USD;Extracommunity;45 days;True
FFCC153573;2015-12-01;PROV40000520;2015-10-24;2015-12-04;38 days;Proveedor 17;ES;EUR;Spanish;10 days;False
FFCC153575;2015-12-01;PROV1834;2015-11-12;2015-12-04;19 days;Proveedor 677;CH;USD;Extracommunity;45 days;True
FFCC153576;2015-12-14;PROV1876;2015-11-27;2015-12-17;17 days;Proveedor 712;ES;EUR;Spanish;10 days;False
FFCC153578;2015-12-01;PROV40002220;2015-11-12;2015-12-04;19 days;Proveedor 36;ES;EUR;Spanish;10 days;False
FFCC153587;2015-12-12;PROV1734;2015-11-24;2015-12-15;18 days;Proveedor 593;ES;EUR;Spanish;10 days;False
FFCC153612;2015-12-22;PROV40002720;2015-12-01;2015-12-25;21 days;Proveedor 38;ES;EUR;Spanish;10 days;False
FFCC153614;2015-12-16;PROV1441;2015-11-20;2015-12-19;26 days;Proveedor 349;ES;EUR;Spanish;10 days;False
FFCC153615;2015-12-19;PROV40000850;2015-11-08;2015-12-22;41 days;Proveedor 21;ES;EUR;Spanish;10 days;False
FFCC153623;2015-12-11;PROV40000500;2015-10-31;2015-12-14;41 days;Proveedor 16;ES;EUR;Spanish;10 days;False
FFCC153625;2015-12-11;PROV40000520;2015-11-03;2015-12-14;38 days;Proveedor 17;ES;EUR;Spanish;10 days;False
FFCC153626;2015-12-04;PROV40000520;2015-10-11;2015-12-07;54 days;Proveedor 17;ES;EUR;Spanish;10 days;False
FFCC153635;2015-12-01;PROV1485;2015-10-27;2015-12-04;35 days;Proveedor 386;IE;EUR;Intracommunity;20 days;False
FFCC153636;2015-12-01;PROV1485;2015-10-04;2015-12-04;58 days;Proveedor 386;IE;EUR;Intracommunity;20 days;False
FFCC153640;2015-12-01;PROV1551;2015-11-29;2015-12-04;2 days;Proveedor 447;CH;USD;Extracommunity;45 days;True
FFCC153642;2015-12-10;PROV1485;2015-11-27;2015-12-13;13 days;Proveedor 386;IE;EUR;Intracommunity;20 days;True
FFCC153647;2015-12-22;PROV40002065;2015-11-13;2015-12-25;39 days;Proveedor 30;ES;EUR;Spanish;10 days;False
FFCC153649;2015-12-01;PROV1756;2015-11-10;2015-12-04;21 days;Proveedor 603;IN;USD;Extracommunity;45 days;True
FFCC153650;2015-12-30;PROV40000520;2015-11-18;2016-01-02;42 days;Proveedor 17;ES;EUR;Spanish;10 days;False
FFCC160019;2016-01-09;PROV40000850;2015-11-21;2016-01-12;49 days;Proveedor 21;ES;EUR;Spanish;10 days;False
FFCC160020;2016-01-11;PROV40002330;2015-12-28;2016-01-14;14 days;Proveedor 37;ES;EUR;Spanish;10 days;False
FFCC160021;2016-01-07;PROV1650;2015-12-17;2016-01-10;21 days;Proveedor 539;ES;EUR;Spanish;10 days;False
FFCC160022;2016-01-15;PROV40001470;2015-12-11;2016-01-18;35 days;Proveedor 26;ES;EUR;Spanish;10 days;False
FFCC160023;2016-01-15;PROV1129;2016-01-04;2016-01-18;11 days;Proveedor 207;ES;EUR;Spanish;10 days;False
FFCC160024;2016-01-18;PROV40000500;2015-12-28;2016-01-21;21 days;Proveedor 16;ES;EUR;Spanish;10 days;False
FFCC160025;2016-01-14;PROV40001825;2015-11-29;2016-01-17;46 days;Proveedor 29;ES;EUR;Spanish;10 days;False
FFCC160026;2016-01-08;PROV40001000;2015-11-27;2016-01-11;42 days;Proveedor 24;FR;EUR;Intracommunity;20 days;False
FFCC160027;2016-01-15;PROV40000520;2016-01-12;2016-01-18;3 days;Proveedor 17;ES;EUR;Spanish;10 days;True
FFCC160028;2016-01-11;PROV1441;2015-12-30;2016-01-14;12 days;Proveedor 349;ES;EUR;Spanish;10 days;False
FFCC160029;2016-01-14;PROV1734;2015-12-18;2016-01-17;27 days;Proveedor 593;ES;EUR;Spanish;10 days;False
FFCC160030;2016-01-25;PROV40000500;2015-12-11;2016-01-28;45 days;Proveedor 16;ES;EUR;Spanish;10 days;False
FFCC160031;2016-01-25;PROV40002720;2015-12-05;2016-01-28;51 days;Proveedor 38;ES;EUR;Spanish;10 days;False
FFCC160032;2016-01-16;PROV40002330;2015-12-15;2016-01-19;32 days;Proveedor 37;ES;EUR;Spanish;10 days;False
FFCC160033;2016-01-12;PROV1876;2015-12-31;2016-01-15;12 days;Proveedor 712;ES;EUR;Spanish;10 days;False
FFCC160073;2016-01-15;PROV1061;2016-01-06;2016-01-18;9 days;Proveedor 182;IN;USD;Extracommunity;45 days;True
FFCC160079;2016-02-01;PROV41000232;2015-12-31;2016-02-04;32 days;Proveedor 61;ES;EUR;Spanish;10 days;False
FFCC160080;2016-01-08;PROV1014;2015-12-09;2016-01-11;30 days;Proveedor 171;ES;EUR;Spanish;10 days;False
FFCC160081;2016-01-02;PROV1597;2015-12-24;2016-01-05;9 days;Proveedor 491;CH;USD;Extracommunity;45 days;True
FFCC160084;2016-01-13;PROV1014;2015-12-16;2016-01-16;28 days;Proveedor 171;ES;EUR;Spanish;10 days;False
FFCC160085;2016-01-02;PROV1834;2015-12-13;2016-01-05;20 days;Proveedor 677;CH;USD;Extracommunity;45 days;True
FFCC160088;2016-01-02;PROV1485;2015-11-11;2016-01-05;52 days;Proveedor 386;IE;EUR;Intracommunity;20 days;False
FFCC160092;2016-01-13;PROV1003;2015-12-11;2016-01-16;33 days;Proveedor 165;CN;USD;Extracommunity;45 days;True
FFCC160093;2016-01-02;PROV1428;2015-12-19;2016-01-05;14 days;Proveedor 341;CH;USD;Extracommunity;45 days;True
FFCC160096;2016-01-15;PROV1465;2015-12-21;2016-01-18;25 days;Proveedor 368;ES;EUR;Spanish;10 days;False
FFCC160097;2016-01-11;PROV1649;2015-12-17;2016-01-14;25 days;Proveedor 538;ES;EUR;Spanish;10 days;False
FFCC160098;2016-01-12;PROV1003;2015-12-17;2016-01-15;26 days;Proveedor 165;CN;USD;Extracommunity;45 days;True
FFCC160099;2016-01-31;PROV40002065;2015-12-16;2016-02-03;46 days;Proveedor 30;ES;EUR;Spanish;10 days;False
FFCC160100;2016-01-12;PROV40002220;2015-12-07;2016-01-15;36 days;Proveedor 36;ES;EUR;Spanish;10 days;False
FFCC160112;2016-01-02;PROV1398;2015-12-08;2016-01-05;25 days;Proveedor 322;CH;USD;Extracommunity;45 days;True
FFCC160119;2016-01-05;PROV40001000;2015-11-29;2016-01-08;37 days;Proveedor 24;FR;EUR;Intracommunity;20 days;False
FFCC160128;2016-01-21;PROV1397;2016-01-08;2016-01-24;13 days;Proveedor 321;PE;USD;Extracommunity;45 days;True
FFCC160130;2016-01-30;PROV40000850;2016-01-01;2016-02-02;29 days;Proveedor 21;ES;EUR;Spanish;10 days;False
FFCC160133;2016-01-02;PROV1585;2015-12-06;2016-01-05;27 days;Proveedor 479;CH;USD;Extracommunity;45 days;True
FFCC160148;2016-01-02;PROV1475;2015-11-25;2016-01-05;38 days;Proveedor 376;CH;USD;Extracommunity;45 days;True
FFCC160151;2016-01-15;PROV40000187;2015-12-14;2016-01-18;32 days;Proveedor 13;ES;EUR;Spanish;10 days;False
FFCC160152;2016-01-02;PROV1551;2015-12-01;2016-01-05;32 days;Proveedor 447;CH;USD;Extracommunity;45 days;True
FFCC160154;2016-01-02;PROV1585;2015-11-26;2016-01-05;37 days;Proveedor 479;CH;USD;Extracommunity;45 days;True
FFCC160156;2016-01-02;PROV1551;2015-12-01;2016-01-05;32 days;Proveedor 447;CH;USD;Extracommunity;45 days;True
FFCC160159;2016-01-28;PROV1485;2016-01-01;2016-01-31;27 days;Proveedor 386;IE;EUR;Intracommunity;20 days;False
FFCC160160;2016-01-10;PROV1485;2015-12-14;2016-01-13;27 days;Proveedor 386;IE;EUR;Intracommunity;20 days;False
FFCC160161;2016-01-31;PROV40002065;2015-12-09;2016-02-03;53 days;Proveedor 30;ES;EUR;Spanish;10 days;False
FFCC160162;2016-01-11;PROV1876;2015-12-28;2016-01-14;14 days;Proveedor 712;ES;EUR;Spanish;10 days;False
FFCC160166;2016-01-08;PROV1756;2015-11-28;2016-01-11;41 days;Proveedor 603;IN;USD;Extracommunity;45 days;True
FFCC160167;2016-01-20;PROV40000187;2015-12-09;2016-01-23;42 days;Proveedor 13;ES;EUR;Spanish;10 days;False
FFCC160168;2016-01-22;PROV40000520;2016-01-08;2016-01-25;14 days;Proveedor 17;ES;EUR;Spanish;10 days;False
FFCC160169;2016-01-31;PROV41000980;2015-12-11;2016-02-03;51 days;Proveedor 110;ES;EUR;Spanish;10 days;False
FFCC160198;2016-01-31;PROV1184;2015-12-23;2016-02-03;39 days;Proveedor 223;ES;EUR;Spanish;10 days;False
FFCC160199;2016-01-25;PROV1441;2015-12-26;2016-01-28;30 days;Proveedor 349;ES;EUR;Spanish;10 days;False
FFCC160202;2016-01-31;PROV40000520;2015-12-26;2016-02-03;36 days;Proveedor 17;ES;EUR;Spanish;10 days;False
FFCC160217;2016-01-25;PROV40002330;2015-12-05;2016-01-28;51 days;Proveedor 37;ES;EUR;Spanish;10 days;False
FFCC160231;2016-01-04;PROV1485;2015-12-03;2016-01-07;32 days;Proveedor 386;IE;EUR;Intracommunity;20 days;False
FFCC160232;2016-01-08;PROV1585;2015-11-30;2016-01-11;39 days;Proveedor 479;CH;USD;Extracommunity;45 days;True
FFCC160237;2016-01-02;PROV1597;2015-11-25;2016-01-05;38 days;Proveedor 491;CH;USD;Extracommunity;45 days;True
FFCC160253;2016-02-15;PROV1133;2016-01-21;2016-02-18;25 days;Proveedor 208;DE;EUR;Intracommunity;20 days;False
FFCC160311;2016-02-10;PROV1014;2015-12-27;2016-02-13;45 days;Proveedor 171;ES;EUR;Spanish;10 days;False
FFCC160312;2016-02-05;PROV40000520;2016-01-24;2016-02-08;12 days;Proveedor 17;ES;EUR;Spanish;10 days;False
FFCC160313;2016-02-10;PROV40001825;2016-01-27;2016-02-13;14 days;Proveedor 29;ES;EUR;Spanish;10 days;False
FFCC160314;2016-02-05;PROV1734;2015-12-25;2016-02-08;42 days;Proveedor 593;ES;EUR;Spanish;10 days;False
FFCC160318;2016-02-15;PROV1129;2016-01-05;2016-02-18;41 days;Proveedor 207;ES;EUR;Spanish;10 days;False
FFCC160319;2016-02-12;PROV40000850;2016-01-19;2016-02-15;24 days;Proveedor 21;ES;EUR;Spanish;10 days;False
FFCC160320;2016-02-01;PROV1428;2016-01-18;2016-02-04;14 days;Proveedor 341;CH;USD;Extracommunity;45 days;True
FFCC160328;2016-02-15;PROV40000500;2016-02-08;2016-02-18;7 days;Proveedor 16;ES;EUR;Spanish;10 days;True
FFCC160329;2016-02-03;PROV1014;2016-01-05;2016-02-06;29 days;Proveedor 171;ES;EUR;Spanish;10 days;False
FFCC160330;2016-02-03;PROV40001600;2015-12-26;2016-02-06;39 days;Proveedor 27;ES;EUR;Spanish;10 days;False
FFCC160331;2016-02-02;PROV1014;2015-12-30;2016-02-05;34 days;Proveedor 171;ES;EUR;Spanish;10 days;False
FFCC160332;2016-02-01;PROV1475;2016-01-24;2016-02-04;8 days;Proveedor 376;CH;USD;Extracommunity;45 days;True
FFCC160335;2016-02-03;PROV40001000;2015-12-28;2016-02-06;37 days;Proveedor 24;FR;EUR;Intracommunity;20 days;False
FFCC160336;2016-02-01;PROV1475;2016-01-06;2016-02-04;26 days;Proveedor 376;CH;USD;Extracommunity;45 days;True
FFCC160340;2016-02-01;PROV1398;2016-01-15;2016-02-04;17 days;Proveedor 322;CH;USD;Extracommunity;45 days;True
FFCC160343;2016-02-12;PROV1397;2016-02-01;2016-02-15;11 days;Proveedor 321;PE;USD;Extracommunity;45 days;True
FFCC160346;2016-02-17;PROV1650;2016-01-22;2016-02-20;26 days;Proveedor 539;ES;EUR;Spanish;10 days;False
FFCC160347;2016-02-15;PROV1170;2016-01-07;2016-02-18;39 days;Proveedor 221;ES;EUR;Spanish;10 days;False
FFCC160348;2016-02-10;PROV1465;2016-01-20;2016-02-13;21 days;Proveedor 368;ES;EUR;Spanish;10 days;False
FFCC160351;2016-02-10;PROV1441;2016-01-22;2016-02-13;19 days;Proveedor 349;ES;EUR;Spanish;10 days;False
FFCC160352;2016-02-10;PROV1650;2016-01-28;2016-02-13;13 days;Proveedor 539;ES;EUR;Spanish;10 days;False
FFCC160354;2016-02-06;PROV40002330;2015-12-22;2016-02-09;46 days;Proveedor 37;ES;EUR;Spanish;10 days;False
FFCC160356;2016-02-04;PROV1756;2016-01-24;2016-02-07;11 days;Proveedor 603;IN;USD;Extracommunity;45 days;True
FFCC160358;2016-02-09;PROV40002330;2015-12-29;2016-02-12;42 days;Proveedor 37;ES;EUR;Spanish;10 days;False
FFCC160361;2016-02-04;PROV40001000;2016-01-23;2016-02-07;12 days;Proveedor 24;FR;EUR;Intracommunity;20 days;True
FFCC160362;2016-02-11;PROV1650;2016-01-16;2016-02-14;26 days;Proveedor 539;ES;EUR;Spanish;10 days;False
FFCC160363;2016-02-02;PROV1484;2016-01-28;2016-02-05;5 days;Proveedor 385;ES;EUR;Spanish;10 days;True
FFCC160365;2016-02-22;PROV40000500;2016-01-10;2016-02-25;43 days;Proveedor 16;ES;EUR;Spanish;10 days;False
FFCC160382;2016-02-01;PROV1398;2016-01-14;2016-02-04;18 days;Proveedor 322;CH;USD;Extracommunity;45 days;True
FFCC160385;2016-02-02;PROV40002220;2015-12-13;2016-02-05;51 days;Proveedor 36;ES;EUR;Spanish;10 days;False
FFCC160391;2016-02-12;PROV40000520;2016-01-04;2016-02-15;39 days;Proveedor 17;ES;EUR;Spanish;10 days;False
FFCC160415;2016-02-01;PROV1485;2015-12-21;2016-02-04;42 days;Proveedor 386;IE;EUR;Intracommunity;20 days;False
FFCC160417;2016-02-01;PROV1733;2016-01-04;2016-02-04;28 days;Proveedor 592;CH;USD;Extracommunity;45 days;True
FFCC160420;2016-02-12;PROV1061;2016-01-29;2016-02-15;14 days;Proveedor 182;IN;USD;Extracommunity;45 days;True
FFCC160425;2016-02-20;PROV40002330;2016-01-20;2016-02-23;31 days;Proveedor 37;ES;EUR;Spanish;10 days;False
FFCC160426;2016-02-25;PROV40002720;2016-01-11;2016-02-28;45 days;Proveedor 38;ES;EUR;Spanish;10 days;False
FFCC160432;2016-02-01;PROV1585;2015-12-20;2016-02-04;43 days;Proveedor 479;CH;USD;Extracommunity;45 days;True
FFCC160435;2016-02-01;PROV1875;2015-12-15;2016-02-04;48 days;Proveedor 711;CH;USD;Extracommunity;45 days;False
FFCC160438;2016-02-23;PROV1876;2016-01-29;2016-02-26;25 days;Proveedor 712;ES;EUR;Spanish;10 days;False
FFCC160439;2016-02-19;PROV1876;2016-02-01;2016-02-22;18 days;Proveedor 712;ES;EUR;Spanish;10 days;False
FFCC160440;2016-02-22;PROV1443;2016-02-13;2016-02-25;9 days;Proveedor 351;ES;EUR;Spanish;10 days;True
FFCC160442;2016-02-20;PROV1734;2016-01-11;2016-02-23;40 days;Proveedor 593;ES;EUR;Spanish;10 days;False
FFCC160443;2016-02-05;PROV1876;2016-01-06;2016-02-08;30 days;Proveedor 712;ES;EUR;Spanish;10 days;False
FFCC160444;2016-02-10;PROV1003;2016-01-05;2016-02-13;36 days;Proveedor 165;CN;USD;Extracommunity;45 days;True
FFCC160498;2016-02-10;PROV40000187;2016-01-03;2016-02-13;38 days;Proveedor 13;ES;EUR;Spanish;10 days;False
FFCC160499;2016-02-29;PROV40002065;2016-01-17;2016-03-03;43 days;Proveedor 30;ES;EUR;Spanish;10 days;False
FFCC160500;2016-02-20;PROV40000850;2016-02-10;2016-02-23;10 days;Proveedor 21;ES;EUR;Spanish;10 days;True
FFCC160501;2016-02-15;PROV1027;2016-01-26;2016-02-18;20 days;Proveedor 178;ES;EUR;Spanish;10 days;False
FFCC160507;2016-02-24;PROV1441;2016-02-08;2016-02-27;16 days;Proveedor 349;ES;EUR;Spanish;10 days;False
FFCC160513;2016-02-15;PROV1485;2016-01-05;2016-02-18;41 days;Proveedor 386;IE;EUR;Intracommunity;20 days;False
FFCC160523;2016-02-08;PROV40000500;2016-01-24;2016-02-11;15 days;Proveedor 16;ES;EUR;Spanish;10 days;False
FFCC160529;2016-02-01;PROV1551;2016-01-02;2016-02-04;30 days;Proveedor 447;CH;USD;Extracommunity;45 days;True
FFCC160530;2016-02-19;PROV40000520;2016-01-30;2016-02-22;20 days;Proveedor 17;ES;EUR;Spanish;10 days;False
FFCC160531;2016-02-18;PROV1649;2015-12-31;2016-02-21;49 days;Proveedor 538;ES;EUR;Spanish;10 days;False
FFCC160532;2016-02-29;PROV1649;2016-02-02;2016-03-03;27 days;Proveedor 538;ES;EUR;Spanish;10 days;False
FFCC160533;2016-02-29;PROV40000520;2016-01-28;2016-03-03;32 days;Proveedor 17;ES;EUR;Spanish;10 days;False
FFCC160548;2016-02-03;PROV40002330;2016-01-12;2016-02-06;22 days;Proveedor 37;ES;EUR;Spanish;10 days;False
FFCC160549;2016-02-01;PROV1441;2016-01-05;2016-02-04;27 days;Proveedor 349;ES;EUR;Spanish;10 days;False
FFCC160559;2016-02-01;PROV1475;2015-12-05;2016-02-04;58 days;Proveedor 376;CH;USD;Extracommunity;45 days;False
FFCC160599;2016-03-01;PROV40000850;2016-01-26;2016-03-04;35 days;Proveedor 21;ES;EUR;Spanish;10 days;False
FFCC160600;2016-03-01;PROV40000500;2016-02-05;2016-03-04;25 days;Proveedor 16;ES;EUR;Spanish;10 days;False
FFCC160601;2016-03-01;PROV40002220;2016-01-26;2016-03-04;35 days;Proveedor 36;ES;EUR;Spanish;10 days;False
FFCC160602;2016-03-05;PROV1734;2016-02-11;2016-03-08;23 days;Proveedor 593;ES;EUR;Spanish;10 days;False
FFCC160603;2016-03-02;PROV40000235;2016-02-18;2016-03-05;13 days;Proveedor 15;ES;EUR;Spanish;10 days;False
FFCC160604;2016-03-07;PROV40000500;2016-01-26;2016-03-10;41 days;Proveedor 16;ES;EUR;Spanish;10 days;False
FFCC160605;2016-03-03;PROV40001825;2016-01-29;2016-03-06;34 days;Proveedor 29;ES;EUR;Spanish;10 days;False
FFCC160606;2016-03-16;PROV1003;2016-03-07;2016-03-19;9 days;Proveedor 165;CN;USD;Extracommunity;45 days;True
FFCC160607;2016-03-03;PROV1895;2016-01-12;2016-03-06;51 days;Proveedor 8;ES;EUR;Spanish;10 days;False
FFCC160608;2016-03-03;PROV1756;2016-01-14;2016-03-06;49 days;Proveedor 603;IN;USD;Extracommunity;45 days;False
FFCC160609;2016-03-09;PROV1465;2016-02-02;2016-03-12;36 days;Proveedor 368;ES;EUR;Spanish;10 days;False
FFCC160610;2016-03-01;PROV1397;2016-01-05;2016-03-04;56 days;Proveedor 321;PE;USD;Extracommunity;45 days;False
FFCC160611;2016-03-15;PROV1129;2016-02-21;2016-03-18;23 days;Proveedor 207;ES;EUR;Spanish;10 days;False
FFCC160612;2016-03-10;PROV1650;2016-01-23;2016-03-13;47 days;Proveedor 539;ES;EUR;Spanish;10 days;False
FFCC160619;2016-03-09;PROV1061;2016-02-02;2016-03-12;36 days;Proveedor 182;IN;USD;Extracommunity;45 days;True
FFCC160651;2016-03-02;PROV1428;2016-02-04;2016-03-05;27 days;Proveedor 341;CH;USD;Extracommunity;45 days;True
FFCC160654;2016-03-15;PROV1170;2016-02-14;2016-03-18;30 days;Proveedor 221;ES;EUR;Spanish;10 days;False
FFCC160655;2016-03-17;PROV1734;2016-02-07;2016-03-20;39 days;Proveedor 593;ES;EUR;Spanish;10 days;False
FFCC160656;2016-03-15;PROV1465;2016-03-08;2016-03-18;7 days;Proveedor 368;ES;EUR;Spanish;10 days;True
FFCC160657;2016-03-16;PROV1441;2016-02-11;2016-03-19;34 days;Proveedor 349;ES;EUR;Spanish;10 days;False
FFCC160658;2016-03-16;PROV1484;2016-02-08;2016-03-19;37 days;Proveedor 385;ES;EUR;Spanish;10 days;False
FFCC160659;2016-03-11;PROV40001000;2016-01-24;2016-03-14;47 days;Proveedor 24;FR;EUR;Intracommunity;20 days;False
FFCC160660;2016-03-08;PROV40001000;2016-01-18;2016-03-11;50 days;Proveedor 24;FR;EUR;Intracommunity;20 days;False
FFCC160664;2016-03-01;PROV1485;2016-01-29;2016-03-04;32 days;Proveedor 386;IE;EUR;Intracommunity;20 days;False
FFCC160671;2016-03-10;PROV1485;2016-02-09;2016-03-13;30 days;Proveedor 386;IE;EUR;Intracommunity;20 days;False
FFCC160674;2016-03-23;PROV40002720;2016-03-10;2016-03-26;13 days;Proveedor 38;ES;EUR;Spanish;10 days;False
FFCC160675;2016-03-14;PROV1027;2016-02-15;2016-03-17;28 days;Proveedor 178;ES;EUR;Spanish;10 days;False
FFCC160676;2016-03-20;PROV40000187;2016-02-18;2016-03-23;31 days;Proveedor 13;ES;EUR;Spanish;10 days;False
FFCC160677;2016-03-18;PROV40000500;2016-03-04;2016-03-21;14 days;Proveedor 16;ES;EUR;Spanish;10 days;False
FFCC160678;2016-03-01;PROV1875;2016-01-29;2016-03-04;32 days;Proveedor 711;CH;USD;Extracommunity;45 days;True
FFCC160681;2016-03-01;PROV1551;2016-01-10;2016-03-04;51 days;Proveedor 447;CH;USD;Extracommunity;45 days;False
FFCC160684;2016-03-11;PROV40000520;2016-01-15;2016-03-14;56 days;Proveedor 17;ES;EUR;Spanish;10 days;False
FFCC160693;2016-03-15;PROV1014;2016-02-14;2016-03-18;30 days;Proveedor 171;ES;EUR;Spanish;10 days;False
FFCC160694;2016-03-11;PROV1014;2016-02-10;2016-03-14;30 days;Proveedor 171;ES;EUR;Spanish;10 days;False
FFCC160695;2016-03-17;PROV40001000;2016-02-10;2016-03-20;36 days;Proveedor 24;FR;EUR;Intracommunity;20 days;False
FFCC160696;2016-03-01;PROV40000520;2016-02-10;2016-03-04;20 days;Proveedor 17;ES;EUR;Spanish;10 days;False
FFCC160698;2016-03-01;PROV1485;2016-01-26;2016-03-04;35 days;Proveedor 386;IE;EUR;Intracommunity;20 days;False
FFCC160705;2016-03-18;PROV1649;2016-02-12;2016-03-21;35 days;Proveedor 538;ES;EUR;Spanish;10 days;False
FFCC160706;2016-03-21;PROV1876;2016-02-26;2016-03-24;24 days;Proveedor 712;ES;EUR;Spanish;10 days;False
FFCC160707;2016-03-22;PROV1876;2016-02-22;2016-03-25;29 days;Proveedor 712;ES;EUR;Spanish;10 days;False
FFCC160723;2016-03-19;PROV40002330;2016-02-24;2016-03-22;24 days;Proveedor 37;ES;EUR;Spanish;10 days;False
FFCC160725;2016-03-01;PROV1398;2016-01-22;2016-03-04;39 days;Proveedor 322;CH;USD;Extracommunity;45 days;True
FFCC160735;2016-03-19;PROV40000850;2016-02-24;2016-03-22;24 days;Proveedor 21;ES;EUR;Spanish;10 days;False
FFCC160747;2016-03-23;PROV1443;2016-03-04;2016-03-26;19 days;Proveedor 351;ES;EUR;Spanish;10 days;False
FFCC160748;2016-03-29;PROV1650;2016-01-31;2016-04-01;58 days;Proveedor 539;ES;EUR;Spanish;10 days;False
FFCC160749;2016-03-30;PROV40000500;2016-02-20;2016-04-02;39 days;Proveedor 16;ES;EUR;Spanish;10 days;False
FFCC160750;2016-03-31;PROV40002065;2016-03-19;2016-04-03;12 days;Proveedor 30;ES;EUR;Spanish;10 days;False
FFCC160783;2016-03-21;PROV1397;2016-02-10;2016-03-24;40 days;Proveedor 321;PE;USD;Extracommunity;45 days;True
FFCC160785;2016-03-31;PROV40000187;2016-03-23;2016-04-03;8 days;Proveedor 13;ES;EUR;Spanish;10 days;True
FFCC160786;2016-03-24;PROV1485;2016-03-15;2016-03-27;9 days;Proveedor 386;IE;EUR;Intracommunity;20 days;True
FFCC160787;2016-03-18;PROV40000520;2016-02-29;2016-03-21;18 days;Proveedor 17;ES;EUR;Spanish;10 days;False
FFCC160788;2016-03-31;PROV40000850;2016-03-07;2016-04-03;24 days;Proveedor 21;ES;EUR;Spanish;10 days;False
FFCC160796;2016-03-31;PROV41000980;2016-03-19;2016-04-03;12 days;Proveedor 110;ES;EUR;Spanish;10 days;False
FFCC160804;2016-03-01;PROV1597;2016-01-25;2016-03-04;36 days;Proveedor 491;CH;USD;Extracommunity;45 days;True
FFCC160807;2016-03-01;PROV1585;2016-02-18;2016-03-04;12 days;Proveedor 479;CH;USD;Extracommunity;45 days;True
FFCC160821;2016-03-31;PROV1734;2016-03-13;2016-04-03;18 days;Proveedor 593;ES;EUR;Spanish;10 days;False
FFCC160822;2016-03-25;PROV1441;2016-03-06;2016-03-28;19 days;Proveedor 349;ES;EUR;Spanish;10 days;False
FFCC160823;2016-03-25;PROV40000520;2016-02-27;2016-03-28;27 days;Proveedor 17;ES;EUR;Spanish;10 days;False
FFCC160827;2016-03-31;PROV40000520;2016-02-16;2016-04-03;44 days;Proveedor 17;ES;EUR;Spanish;10 days;False
FFCC160828;2016-03-17;PROV1061;2016-02-13;2016-03-20;33 days;Proveedor 182;IN;USD;Extracommunity;45 days;True
FFCC160839;2016-03-01;PROV1475;2016-02-15;2016-03-04;15 days;Proveedor 376;CH;USD;Extracommunity;45 days;True
FFCC160854;2016-03-23;PROV40002220;2016-02-10;2016-03-26;42 days;Proveedor 36;ES;EUR;Spanish;10 days;False
FFCC160858;2016-03-22;PROV1756;2016-02-22;2016-03-25;29 days;Proveedor 603;IN;USD;Extracommunity;45 days;True
FFCC160859;2016-03-15;PROV40001470;2016-02-04;2016-03-18;40 days;Proveedor 26;ES;EUR;Spanish;10 days;False
FFCC160871;2016-03-20;PROV1795;2016-02-04;2016-03-23;45 days;Proveedor 7;ES;EUR;Spanish;10 days;False
FFCC160909;2016-04-14;PROV1650;2016-03-04;2016-04-17;41 days;Proveedor 539;ES;EUR;Spanish;10 days;False
FFCC160910;2016-04-11;PROV1650;2016-03-10;2016-04-14;32 days;Proveedor 539;ES;EUR;Spanish;10 days;False
FFCC160911;2016-04-15;PROV1129;2016-03-04;2016-04-18;42 days;Proveedor 207;ES;EUR;Spanish;10 days;False
FFCC160912;2016-04-01;PROV1834;2016-03-19;2016-04-04;13 days;Proveedor 677;CH;USD;Extracommunity;45 days;True
FFCC160915;2016-04-09;PROV1475;2016-03-20;2016-04-12;20 days;Proveedor 376;CH;USD;Extracommunity;45 days;True
FFCC160918;2016-04-05;PROV1734;2016-02-23;2016-04-08;42 days;Proveedor 593;ES;EUR;Spanish;10 days;False
FFCC160919;2016-04-08;PROV1484;2016-03-24;2016-04-11;15 days;Proveedor 385;ES;EUR;Spanish;10 days;False
FFCC160920;2016-04-01;PROV1061;2016-03-16;2016-04-04;16 days;Proveedor 182;IN;USD;Extracommunity;45 days;True
FFCC160921;2016-04-01;PROV1870;2016-03-11;2016-04-04;21 days;Proveedor 707;IE;EUR;Intracommunity;20 days;False
FFCC160923;2016-04-05;PROV1003;2016-02-25;2016-04-08;40 days;Proveedor 165;CN;USD;Extracommunity;45 days;True
FFCC160924;2016-04-19;PROV1003;2016-03-06;2016-04-22;44 days;Proveedor 165;CN;USD;Extracommunity;45 days;True
FFCC160925;2016-04-12;PROV1061;2016-02-25;2016-04-15;47 days;Proveedor 182;IN;USD;Extracommunity;45 days;False
FFCC160926;2016-04-07;PROV40001000;2016-03-17;2016-04-10;21 days;Proveedor 24;FR;EUR;Intracommunity;20 days;False
FFCC160927;2016-04-01;PROV1485;2016-02-07;2016-04-04;54 days;Proveedor 386;IE;EUR;Intracommunity;20 days;False
FFCC160928;2016-04-01;PROV1485;2016-03-10;2016-04-04;22 days;Proveedor 386;IE;EUR;Intracommunity;20 days;False
FFCC160929;2016-04-01;PROV1485;2016-03-04;2016-04-04;28 days;Proveedor 386;IE;EUR;Intracommunity;20 days;False
FFCC160930;2016-04-01;PROV1485;2016-02-12;2016-04-04;49 days;Proveedor 386;IE;EUR;Intracommunity;20 days;False
FFCC160932;2016-04-01;PROV1485;2016-03-13;2016-04-04;19 days;Proveedor 386;IE;EUR;Intracommunity;20 days;True
FFCC160934;2016-04-01;PROV40002220;2016-02-12;2016-04-04;49 days;Proveedor 36;ES;EUR;Spanish;10 days;False
FFCC160937;2016-04-15;PROV40000500;2016-03-22;2016-04-18;24 days;Proveedor 16;ES;EUR;Spanish;10 days;False
FFCC160950;2016-04-15;PROV40000850;2016-03-01;2016-04-18;45 days;Proveedor 21;ES;EUR;Spanish;10 days;False
FFCC160951;2016-04-15;PROV40001825;2016-02-27;2016-04-18;48 days;Proveedor 29;ES;EUR;Spanish;10 days;False
FFCC160953;2016-04-01;PROV1475;2016-02-19;2016-04-04;42 days;Proveedor 376;CH;USD;Extracommunity;45 days;True
FFCC160955;2016-04-15;PROV40000520;2016-03-09;2016-04-18;37 days;Proveedor 17;ES;EUR;Spanish;10 days;False
FFCC160956;2016-04-01;PROV1398;2016-03-04;2016-04-04;28 days;Proveedor 322;CH;USD;Extracommunity;45 days;True
FFCC160962;2016-04-01;PROV1597;2016-02-17;2016-04-04;44 days;Proveedor 491;CH;USD;Extracommunity;45 days;True
FFCC160964;2016-04-12;PROV1014;2016-03-11;2016-04-15;32 days;Proveedor 171;ES;EUR;Spanish;10 days;False
FFCC160965;2016-04-01;PROV1428;2016-03-07;2016-04-04;25 days;Proveedor 341;CH;USD;Extracommunity;45 days;True
FFCC160968;2016-04-08;PROV40000850;2016-03-03;2016-04-11;36 days;Proveedor 21;ES;EUR;Spanish;10 days;False
FFCC160969;2016-04-08;PROV40000500;2016-03-18;2016-04-11;21 days;Proveedor 16;ES;EUR;Spanish;10 days;False
FFCC160973;2016-04-12;PROV1756;2016-03-31;2016-04-15;12 days;Proveedor 603;IN;USD;Extracommunity;45 days;True
FFCC160979;2016-04-20;PROV1441;2016-04-06;2016-04-23;14 days;Proveedor 349;ES;EUR;Spanish;10 days;False
FFCC160980;2016-04-11;PROV40002330;2016-03-25;2016-04-14;17 days;Proveedor 37;ES;EUR;Spanish;10 days;False
FFCC160989;2016-04-15;PROV1014;2016-03-31;2016-04-18;15 days;Proveedor 171;ES;EUR;Spanish;10 days;False
FFCC160997;2016-04-10;PROV1465;2016-02-16;2016-04-13;54 days;Proveedor 368;ES;EUR;Spanish;10 days;False
FFCC160998;2016-04-15;PROV1485;2016-04-09;2016-04-18;6 days;Proveedor 386;IE;EUR;Intracommunity;20 days;True
FFCC161000;2016-04-21;PROV1895;2016-03-13;2016-04-24;39 days;Proveedor 8;ES;EUR;Spanish;10 days;False
FFCC161001;2016-04-13;PROV1485;2016-03-26;2016-04-16;18 days;Proveedor 386;IE;EUR;Intracommunity;20 days;True
FFCC161019;2016-04-01;PROV1475;2016-03-13;2016-04-04;19 days;Proveedor 376;CH;USD;Extracommunity;45 days;True
FFCC161022;2016-04-01;PROV1585;2016-02-10;2016-04-04;51 days;Proveedor 479;CH;USD;Extracommunity;45 days;False
FFCC161026;2016-04-01;PROV1585;2016-03-03;2016-04-04;29 days;Proveedor 479;CH;USD;Extracommunity;45 days;True
FFCC161048;2016-04-18;PROV40002330;2016-02-29;2016-04-21;49 days;Proveedor 37;ES;EUR;Spanish;10 days;False
FFCC161049;2016-04-28;PROV1485;2016-04-10;2016-05-01;18 days;Proveedor 386;IE;EUR;Intracommunity;20 days;True
FFCC161055;2016-04-30;PROV41000980;2016-03-05;2016-05-03;56 days;Proveedor 110;ES;EUR;Spanish;10 days;False
FFCC161057;2016-04-30;PROV40002065;2016-03-10;2016-05-03;51 days;Proveedor 30;ES;EUR;Spanish;10 days;False
FFCC161058;2016-04-12;PROV40000735;2016-03-31;2016-04-15;12 days;Proveedor 19;ES;EUR;Spanish;10 days;False
FFCC161059;2016-04-25;PROV1027;2016-03-11;2016-04-28;45 days;Proveedor 178;ES;EUR;Spanish;10 days;False
FFCC161060;2016-04-25;PROV40002720;2016-04-08;2016-04-28;17 days;Proveedor 38;ES;EUR;Spanish;10 days;False
FFCC161061;2016-04-20;PROV1734;2016-04-11;2016-04-23;9 days;Proveedor 593;ES;EUR;Spanish;10 days;True
FFCC161062;2016-04-15;PROV40000187;2016-03-26;2016-04-18;20 days;Proveedor 13;ES;EUR;Spanish;10 days;False
FFCC161064;2016-04-25;PROV40000187;2016-03-07;2016-04-28;49 days;Proveedor 13;ES;EUR;Spanish;10 days;False
FFCC161069;2016-04-27;PROV1876;2016-03-24;2016-04-30;34 days;Proveedor 712;ES;EUR;Spanish;10 days;False
FFCC161070;2016-04-15;PROV40001000;2016-03-15;2016-04-18;31 days;Proveedor 24;FR;EUR;Intracommunity;20 days;False
FFCC161078;2016-04-23;PROV40002330;2016-03-25;2016-04-26;29 days;Proveedor 37;ES;EUR;Spanish;10 days;False
FFCC161079;2016-04-30;PROV40000850;2016-03-17;2016-05-03;44 days;Proveedor 21;ES;EUR;Spanish;10 days;False
FFCC161128;2016-04-30;PROV1465;2016-03-28;2016-05-03;33 days;Proveedor 368;ES;EUR;Spanish;10 days;False
FFCC161129;2016-04-30;PROV1129;2016-04-08;2016-05-03;22 days;Proveedor 207;ES;EUR;Spanish;10 days;False
FFCC161130;2016-04-22;PROV1734;2016-02-28;2016-04-25;54 days;Proveedor 593;ES;EUR;Spanish;10 days;False
FFCC161141;2016-04-19;PROV1670;2016-04-13;2016-04-22;6 days;Proveedor 558;ES;EUR;Spanish;10 days;True
FFCC161142;2016-04-19;PROV1670;2016-04-05;2016-04-22;14 days;Proveedor 558;ES;EUR;Spanish;10 days;False
FFCC161149;2016-04-08;PROV40002065;2016-03-06;2016-04-11;33 days;Proveedor 30;ES;EUR;Spanish;10 days;False
FFCC161151;2016-04-22;PROV40000520;2016-03-27;2016-04-25;26 days;Proveedor 17;ES;EUR;Spanish;10 days;False
FFCC161156;2016-04-14;PROV1875;2016-03-30;2016-04-17;15 days;Proveedor 711;CH;USD;Extracommunity;45 days;True
FFCC161159;2016-04-30;PROV40000520;2016-04-13;2016-05-03;17 days;Proveedor 17;ES;EUR;Spanish;10 days;False
FFCC161161;2016-04-21;PROV1428;2016-03-01;2016-04-24;51 days;Proveedor 341;CH;USD;Extracommunity;45 days;False
FFCC161164;2016-04-29;PROV1734;2016-04-17;2016-05-02;12 days;Proveedor 593;ES;EUR;Spanish;10 days;False
FFCC161175;2016-04-20;PROV1790;2016-04-01;2016-04-23;19 days;Proveedor 637;ES;EUR;Spanish;10 days;False
FFCC161183;2016-04-26;PROV40000235;2016-04-04;2016-04-29;22 days;Proveedor 15;ES;EUR;Spanish;10 days;False
FFCC161185;2016-04-15;PROV1734;2016-02-20;2016-04-18;55 days;Proveedor 593;ES;EUR;Spanish;10 days;False
FFCC161186;2016-04-28;PROV1441;2016-04-01;2016-05-01;27 days;Proveedor 349;ES;EUR;Spanish;10 days;False
FFCC161190;2016-04-15;PROV1649;2016-02-24;2016-04-18;51 days;Proveedor 538;ES;EUR;Spanish;10 days;False
FFCC161191;2016-04-27;PROV1649;2016-04-13;2016-04-30;14 days;Proveedor 538;ES;EUR;Spanish;10 days;False
FFCC161192;2016-04-26;PROV1649;2016-04-12;2016-04-29;14 days;Proveedor 538;ES;EUR;Spanish;10 days;False
FFCC161197;2016-04-22;PROV1061;2016-04-19;2016-04-25;3 days;Proveedor 182;IN;USD;Extracommunity;45 days;True
FFCC161198;2016-04-01;PROV1551;2016-03-03;2016-04-04;29 days;Proveedor 447;CH;USD;Extracommunity;45 days;True
FFCC161214;2016-04-01;PROV1585;2016-03-11;2016-04-04;21 days;Proveedor 479;CH;USD;Extracommunity;45 days;True
FFCC161215;2016-04-01;PROV1834;2016-02-24;2016-04-04;37 days;Proveedor 677;CH;USD;Extracommunity;45 days;True
FFCC161216;2016-04-29;PROV40002220;2016-03-12;2016-05-02;48 days;Proveedor 36;ES;EUR;Spanish;10 days;False
FFCC161236;2016-05-16;PROV1129;2016-04-23;2016-05-19;23 days;Proveedor 207;ES;EUR;Spanish;10 days;False
FFCC161237;2016-05-02;PROV40002330;2016-03-21;2016-05-05;42 days;Proveedor 37;ES;EUR;Spanish;10 days;False
FFCC161238;2016-05-06;PROV40000500;2016-04-01;2016-05-09;35 days;Proveedor 16;ES;EUR;Spanish;10 days;False
FFCC161239;2016-05-12;PROV1734;2016-04-22;2016-05-15;20 days;Proveedor 593;ES;EUR;Spanish;10 days;False
FFCC161240;2016-05-01;PROV40000187;2016-04-17;2016-05-04;14 days;Proveedor 13;ES;EUR;Spanish;10 days;False
FFCC161241;2016-05-06;PROV40000850;2016-04-29;2016-05-09;7 days;Proveedor 21;ES;EUR;Spanish;10 days;True
FFCC161242;2016-05-01;PROV1170;2016-04-18;2016-05-04;13 days;Proveedor 221;ES;EUR;Spanish;10 days;False
FFCC161243;2016-05-05;PROV1649;2016-04-25;2016-05-08;10 days;Proveedor 538;ES;EUR;Spanish;10 days;True
FFCC161244;2016-05-05;PROV1649;2016-03-17;2016-05-08;49 days;Proveedor 538;ES;EUR;Spanish;10 days;False
FFCC161245;2016-05-04;PROV1650;2016-03-30;2016-05-07;35 days;Proveedor 539;ES;EUR;Spanish;10 days;False
FFCC161246;2016-05-01;PROV40002220;2016-04-19;2016-05-04;12 days;Proveedor 36;ES;EUR;Spanish;10 days;False
FFCC161247;2016-05-11;PROV40001000;2016-05-01;2016-05-14;10 days;Proveedor 24;FR;EUR;Intracommunity;20 days;True
FFCC161248;2016-05-07;PROV40002330;2016-04-01;2016-05-10;36 days;Proveedor 37;ES;EUR;Spanish;10 days;False
FFCC161249;2016-05-12;PROV40000235;2016-03-25;2016-05-15;48 days;Proveedor 15;ES;EUR;Spanish;10 days;False
FFCC161265;2016-05-01;PROV1428;2016-04-14;2016-05-04;17 days;Proveedor 341;CH;USD;Extracommunity;45 days;True
FFCC161269;2016-05-05;PROV1003;2016-04-03;2016-05-08;32 days;Proveedor 165;CN;USD;Extracommunity;45 days;True
FFCC161272;2016-05-14;PROV1734;2016-04-08;2016-05-17;36 days;Proveedor 593;ES;EUR;Spanish;10 days;False
FFCC161274;2016-05-01;PROV1397;2016-04-16;2016-05-04;15 days;Proveedor 321;PE;USD;Extracommunity;45 days;True
FFCC161276;2016-05-04;PROV40001000;2016-03-18;2016-05-07;47 days;Proveedor 24;FR;EUR;Intracommunity;20 days;False
FFCC161278;2016-05-01;PROV1485;2016-03-28;2016-05-04;34 days;Proveedor 386;IE;EUR;Intracommunity;20 days;False
FFCC161282;2016-05-06;PROV40000520;2016-03-14;2016-05-09;53 days;Proveedor 17;ES;EUR;Spanish;10 days;False
FFCC161283;2016-05-01;PROV40001825;2016-03-21;2016-05-04;41 days;Proveedor 29;ES;EUR;Spanish;10 days;False
FFCC161284;2016-05-15;PROV1323;2016-05-12;2016-05-18;3 days;Proveedor 281;ES;EUR;Spanish;10 days;True
FFCC161285;2016-05-11;PROV1475;2016-03-29;2016-05-14;43 days;Proveedor 376;CH;USD;Extracommunity;45 days;True
FFCC161288;2016-05-06;PROV1397;2016-03-27;2016-05-09;40 days;Proveedor 321;PE;USD;Extracommunity;45 days;True
FFCC161290;2016-05-01;PROV1870;2016-04-16;2016-05-04;15 days;Proveedor 707;IE;EUR;Intracommunity;20 days;True
FFCC161292;2016-05-01;PROV1875;2016-04-05;2016-05-04;26 days;Proveedor 711;CH;USD;Extracommunity;45 days;True
FFCC161297;2016-05-01;PROV1061;2016-04-17;2016-05-04;14 days;Proveedor 182;IN;USD;Extracommunity;45 days;True
FFCC161301;2016-05-01;PROV1398;2016-03-22;2016-05-04;40 days;Proveedor 322;CH;USD;Extracommunity;45 days;True
FFCC161305;2016-05-10;PROV1479;2016-04-27;2016-05-13;13 days;Proveedor 380;ES;EUR;Spanish;10 days;False
FFCC161307;2016-05-04;PROV1756;2016-04-04;2016-05-07;30 days;Proveedor 603;IN;USD;Extracommunity;45 days;True
FFCC161322;2016-05-10;PROV1428;2016-03-22;2016-05-13;49 days;Proveedor 341;CH;USD;Extracommunity;45 days;False
FFCC161325;2016-05-01;PROV1014;2016-04-13;2016-05-04;18 days;Proveedor 171;ES;EUR;Spanish;10 days;False
FFCC161326;2016-05-01;PROV1834;2016-03-15;2016-05-04;47 days;Proveedor 677;CH;USD;Extracommunity;45 days;False
FFCC161330;2016-05-01;PROV1585;2016-04-12;2016-05-04;19 days;Proveedor 479;CH;USD;Extracommunity;45 days;True
FFCC161339;2016-05-01;PROV1475;2016-03-10;2016-05-04;52 days;Proveedor 376;CH;USD;Extracommunity;45 days;False
FFCC161342;2016-05-17;PROV1014;2016-05-05;2016-05-20;12 days;Proveedor 171;ES;EUR;Spanish;10 days;False
FFCC161350;2016-05-26;PROV1734;2016-05-16;2016-05-29;10 days;Proveedor 593;ES;EUR;Spanish;10 days;True
FFCC161351;2016-05-11;PROV1027;2016-04-18;2016-05-14;23 days;Proveedor 178;ES;EUR;Spanish;10 days;False
FFCC161353;2016-05-13;PROV40000520;2016-04-15;2016-05-16;28 days;Proveedor 17;ES;EUR;Spanish;10 days;False
FFCC161355;2016-05-19;PROV1397;2016-04-22;2016-05-22;27 days;Proveedor 321;PE;USD;Extracommunity;45 days;True
FFCC161357;2016-05-25;PROV40002720;2016-05-19;2016-05-28;6 days;Proveedor 38;ES;EUR;Spanish;10 days;True
FFCC161358;2016-05-19;PROV1734;2016-04-08;2016-05-22;41 days;Proveedor 593;ES;EUR;Spanish;10 days;False
FFCC161359;2016-05-16;PROV40002330;2016-04-13;2016-05-19;33 days;Proveedor 37;ES;EUR;Spanish;10 days;False
FFCC161361;2016-05-31;PROV40001470;2016-04-30;2016-06-03;31 days;Proveedor 26;ES;EUR;Spanish;10 days;False
FFCC161362;2016-05-30;PROV40000850;2016-04-08;2016-06-02;52 days;Proveedor 21;ES;EUR;Spanish;10 days;False
FFCC161363;2016-05-13;PROV40000850;2016-04-09;2016-05-16;34 days;Proveedor 21;ES;EUR;Spanish;10 days;False
FFCC161364;2016-05-01;PROV1597;2016-03-24;2016-05-04;38 days;Proveedor 491;CH;USD;Extracommunity;45 days;True
FFCC161400;2016-05-31;PROV40002065;2016-05-24;2016-06-03;7 days;Proveedor 30;ES;EUR;Spanish;10 days;True
FFCC161401;2016-05-25;PROV1441;2016-05-16;2016-05-28;9 days;Proveedor 349;ES;EUR;Spanish;10 days;True
FFCC161402;2016-05-06;PROV1485;2016-03-28;2016-05-09;39 days;Proveedor 386;IE;EUR;Intracommunity;20 days;False
FFCC161405;2016-05-20;PROV40000500;2016-04-19;2016-05-23;31 days;Proveedor 16;ES;EUR;Spanish;10 days;False
FFCC161406;2016-05-20;PROV1485;2016-05-07;2016-05-23;13 days;Proveedor 386;IE;EUR;Intracommunity;20 days;True
FFCC161411;2016-05-12;PROV40001825;2016-04-22;2016-05-15;20 days;Proveedor 29;ES;EUR;Spanish;10 days;False
FFCC161414;2016-05-30;PROV1502;2016-04-14;2016-06-02;46 days;Proveedor 401;ES;EUR;Spanish;10 days;False
FFCC161416;2016-05-09;PROV1485;2016-04-23;2016-05-12;16 days;Proveedor 386;IE;EUR;Intracommunity;20 days;True
FFCC161421;2016-05-31;PROV1876;2016-05-30;2016-06-03;1 days;Proveedor 712;ES;EUR;Spanish;10 days;True
FFCC161427;2016-05-13;PROV1061;2016-05-10;2016-05-16;3 days;Proveedor 182;IN;USD;Extracommunity;45 days;True
FFCC161436;2016-05-27;PROV40000500;2016-05-15;2016-05-30;12 days;Proveedor 16;ES;EUR;Spanish;10 days;False
FFCC161490;2016-05-31;PROV41000980;2016-05-17;2016-06-03;14 days;Proveedor 110;ES;EUR;Spanish;10 days;False
FFCC161491;2016-05-25;PROV40000187;2016-03-29;2016-05-28;57 days;Proveedor 13;ES;EUR;Spanish;10 days;False
FFCC161515;2016-05-20;PROV1649;2016-04-19;2016-05-23;31 days;Proveedor 538;ES;EUR;Spanish;10 days;False
FFCC161516;2016-05-17;PROV1649;2016-04-02;2016-05-20;45 days;Proveedor 538;ES;EUR;Spanish;10 days;False
FFCC161520;2016-05-01;PROV1834;2016-04-13;2016-05-04;18 days;Proveedor 677;CH;USD;Extracommunity;45 days;True
FFCC161521;2016-05-27;PROV1558;2016-04-23;2016-05-30;34 days;Proveedor 453;ES;EUR;Spanish;10 days;False
FFCC161528;2016-05-27;PROV1558;2016-04-17;2016-05-30;40 days;Proveedor 453;ES;EUR;Spanish;10 days;False
FFCC161540;2016-05-31;PROV40000520;2016-04-24;2016-06-03;37 days;Proveedor 17;ES;EUR;Spanish;10 days;False
FFCC161541;2016-05-20;PROV40000520;2016-04-24;2016-05-23;26 days;Proveedor 17;ES;EUR;Spanish;10 days;False
FFCC161543;2016-05-28;PROV40002330;2016-05-17;2016-05-31;11 days;Proveedor 37;ES;EUR;Spanish;10 days;False
FFCC161544;2016-05-31;PROV1441;2016-05-08;2016-06-03;23 days;Proveedor 349;ES;EUR;Spanish;10 days;False
FFCC161545;2016-05-11;PROV1441;2016-04-07;2016-05-14;34 days;Proveedor 349;ES;EUR;Spanish;10 days;False
FFCC161557;2016-06-15;PROV40001470;2016-05-25;2016-06-18;21 days;Proveedor 26;ES;EUR;Spanish;10 days;False
FFCC161560;2016-06-10;PROV40000500;2016-04-28;2016-06-13;43 days;Proveedor 16;ES;EUR;Spanish;10 days;False
FFCC161562;2016-06-03;PROV40000850;2016-04-18;2016-06-06;46 days;Proveedor 21;ES;EUR;Spanish;10 days;False
FFCC161563;2016-06-06;PROV40000235;2016-05-27;2016-06-09;10 days;Proveedor 15;ES;EUR;Spanish;10 days;True
FFCC161564;2016-06-01;PROV1475;2016-05-06;2016-06-04;26 days;Proveedor 376;CH;USD;Extracommunity;45 days;True
FFCC161567;2016-06-01;PROV1650;2016-05-20;2016-06-04;12 days;Proveedor 539;ES;EUR;Spanish;10 days;False
FFCC161569;2016-06-09;PROV1734;2016-05-18;2016-06-12;22 days;Proveedor 593;ES;EUR;Spanish;10 days;False
FFCC161570;2016-06-04;PROV40002330;2016-05-21;2016-06-07;14 days;Proveedor 37;ES;EUR;Spanish;10 days;False
FFCC161573;2016-06-01;PROV1014;2016-05-17;2016-06-04;15 days;Proveedor 171;ES;EUR;Spanish;10 days;False
FFCC161574;2016-06-09;PROV1191;2016-05-15;2016-06-12;25 days;Proveedor 227;ES;EUR;Spanish;10 days;False
FFCC161583;2016-06-08;PROV40001000;2016-05-12;2016-06-11;27 days;Proveedor 24;FR;EUR;Intracommunity;20 days;False
FFCC161584;2016-06-01;PROV40002330;2016-04-14;2016-06-04;48 days;Proveedor 37;ES;EUR;Spanish;10 days;False
FFCC161585;2016-06-01;PROV1397;2016-05-11;2016-06-04;21 days;Proveedor 321;PE;USD;Extracommunity;45 days;True
FFCC161595;2016-06-01;PROV40001825;2016-05-04;2016-06-04;28 days;Proveedor 29;ES;EUR;Spanish;10 days;False
FFCC161609;2016-06-10;PROV1397;2016-06-06;2016-06-13;4 days;Proveedor 321;PE;USD;Extracommunity;45 days;True
FFCC161611;2016-06-01;PROV1475;2016-04-17;2016-06-04;45 days;Proveedor 376;CH;USD;Extracommunity;45 days;True
FFCC161614;2016-06-01;PROV1061;2016-04-30;2016-06-04;32 days;Proveedor 182;IN;USD;Extracommunity;45 days;True
FFCC161615;2016-06-09;PROV1014;2016-04-29;2016-06-12;41 days;Proveedor 171;ES;EUR;Spanish;10 days;False
FFCC161616;2016-06-11;PROV40002330;2016-05-28;2016-06-14;14 days;Proveedor 37;ES;EUR;Spanish;10 days;False
FFCC161617;2016-06-01;PROV1003;2016-04-18;2016-06-04;44 days;Proveedor 165;CN;USD;Extracommunity;45 days;True
FFCC161618;2016-06-01;PROV1733;2016-05-05;2016-06-04;27 days;Proveedor 592;CH;USD;Extracommunity;45 days;True
FFCC161640;2016-06-01;PROV1585;2016-05-29;2016-06-04;3 days;Proveedor 479;CH;USD;Extracommunity;45 days;True
FFCC161642;2016-06-01;PROV1875;2016-04-20;2016-06-04;42 days;Proveedor 711;CH;USD;Extracommunity;45 days;True
FFCC161645;2016-06-01;PROV1398;2016-04-22;2016-06-04;40 days;Proveedor 322;CH;USD;Extracommunity;45 days;True
FFCC161648;2016-06-10;PROV1465;2016-05-17;2016-06-13;24 days;Proveedor 368;ES;EUR;Spanish;10 days;False
FFCC161649;2016-06-01;PROV40001000;2016-05-21;2016-06-04;11 days;Proveedor 24;FR;EUR;Intracommunity;20 days;True
FFCC161653;2016-06-13;PROV1485;2016-06-05;2016-06-16;8 days;Proveedor 386;IE;EUR;Intracommunity;20 days;True
FFCC161657;2016-06-17;PROV40001825;2016-06-03;2016-06-20;14 days;Proveedor 29;ES;EUR;Spanish;10 days;False
FFCC161658;2016-06-17;PROV40000520;2016-05-12;2016-06-20;36 days;Proveedor 17;ES;EUR;Spanish;10 days;False
FFCC161659;2016-06-20;PROV1485;2016-06-02;2016-06-23;18 days;Proveedor 386;IE;EUR;Intracommunity;20 days;True
FFCC161660;2016-06-14;PROV1585;2016-05-29;2016-06-17;16 days;Proveedor 479;CH;USD;Extracommunity;45 days;True
FFCC161663;2016-06-10;PROV40000850;2016-05-31;2016-06-13;10 days;Proveedor 21;ES;EUR;Spanish;10 days;True
FFCC161664;2016-06-17;PROV40000850;2016-05-08;2016-06-20;40 days;Proveedor 21;ES;EUR;Spanish;10 days;False
FFCC161665;2016-06-13;PROV1485;2016-04-15;2016-06-16;59 days;Proveedor 386;IE;EUR;Intracommunity;20 days;False
FFCC161667;2016-06-10;PROV40000520;2016-06-06;2016-06-13;4 days;Proveedor 17;ES;EUR;Spanish;10 days;True
FFCC161669;2016-06-15;PROV40000520;2016-05-27;2016-06-18;19 days;Proveedor 17;ES;EUR;Spanish;10 days;False
FFCC161673;2016-06-17;PROV1734;2016-06-01;2016-06-20;16 days;Proveedor 593;ES;EUR;Spanish;10 days;False
FFCC161685;2016-06-16;PROV1027;2016-04-27;2016-06-19;50 days;Proveedor 178;ES;EUR;Spanish;10 days;False
FFCC161686;2016-06-13;PROV1900;2016-04-19;2016-06-16;55 days;Proveedor 732;ES;EUR;Spanish;10 days;False
FFCC161693;2016-06-07;PROV1756;2016-05-02;2016-06-10;36 days;Proveedor 603;IN;USD;Extracommunity;45 days;True
FFCC161695;2016-06-17;PROV40000500;2016-05-05;2016-06-20;43 days;Proveedor 16;ES;EUR;Spanish;10 days;False
FFCC161697;2016-06-08;PROV1649;2016-05-29;2016-06-11;10 days;Proveedor 538;ES;EUR;Spanish;10 days;True
FFCC161698;2016-06-22;PROV1649;2016-05-26;2016-06-25;27 days;Proveedor 538;ES;EUR;Spanish;10 days;False
FFCC161699;2016-06-18;PROV1649;2016-05-09;2016-06-21;40 days;Proveedor 538;ES;EUR;Spanish;10 days;False
FFCC161719;2016-06-22;PROV1484;2016-05-18;2016-06-25;35 days;Proveedor 385;ES;EUR;Spanish;10 days;False
FFCC161720;2016-06-20;PROV40002330;2016-05-28;2016-06-23;23 days;Proveedor 37;ES;EUR;Spanish;10 days;False
FFCC161721;2016-06-21;PROV1014;2016-05-14;2016-06-24;38 days;Proveedor 171;ES;EUR;Spanish;10 days;False
FFCC161722;2016-06-22;PROV1734;2016-05-08;2016-06-25;45 days;Proveedor 593;ES;EUR;Spanish;10 days;False
FFCC161726;2016-06-22;PROV40001000;2016-05-08;2016-06-25;45 days;Proveedor 24;FR;EUR;Intracommunity;20 days;False
FFCC161727;2016-06-25;PROV40002720;2016-05-01;2016-06-28;55 days;Proveedor 38;ES;EUR;Spanish;10 days;False
FFCC161729;2016-06-24;PROV40000850;2016-05-28;2016-06-27;27 days;Proveedor 21;ES;EUR;Spanish;10 days;False
FFCC161731;2016-06-25;PROV40002330;2016-05-14;2016-06-28;42 days;Proveedor 37;ES;EUR;Spanish;10 days;False
FFCC161732;2016-06-10;PROV1061;2016-04-26;2016-06-13;45 days;Proveedor 182;IN;USD;Extracommunity;45 days;True
FFCC161738;2016-06-28;PROV40002720;2016-05-04;2016-07-01;55 days;Proveedor 38;ES;EUR;Spanish;10 days;False
FFCC161740;2016-06-01;PROV1585;2016-05-21;2016-06-04;11 days;Proveedor 479;CH;USD;Extracommunity;45 days;True
FFCC161745;2016-06-13;PROV1649;2016-06-06;2016-06-16;7 days;Proveedor 538;ES;EUR;Spanish;10 days;True
FFCC161746;2016-06-20;PROV1485;2016-05-12;2016-06-23;39 days;Proveedor 386;IE;EUR;Intracommunity;20 days;False
FFCC161749;2016-06-30;PROV40002065;2016-05-10;2016-07-03;51 days;Proveedor 30;ES;EUR;Spanish;10 days;False
FFCC161775;2016-06-01;PROV1875;2016-05-06;2016-06-04;26 days;Proveedor 711;CH;USD;Extracommunity;45 days;True
FFCC161776;2016-06-15;PROV1129;2016-05-20;2016-06-18;26 days;Proveedor 207;ES;EUR;Spanish;10 days;False
FFCC161780;2016-06-29;PROV40000235;2016-05-27;2016-07-02;33 days;Proveedor 15;ES;EUR;Spanish;10 days;False
FFCC161781;2016-06-27;PROV40002330;2016-05-27;2016-06-30;31 days;Proveedor 37;ES;EUR;Spanish;10 days;False
FFCC161785;2016-06-24;PROV1014;2016-05-20;2016-06-27;35 days;Proveedor 171;ES;EUR;Spanish;10 days;False
FFCC161786;2016-06-30;PROV40000850;2016-05-12;2016-07-03;49 days;Proveedor 21;ES;EUR;Spanish;10 days;False
FFCC161790;2016-06-30;PROV40000520;2016-05-17;2016-07-03;44 days;Proveedor 17;ES;EUR;Spanish;10 days;False
FFCC161791;2016-06-30;PROV1465;2016-05-22;2016-07-03;39 days;Proveedor 368;ES;EUR;Spanish;10 days;False
FFCC161792;2016-06-21;PROV1428;2016-05-23;2016-06-24;29 days;Proveedor 341;CH;USD;Extracommunity;45 days;True
FFCC161804;2016-06-24;PROV40000520;2016-05-17;2016-06-27;38 days;Proveedor 17;ES;EUR;Spanish;10 days;False
FFCC161821;2016-06-23;PROV40000187;2016-05-22;2016-06-26;32 days;Proveedor 13;ES;EUR;Spanish;10 days;False
FFCC161839;2016-06-06;PROV41000980;2016-05-13;2016-06-09;24 days;Proveedor 110;ES;EUR;Spanish;10 days;False
FFCC161841;2016-06-01;PROV1485;2016-05-03;2016-06-04;29 days;Proveedor 386;IE;EUR;Intracommunity;20 days;False
FFCC161843;2016-06-10;PROV1014;2016-05-11;2016-06-13;30 days;Proveedor 171;ES;EUR;Spanish;10 days;False
FFCC161845;2016-06-08;PROV1475;2016-05-04;2016-06-11;35 days;Proveedor 376;CH;USD;Extracommunity;45 days;True
FFCC161849;2016-06-01;PROV1485;2016-04-20;2016-06-04;42 days;Proveedor 386;IE;EUR;Intracommunity;20 days;False
FFCC161855;2016-06-24;PROV1441;2016-05-19;2016-06-27;36 days;Proveedor 349;ES;EUR;Spanish;10 days;False
FFCC161856;2016-06-30;PROV1558;2016-06-17;2016-07-03;13 days;Proveedor 453;ES;EUR;Spanish;10 days;False
FFCC161857;2016-06-06;PROV40001825;2016-05-05;2016-06-09;32 days;Proveedor 29;ES;EUR;Spanish;10 days;False
FFCC161858;2016-06-20;PROV40001825;2016-06-11;2016-06-23;9 days;Proveedor 29;ES;EUR;Spanish;10 days;True
FFCC161862;2016-06-01;PROV1597;2016-05-18;2016-06-04;14 days;Proveedor 491;CH;USD;Extracommunity;45 days;True
FFCC161866;2016-06-30;PROV1734;2016-05-11;2016-07-03;50 days;Proveedor 593;ES;EUR;Spanish;10 days;False
FFCC161867;2016-06-01;PROV1834;2016-05-13;2016-06-04;19 days;Proveedor 677;CH;USD;Extracommunity;45 days;True
FFCC161870;2016-06-30;PROV1129;2016-05-23;2016-07-03;38 days;Proveedor 207;ES;EUR;Spanish;10 days;False
FFCC161873;2016-06-01;PROV40002220;2016-05-06;2016-06-04;26 days;Proveedor 36;ES;EUR;Spanish;10 days;False
FFCC161874;2016-06-27;PROV40002220;2016-06-07;2016-06-30;20 days;Proveedor 36;ES;EUR;Spanish;10 days;False
FFCC161879;2016-06-01;PROV1870;2016-05-15;2016-06-04;17 days;Proveedor 707;IE;EUR;Intracommunity;20 days;True
FFCC161881;2016-06-16;PROV1597;2016-05-17;2016-06-19;30 days;Proveedor 491;CH;USD;Extracommunity;45 days;True
FFCC161882;2016-06-01;PROV1834;2016-04-18;2016-06-04;44 days;Proveedor 677;CH;USD;Extracommunity;45 days;True
FFCC161883;2016-06-17;PROV1834;2016-05-17;2016-06-20;31 days;Proveedor 677;CH;USD;Extracommunity;45 days;True
FFCC161884;2016-06-08;PROV40001470;2016-05-18;2016-06-11;21 days;Proveedor 26;ES;EUR;Spanish;10 days;False
FFCC161885;2016-06-29;PROV1027;2016-06-08;2016-07-02;21 days;Proveedor 178;ES;EUR;Spanish;10 days;False
FFCC161886;2016-06-30;PROV40000735;2016-05-18;2016-07-03;43 days;Proveedor 19;ES;EUR;Spanish;10 days;False
FFCC161941;2016-07-01;PROV1650;2016-05-23;2016-07-04;39 days;Proveedor 539;ES;EUR;Spanish;10 days;False
FFCC161942;2016-07-06;PROV1428;2016-05-26;2016-07-09;41 days;Proveedor 341;CH;USD;Extracommunity;45 days;True
FFCC161945;2016-07-01;PROV1475;2016-05-24;2016-07-04;38 days;Proveedor 376;CH;USD;Extracommunity;45 days;True
FFCC161950;2016-07-11;PROV1475;2016-06-01;2016-07-14;40 days;Proveedor 376;CH;USD;Extracommunity;45 days;True
FFCC161955;2016-07-04;PROV40001000;2016-06-24;2016-07-07;10 days;Proveedor 24;FR;EUR;Intracommunity;20 days;True
FFCC161963;2016-07-01;PROV1397;2016-06-03;2016-07-04;28 days;Proveedor 321;PE;USD;Extracommunity;45 days;True
FFCC161965;2016-07-15;PROV40001470;2016-06-10;2016-07-18;35 days;Proveedor 26;ES;EUR;Spanish;10 days;False
FFCC161966;2016-07-07;PROV1014;2016-06-06;2016-07-10;31 days;Proveedor 171;ES;EUR;Spanish;10 days;False
FFCC161967;2016-07-07;PROV1014;2016-05-15;2016-07-10;53 days;Proveedor 171;ES;EUR;Spanish;10 days;False
FFCC161968;2016-07-01;PROV1597;2016-05-21;2016-07-04;41 days;Proveedor 491;CH;USD;Extracommunity;45 days;True
FFCC161971;2016-07-02;PROV1734;2016-05-23;2016-07-05;40 days;Proveedor 593;ES;EUR;Spanish;10 days;False
FFCC161972;2016-07-01;PROV1397;2016-05-11;2016-07-04;51 days;Proveedor 321;PE;USD;Extracommunity;45 days;False
FFCC161974;2016-07-05;PROV1650;2016-05-26;2016-07-08;40 days;Proveedor 539;ES;EUR;Spanish;10 days;False
FFCC161975;2016-07-09;PROV40002330;2016-06-09;2016-07-12;30 days;Proveedor 37;ES;EUR;Spanish;10 days;False
FFCC161976;2016-07-05;PROV1443;2016-06-14;2016-07-08;21 days;Proveedor 351;ES;EUR;Spanish;10 days;False
FFCC161977;2016-07-05;PROV1649;2016-06-14;2016-07-08;21 days;Proveedor 538;ES;EUR;Spanish;10 days;False
FFCC161978;2016-07-01;PROV40002330;2016-06-22;2016-07-04;9 days;Proveedor 37;ES;EUR;Spanish;10 days;True
FFCC161979;2016-07-01;PROV1061;2016-05-06;2016-07-04;56 days;Proveedor 182;IN;USD;Extracommunity;45 days;False
FFCC161980;2016-07-15;PROV40000520;2016-05-30;2016-07-18;46 days;Proveedor 17;ES;EUR;Spanish;10 days;False
FFCC161981;2016-07-04;PROV1756;2016-05-18;2016-07-07;47 days;Proveedor 603;IN;USD;Extracommunity;45 days;False
FFCC161982;2016-07-21;PROV1734;2016-06-15;2016-07-24;36 days;Proveedor 593;ES;EUR;Spanish;10 days;False
FFCC161983;2016-07-01;PROV1485;2016-06-24;2016-07-04;7 days;Proveedor 386;IE;EUR;Intracommunity;20 days;True
FFCC161985;2016-07-01;PROV1398;2016-05-22;2016-07-04;40 days;Proveedor 322;CH;USD;Extracommunity;45 days;True
FFCC162001;2016-07-20;PROV1061;2016-06-26;2016-07-23;24 days;Proveedor 182;IN;USD;Extracommunity;45 days;True
FFCC162003;2016-07-01;PROV40002220;2016-06-02;2016-07-04;29 days;Proveedor 36;ES;EUR;Spanish;10 days;False
FFCC162004;2016-07-20;PROV1014;2016-06-19;2016-07-23;31 days;Proveedor 171;ES;EUR;Spanish;10 days;False
FFCC162008;2016-07-01;PROV1875;2016-05-09;2016-07-04;53 days;Proveedor 711;CH;USD;Extracommunity;45 days;False
FFCC162011;2016-07-20;PROV1585;2016-05-30;2016-07-23;51 days;Proveedor 479;CH;USD;Extracommunity;45 days;False
FFCC162014;2016-07-01;PROV1597;2016-05-16;2016-07-04;46 days;Proveedor 491;CH;USD;Extracommunity;45 days;False
FFCC162021;2016-07-23;PROV1734;2016-07-01;2016-07-26;22 days;Proveedor 593;ES;EUR;Spanish;10 days;False
FFCC162022;2016-07-20;PROV1003;2016-06-10;2016-07-23;40 days;Proveedor 165;CN;USD;Extracommunity;45 days;True
FFCC162023;2016-07-20;PROV1465;2016-06-22;2016-07-23;28 days;Proveedor 368;ES;EUR;Spanish;10 days;False
FFCC162024;2016-07-25;PROV40002720;2016-06-26;2016-07-28;29 days;Proveedor 38;ES;EUR;Spanish;10 days;False
FFCC162025;2016-07-22;PROV40000500;2016-06-20;2016-07-25;32 days;Proveedor 16;ES;EUR;Spanish;10 days;False
FFCC162027;2016-07-15;PROV1027;2016-06-07;2016-07-18;38 days;Proveedor 178;ES;EUR;Spanish;10 days;False
FFCC162028;2016-07-20;PROV1170;2016-07-08;2016-07-23;12 days;Proveedor 221;ES;EUR;Spanish;10 days;False
FFCC162029;2016-07-11;PROV1397;2016-06-08;2016-07-14;33 days;Proveedor 321;PE;USD;Extracommunity;45 days;True
FFCC162031;2016-07-01;PROV1834;2016-06-16;2016-07-04;15 days;Proveedor 677;CH;USD;Extracommunity;45 days;True
FFCC162032;2016-07-19;PROV1397;2016-06-28;2016-07-22;21 days;Proveedor 321;PE;USD;Extracommunity;45 days;True
FFCC162033;2016-07-22;PROV1650;2016-06-19;2016-07-25;33 days;Proveedor 539;ES;EUR;Spanish;10 days;False
FFCC162034;2016-07-11;PROV1558;2016-07-04;2016-07-14;7 days;Proveedor 453;ES;EUR;Spanish;10 days;True
FFCC162035;2016-07-30;PROV40000187;2016-07-01;2016-08-02;29 days;Proveedor 13;ES;EUR;Spanish;10 days;False
FFCC162036;2016-07-20;PROV1441;2016-06-11;2016-07-23;39 days;Proveedor 349;ES;EUR;Spanish;10 days;False
FFCC162037;2016-07-25;PROV40000187;2016-07-01;2016-07-28;24 days;Proveedor 13;ES;EUR;Spanish;10 days;False
FFCC162038;2016-07-21;PROV1649;2016-05-31;2016-07-24;51 days;Proveedor 538;ES;EUR;Spanish;10 days;False
FFCC162090;2016-07-22;PROV40000520;2016-05-28;2016-07-25;55 days;Proveedor 17;ES;EUR;Spanish;10 days;False
FFCC162091;2016-07-31;PROV40002065;2016-07-12;2016-08-03;19 days;Proveedor 30;ES;EUR;Spanish;10 days;False
FFCC162092;2016-07-28;PROV1484;2016-06-26;2016-07-31;32 days;Proveedor 385;ES;EUR;Spanish;10 days;False
FFCC162093;2016-07-30;PROV1734;2016-06-09;2016-08-02;51 days;Proveedor 593;ES;EUR;Spanish;10 days;False
FFCC162094;2016-07-30;PROV40000520;2016-06-15;2016-08-02;45 days;Proveedor 17;ES;EUR;Spanish;10 days;False
FFCC162095;2016-07-23;PROV40002330;2016-07-02;2016-07-26;21 days;Proveedor 37;ES;EUR;Spanish;10 days;False
FFCC162096;2016-07-31;PROV1129;2016-07-01;2016-08-03;30 days;Proveedor 207;ES;EUR;Spanish;10 days;False
FFCC162099;2016-07-31;PROV41000980;2016-06-21;2016-08-03;40 days;Proveedor 110;ES;EUR;Spanish;10 days;False
FFCC162109;2016-07-29;PROV40000850;2016-07-03;2016-08-01;26 days;Proveedor 21;ES;EUR;Spanish;10 days;False
FFCC162114;2016-07-19;PROV1014;2016-07-06;2016-07-22;13 days;Proveedor 171;ES;EUR;Spanish;10 days;False
FFCC162115;2016-07-29;PROV40000500;2016-07-20;2016-08-01;9 days;Proveedor 16;ES;EUR;Spanish;10 days;True
FFCC162142;2016-07-15;PROV40000187;2016-05-30;2016-07-18;46 days;Proveedor 13;ES;EUR;Spanish;10 days;False
FFCC162143;2016-07-18;PROV1485;2016-06-09;2016-07-21;39 days;Proveedor 386;IE;EUR;Intracommunity;20 days;False
FFCC162144;2016-07-18;PROV1485;2016-06-25;2016-07-21;23 days;Proveedor 386;IE;EUR;Intracommunity;20 days;False
FFCC162163;2016-07-01;PROV1585;2016-06-14;2016-07-04;17 days;Proveedor 479;CH;USD;Extracommunity;45 days;True
FFCC162166;2016-07-01;PROV1585;2016-06-02;2016-07-04;29 days;Proveedor 479;CH;USD;Extracommunity;45 days;True
FFCC162169;2016-07-28;PROV1485;2016-07-10;2016-07-31;18 days;Proveedor 386;IE;EUR;Intracommunity;20 days;True
FFCC162171;2016-07-18;PROV1922;2016-06-03;2016-07-21;45 days;Proveedor 753;ES;EUR;Spanish;10 days;False
FFCC162176;2016-07-01;PROV40000500;2016-06-16;2016-07-04;15 days;Proveedor 16;ES;EUR;Spanish;10 days;False
FFCC162234;2016-07-01;PROV1397;2016-05-06;2016-07-04;56 days;Proveedor 321;PE;USD;Extracommunity;45 days;False
FFCC162236;2016-07-31;PROV40000187;2016-07-03;2016-08-03;28 days;Proveedor 13;ES;EUR;Spanish;10 days;False
FFCC162237;2016-07-30;PROV1465;2016-07-06;2016-08-02;24 days;Proveedor 368;ES;EUR;Spanish;10 days;False
FFCC162238;2016-07-27;PROV40000520;2016-06-17;2016-07-30;40 days;Proveedor 17;ES;EUR;Spanish;10 days;False
FFCC162241;2016-08-18;PROV40001825;2016-08-02;2016-08-21;16 days;Proveedor 29;ES;EUR;Spanish;10 days;False
FFCC162246;2016-08-09;PROV40000187;2016-06-14;2016-08-12;56 days;Proveedor 13;ES;EUR;Spanish;10 days;False
FFCC162247;2016-08-17;PROV1397;2016-06-24;2016-08-20;54 days;Proveedor 321;PE;USD;Extracommunity;45 days;False
FFCC162249;2016-08-08;PROV1485;2016-07-25;2016-08-11;14 days;Proveedor 386;IE;EUR;Intracommunity;20 days;True
FFCC162253;2016-08-01;PROV1485;2016-06-13;2016-08-04;49 days;Proveedor 386;IE;EUR;Intracommunity;20 days;False
FFCC162255;2016-08-01;PROV1870;2016-06-16;2016-08-04;46 days;Proveedor 707;IE;EUR;Intracommunity;20 days;False
FFCC162258;2016-08-01;PROV1875;2016-07-29;2016-08-04;3 days;Proveedor 711;CH;USD;Extracommunity;45 days;True
FFCC162261;2016-08-01;PROV1397;2016-07-16;2016-08-04;16 days;Proveedor 321;PE;USD;Extracommunity;45 days;True
FFCC162288;2016-08-01;PROV1475;2016-06-29;2016-08-04;33 days;Proveedor 376;CH;USD;Extracommunity;45 days;True
FFCC162291;2016-08-01;PROV1475;2016-06-26;2016-08-04;36 days;Proveedor 376;CH;USD;Extracommunity;45 days;True
FFCC162294;2016-08-01;PROV1834;2016-07-19;2016-08-04;13 days;Proveedor 677;CH;USD;Extracommunity;45 days;True
FFCC162297;2016-08-19;PROV1255;2016-07-11;2016-08-22;39 days;Proveedor 252;ES;EUR;Spanish;10 days;False
FFCC162299;2016-08-05;PROV40000500;2016-07-08;2016-08-08;28 days;Proveedor 16;ES;EUR;Spanish;10 days;False
FFCC162300;2016-08-01;PROV1650;2016-06-28;2016-08-04;34 days;Proveedor 539;ES;EUR;Spanish;10 days;False
FFCC162301;2016-08-03;PROV40002220;2016-07-16;2016-08-06;18 days;Proveedor 36;ES;EUR;Spanish;10 days;False
FFCC162303;2016-08-05;PROV40000850;2016-07-16;2016-08-08;20 days;Proveedor 21;ES;EUR;Spanish;10 days;False
FFCC162304;2016-08-02;PROV1129;2016-07-11;2016-08-05;22 days;Proveedor 207;ES;EUR;Spanish;10 days;False
FFCC162305;2016-08-01;PROV40001000;2016-07-20;2016-08-04;12 days;Proveedor 24;FR;EUR;Intracommunity;20 days;True
FFCC162306;2016-08-01;PROV40002330;2016-06-13;2016-08-04;49 days;Proveedor 37;ES;EUR;Spanish;10 days;False
FFCC162307;2016-08-01;PROV1014;2016-06-10;2016-08-04;52 days;Proveedor 171;ES;EUR;Spanish;10 days;False
FFCC162308;2016-08-17;PROV1650;2016-07-28;2016-08-20;20 days;Proveedor 539;ES;EUR;Spanish;10 days;False
FFCC162309;2016-08-09;PROV1734;2016-07-14;2016-08-12;26 days;Proveedor 593;ES;EUR;Spanish;10 days;False
FFCC162310;2016-08-13;PROV1734;2016-07-21;2016-08-16;23 days;Proveedor 593;ES;EUR;Spanish;10 days;False
FFCC162311;2016-08-01;PROV40001825;2016-06-21;2016-08-04;41 days;Proveedor 29;ES;EUR;Spanish;10 days;False
FFCC162313;2016-08-10;PROV1485;2016-07-11;2016-08-13;30 days;Proveedor 386;IE;EUR;Intracommunity;20 days;False
FFCC162314;2016-08-01;PROV40000520;2016-06-20;2016-08-04;42 days;Proveedor 17;ES;EUR;Spanish;10 days;False
FFCC162355;2016-08-12;PROV40000520;2016-07-13;2016-08-15;30 days;Proveedor 17;ES;EUR;Spanish;10 days;False
FFCC162356;2016-08-06;PROV40002330;2016-06-22;2016-08-09;45 days;Proveedor 37;ES;EUR;Spanish;10 days;False
FFCC162357;2016-08-01;PROV1597;2016-06-12;2016-08-04;50 days;Proveedor 491;CH;USD;Extracommunity;45 days;False
FFCC162360;2016-08-09;PROV1061;2016-07-13;2016-08-12;27 days;Proveedor 182;IN;USD;Extracommunity;45 days;True
FFCC162361;2016-08-01;PROV1870;2016-06-10;2016-08-04;52 days;Proveedor 707;IE;EUR;Intracommunity;20 days;False
FFCC162363;2016-08-01;PROV1398;2016-06-22;2016-08-04;40 days;Proveedor 322;CH;USD;Extracommunity;45 days;True
FFCC162366;2016-08-01;PROV1585;2016-06-20;2016-08-04;42 days;Proveedor 479;CH;USD;Extracommunity;45 days;True
FFCC162373;2016-08-19;PROV1003;2016-07-04;2016-08-22;46 days;Proveedor 165;CN;USD;Extracommunity;45 days;False
FFCC162374;2016-08-17;PROV40001000;2016-07-24;2016-08-20;24 days;Proveedor 24;FR;EUR;Intracommunity;20 days;False
FFCC162375;2016-08-18;PROV1647;2016-07-04;2016-08-21;45 days;Proveedor 536;ES;EUR;Spanish;10 days;False
FFCC162376;2016-08-24;PROV1734;2016-07-28;2016-08-27;27 days;Proveedor 593;ES;EUR;Spanish;10 days;False
FFCC162391;2016-08-20;PROV1734;2016-07-27;2016-08-23;24 days;Proveedor 593;ES;EUR;Spanish;10 days;False
FFCC162392;2016-08-23;PROV40001000;2016-07-08;2016-08-26;46 days;Proveedor 24;FR;EUR;Intracommunity;20 days;False
FFCC162393;2016-08-26;PROV1650;2016-08-05;2016-08-29;21 days;Proveedor 539;ES;EUR;Spanish;10 days;False
FFCC162394;2016-08-31;PROV1129;2016-08-30;2016-09-03;1 days;Proveedor 207;ES;EUR;Spanish;10 days;True
FFCC162395;2016-08-04;PROV40000735;2016-07-15;2016-08-07;20 days;Proveedor 19;ES;EUR;Spanish;10 days;False
FFCC162396;2016-08-25;PROV40000520;2016-08-14;2016-08-28;11 days;Proveedor 17;ES;EUR;Spanish;10 days;False
FFCC162397;2016-08-31;PROV40002120;2016-08-02;2016-09-03;29 days;Proveedor 32;ES;EUR;Spanish;10 days;False
FFCC162398;2016-08-31;PROV40002065;2016-08-06;2016-09-03;25 days;Proveedor 30;ES;EUR;Spanish;10 days;False
FFCC162399;2016-08-31;PROV41000980;2016-07-11;2016-09-03;51 days;Proveedor 110;ES;EUR;Spanish;10 days;False
FFCC162400;2016-08-19;PROV1485;2016-08-01;2016-08-22;18 days;Proveedor 386;IE;EUR;Intracommunity;20 days;True
FFCC162403;2016-08-01;PROV1834;2016-07-20;2016-08-04;12 days;Proveedor 677;CH;USD;Extracommunity;45 days;True
FFCC162406;2016-08-27;PROV1485;2016-08-13;2016-08-30;14 days;Proveedor 386;IE;EUR;Intracommunity;20 days;True
FFCC162418;2016-08-11;PROV1027;2016-07-16;2016-08-14;26 days;Proveedor 178;ES;EUR;Spanish;10 days;False
FFCC162419;2016-08-31;PROV40002180;2016-08-11;2016-09-03;20 days;Proveedor 34;ES;EUR;Spanish;10 days;False
FFCC162420;2016-08-26;PROV40000500;2016-07-14;2016-08-29;43 days;Proveedor 16;ES;EUR;Spanish;10 days;False
FFCC162421;2016-08-22;PROV40000500;2016-08-04;2016-08-25;18 days;Proveedor 16;ES;EUR;Spanish;10 days;False
FFCC162422;2016-08-25;PROV1465;2016-07-11;2016-08-28;45 days;Proveedor 368;ES;EUR;Spanish;10 days;False
FFCC162424;2016-08-22;PROV1649;2016-08-11;2016-08-25;11 days;Proveedor 538;ES;EUR;Spanish;10 days;False
FFCC162425;2016-08-24;PROV1649;2016-07-12;2016-08-27;43 days;Proveedor 538;ES;EUR;Spanish;10 days;False
FFCC162426;2016-08-25;PROV1649;2016-07-28;2016-08-28;28 days;Proveedor 538;ES;EUR;Spanish;10 days;False
FFCC162427;2016-08-22;PROV1441;2016-08-15;2016-08-25;7 days;Proveedor 349;ES;EUR;Spanish;10 days;True
FFCC162428;2016-08-01;PROV40001470;2016-07-07;2016-08-04;25 days;Proveedor 26;ES;EUR;Spanish;10 days;False
FFCC162430;2016-08-18;PROV40002330;2016-07-29;2016-08-21;20 days;Proveedor 37;ES;EUR;Spanish;10 days;False
FFCC162474;2016-08-31;PROV1781;2016-08-10;2016-09-03;21 days;Proveedor 628;ES;EUR;Spanish;10 days;False
FFCC162529;2016-09-01;PROV1875;2016-07-19;2016-09-04;44 days;Proveedor 711;CH;USD;Extracommunity;45 days;True
FFCC162532;2016-09-13;PROV1003;2016-07-26;2016-09-16;49 days;Proveedor 165;CN;USD;Extracommunity;45 days;False
FFCC162533;2016-09-01;PROV1585;2016-07-22;2016-09-04;41 days;Proveedor 479;CH;USD;Extracommunity;45 days;True
FFCC162536;2016-09-01;PROV1397;2016-08-22;2016-09-04;10 days;Proveedor 321;PE;USD;Extracommunity;45 days;True
FFCC162538;2016-09-01;PROV1475;2016-08-19;2016-09-04;13 days;Proveedor 376;CH;USD;Extracommunity;45 days;True
FFCC162541;2016-09-01;PROV1485;2016-08-16;2016-09-04;16 days;Proveedor 386;IE;EUR;Intracommunity;20 days;True
FFCC162544;2016-09-01;PROV1475;2016-07-19;2016-09-04;44 days;Proveedor 376;CH;USD;Extracommunity;45 days;True
FFCC162548;2016-09-01;PROV1428;2016-08-14;2016-09-04;18 days;Proveedor 341;CH;USD;Extracommunity;45 days;True
FFCC162551;2016-09-01;PROV1398;2016-07-17;2016-09-04;46 days;Proveedor 322;CH;USD;Extracommunity;45 days;False
FFCC162554;2016-09-08;PROV1484;2016-08-19;2016-09-11;20 days;Proveedor 385;ES;EUR;Spanish;10 days;False
FFCC162555;2016-09-01;PROV40001825;2016-08-05;2016-09-04;27 days;Proveedor 29;ES;EUR;Spanish;10 days;False
FFCC162589;2016-09-01;PROV1756;2016-08-20;2016-09-04;12 days;Proveedor 603;IN;USD;Extracommunity;45 days;True
FFCC162590;2016-09-06;PROV1014;2016-07-16;2016-09-09;52 days;Proveedor 171;ES;EUR;Spanish;10 days;False
FFCC162591;2016-09-09;PROV40000850;2016-08-07;2016-09-12;33 days;Proveedor 21;ES;EUR;Spanish;10 days;False
FFCC162592;2016-09-13;PROV1061;2016-08-16;2016-09-16;28 days;Proveedor 182;IN;USD;Extracommunity;45 days;True
FFCC162593;2016-09-01;PROV1870;2016-08-09;2016-09-04;23 days;Proveedor 707;IE;EUR;Intracommunity;20 days;False
FFCC162597;2016-09-15;PROV1129;2016-08-23;2016-09-18;23 days;Proveedor 207;ES;EUR;Spanish;10 days;False
FFCC162598;2016-09-17;PROV40000850;2016-08-06;2016-09-20;42 days;Proveedor 21;ES;EUR;Spanish;10 days;False
FFCC162599;2016-09-09;PROV40000520;2016-08-17;2016-09-12;23 days;Proveedor 17;ES;EUR;Spanish;10 days;False
FFCC162611;2016-09-14;PROV1014;2016-08-19;2016-09-17;26 days;Proveedor 171;ES;EUR;Spanish;10 days;False
FFCC162612;2016-09-01;PROV1597;2016-08-17;2016-09-04;15 days;Proveedor 491;CH;USD;Extracommunity;45 days;True
FFCC162615;2016-09-10;PROV40002330;2016-09-04;2016-09-13;6 days;Proveedor 37;ES;EUR;Spanish;10 days;True
FFCC162616;2016-09-16;PROV40000500;2016-08-18;2016-09-19;29 days;Proveedor 16;ES;EUR;Spanish;10 days;False
FFCC162617;2016-09-15;PROV1465;2016-07-30;2016-09-18;47 days;Proveedor 368;ES;EUR;Spanish;10 days;False
FFCC162619;2016-09-01;PROV1397;2016-07-17;2016-09-04;46 days;Proveedor 321;PE;USD;Extracommunity;45 days;False
FFCC162630;2016-09-07;PROV1397;2016-08-03;2016-09-10;35 days;Proveedor 321;PE;USD;Extracommunity;45 days;True
FFCC162633;2016-09-16;PROV40000520;2016-09-13;2016-09-19;3 days;Proveedor 17;ES;EUR;Spanish;10 days;True
FFCC162635;2016-09-14;PROV1441;2016-08-14;2016-09-17;31 days;Proveedor 349;ES;EUR;Spanish;10 days;False
FFCC162644;2016-09-14;PROV40001000;2016-08-19;2016-09-17;26 days;Proveedor 24;FR;EUR;Intracommunity;20 days;False
FFCC162645;2016-09-06;PROV40002220;2016-08-28;2016-09-09;9 days;Proveedor 36;ES;EUR;Spanish;10 days;True
FFCC162646;2016-09-14;PROV1485;2016-07-20;2016-09-17;56 days;Proveedor 386;IE;EUR;Intracommunity;20 days;False
FFCC162673;2016-09-27;PROV1485;2016-08-31;2016-09-30;27 days;Proveedor 386;IE;EUR;Intracommunity;20 days;False
FFCC162676;2016-09-25;PROV1585;2016-09-06;2016-09-28;19 days;Proveedor 479;CH;USD;Extracommunity;45 days;True
FFCC162684;2016-09-30;PROV1900;2016-08-27;2016-10-03;34 days;Proveedor 732;ES;EUR;Spanish;10 days;False
FFCC162685;2016-09-26;PROV40001825;2016-09-11;2016-09-29;15 days;Proveedor 29;ES;EUR;Spanish;10 days;False
FFCC162686;2016-09-23;PROV40000187;2016-09-09;2016-09-26;14 days;Proveedor 13;ES;EUR;Spanish;10 days;False
FFCC162687;2016-09-10;PROV40000187;2016-08-10;2016-09-13;31 days;Proveedor 13;ES;EUR;Spanish;10 days;False
FFCC162688;2016-09-01;PROV1475;2016-07-27;2016-09-04;36 days;Proveedor 376;CH;USD;Extracommunity;45 days;True
FFCC162692;2016-09-25;PROV40002720;2016-08-07;2016-09-28;49 days;Proveedor 38;ES;EUR;Spanish;10 days;False
FFCC162693;2016-09-30;PROV1129;2016-09-05;2016-10-03;25 days;Proveedor 207;ES;EUR;Spanish;10 days;False
FFCC162699;2016-09-26;PROV1061;2016-09-13;2016-09-29;13 days;Proveedor 182;IN;USD;Extracommunity;45 days;True
FFCC162711;2016-09-30;PROV40000850;2016-09-05;2016-10-03;25 days;Proveedor 21;ES;EUR;Spanish;10 days;False
FFCC162713;2016-09-12;PROV40001000;2016-08-20;2016-09-15;23 days;Proveedor 24;FR;EUR;Intracommunity;20 days;False
FFCC162714;2016-09-24;PROV40002330;2016-08-13;2016-09-27;42 days;Proveedor 37;ES;EUR;Spanish;10 days;False
FFCC162715;2016-09-17;PROV40002330;2016-09-05;2016-09-20;12 days;Proveedor 37;ES;EUR;Spanish;10 days;False
FFCC162717;2016-09-22;PROV1485;2016-08-06;2016-09-25;47 days;Proveedor 386;IE;EUR;Intracommunity;20 days;False
FFCC162723;2016-09-28;PROV1485;2016-08-29;2016-10-01;30 days;Proveedor 386;IE;EUR;Intracommunity;20 days;False
FFCC162724;2016-09-22;PROV1397;2016-09-07;2016-09-25;15 days;Proveedor 321;PE;USD;Extracommunity;45 days;True
FFCC162725;2016-09-20;PROV1397;2016-08-17;2016-09-23;34 days;Proveedor 321;PE;USD;Extracommunity;45 days;True
FFCC162732;2016-09-30;PROV40002065;2016-09-07;2016-10-03;23 days;Proveedor 30;ES;EUR;Spanish;10 days;False
FFCC162735;2016-09-05;PROV40002065;2016-07-27;2016-09-08;40 days;Proveedor 30;ES;EUR;Spanish;10 days;False
FFCC162736;2016-09-30;PROV40000520;2016-09-11;2016-10-03;19 days;Proveedor 17;ES;EUR;Spanish;10 days;False
FFCC162737;2016-09-30;PROV40002720;2016-08-31;2016-10-03;30 days;Proveedor 38;ES;EUR;Spanish;10 days;False
FFCC162742;2016-09-30;PROV41000980;2016-08-15;2016-10-03;46 days;Proveedor 110;ES;EUR;Spanish;10 days;False
FFCC162743;2016-09-01;PROV1597;2016-08-24;2016-09-04;8 days;Proveedor 491;CH;USD;Extracommunity;45 days;True
FFCC162745;2016-09-12;PROV1129;2016-08-14;2016-09-15;29 days;Proveedor 207;ES;EUR;Spanish;10 days;False
FFCC162746;2016-09-21;PROV40002220;2016-09-12;2016-09-24;9 days;Proveedor 36;ES;EUR;Spanish;10 days;True
FFCC162773;2016-09-23;PROV40000520;2016-08-24;2016-09-26;30 days;Proveedor 17;ES;EUR;Spanish;10 days;False
FFCC162774;2016-09-01;PROV1875;2016-07-13;2016-09-04;50 days;Proveedor 711;CH;USD;Extracommunity;45 days;False
FFCC162777;2016-09-10;PROV1734;2016-08-24;2016-09-13;17 days;Proveedor 593;ES;EUR;Spanish;10 days;False
FFCC162791;2016-09-21;PROV40000187;2016-08-10;2016-09-24;42 days;Proveedor 13;ES;EUR;Spanish;10 days;False
FFCC162792;2016-09-21;PROV40002220;2016-09-11;2016-09-24;10 days;Proveedor 36;ES;EUR;Spanish;10 days;True
FFCC162793;2016-09-01;PROV1585;2016-07-26;2016-09-04;37 days;Proveedor 479;CH;USD;Extracommunity;45 days;True
FFCC162796;2016-09-06;PROV1558;2016-08-03;2016-09-09;34 days;Proveedor 453;ES;EUR;Spanish;10 days;False
FFCC162797;2016-09-30;PROV40000500;2016-09-02;2016-10-03;28 days;Proveedor 16;ES;EUR;Spanish;10 days;False
FFCC162865;2016-10-17;PROV1484;2016-09-25;2016-10-20;22 days;Proveedor 385;ES;EUR;Spanish;10 days;False
FFCC162874;2016-10-01;PROV40001825;2016-09-27;2016-10-04;4 days;Proveedor 29;ES;EUR;Spanish;10 days;True
FFCC162882;2016-10-12;PROV40001000;2016-09-19;2016-10-15;23 days;Proveedor 24;FR;EUR;Intracommunity;20 days;False
FFCC162884;2016-10-01;PROV1398;2016-08-12;2016-10-04;50 days;Proveedor 322;CH;USD;Extracommunity;45 days;False
FFCC162891;2016-10-13;PROV1027;2016-10-01;2016-10-16;12 days;Proveedor 178;ES;EUR;Spanish;10 days;False
FFCC162895;2016-10-21;PROV40000850;2016-09-05;2016-10-24;46 days;Proveedor 21;ES;EUR;Spanish;10 days;False
FFCC162906;2016-10-01;PROV1650;2016-08-29;2016-10-04;33 days;Proveedor 539;ES;EUR;Spanish;10 days;False
FFCC162907;2016-10-01;PROV1502;2016-08-15;2016-10-04;47 days;Proveedor 401;ES;EUR;Spanish;10 days;False
FFCC162908;2016-10-01;PROV40001825;2016-08-18;2016-10-04;44 days;Proveedor 29;ES;EUR;Spanish;10 days;False
FFCC162909;2016-10-01;PROV40001000;2016-09-27;2016-10-04;4 days;Proveedor 24;FR;EUR;Intracommunity;20 days;True
FFCC162910;2016-10-03;PROV1650;2016-09-01;2016-10-06;32 days;Proveedor 539;ES;EUR;Spanish;10 days;False
FFCC162911;2016-10-06;PROV1756;2016-08-11;2016-10-09;56 days;Proveedor 603;IN;USD;Extracommunity;45 days;False
FFCC162912;2016-10-01;PROV40002330;2016-08-19;2016-10-04;43 days;Proveedor 37;ES;EUR;Spanish;10 days;False
FFCC162913;2016-10-08;PROV40002330;2016-09-06;2016-10-11;32 days;Proveedor 37;ES;EUR;Spanish;10 days;False
FFCC162914;2016-10-05;PROV1014;2016-09-15;2016-10-08;20 days;Proveedor 171;ES;EUR;Spanish;10 days;False
FFCC162915;2016-10-15;PROV1129;2016-08-30;2016-10-18;46 days;Proveedor 207;ES;EUR;Spanish;10 days;False
FFCC162916;2016-10-04;PROV1003;2016-08-14;2016-10-07;51 days;Proveedor 165;CN;USD;Extracommunity;45 days;False
FFCC162917;2016-10-18;PROV1003;2016-09-14;2016-10-21;34 days;Proveedor 165;CN;USD;Extracommunity;45 days;True
FFCC162918;2016-10-01;PROV1870;2016-08-31;2016-10-04;31 days;Proveedor 707;IE;EUR;Intracommunity;20 days;False
FFCC162920;2016-10-01;PROV1834;2016-08-11;2016-10-04;51 days;Proveedor 677;CH;USD;Extracommunity;45 days;False
FFCC162923;2016-10-01;PROV1475;2016-09-07;2016-10-04;24 days;Proveedor 376;CH;USD;Extracommunity;45 days;True
FFCC162925;2016-10-01;PROV1485;2016-09-07;2016-10-04;24 days;Proveedor 386;IE;EUR;Intracommunity;20 days;False
FFCC162927;2016-10-01;PROV1585;2016-09-09;2016-10-04;22 days;Proveedor 479;CH;USD;Extracommunity;45 days;True
FFCC162930;2016-10-05;PROV1485;2016-08-31;2016-10-08;35 days;Proveedor 386;IE;EUR;Intracommunity;20 days;False
FFCC162933;2016-10-01;PROV1428;2016-09-29;2016-10-04;2 days;Proveedor 341;CH;USD;Extracommunity;45 days;True
FFCC162936;2016-10-07;PROV40000520;2016-09-11;2016-10-10;26 days;Proveedor 17;ES;EUR;Spanish;10 days;False
FFCC162937;2016-10-15;PROV40001470;2016-08-30;2016-10-18;46 days;Proveedor 26;ES;EUR;Spanish;10 days;False
FFCC162938;2016-10-12;PROV1647;2016-09-08;2016-10-15;34 days;Proveedor 536;ES;EUR;Spanish;10 days;False
FFCC162939;2016-10-14;PROV40000850;2016-10-01;2016-10-17;13 days;Proveedor 21;ES;EUR;Spanish;10 days;False
FFCC162940;2016-10-07;PROV40000850;2016-09-09;2016-10-10;28 days;Proveedor 21;ES;EUR;Spanish;10 days;False
FFCC162941;2016-10-01;PROV1475;2016-08-20;2016-10-04;42 days;Proveedor 376;CH;USD;Extracommunity;45 days;True
FFCC162977;2016-10-18;PROV1485;2016-09-14;2016-10-21;34 days;Proveedor 386;IE;EUR;Intracommunity;20 days;False
FFCC162980;2016-10-01;PROV1597;2016-09-15;2016-10-04;16 days;Proveedor 491;CH;USD;Extracommunity;45 days;True
FFCC162983;2016-10-01;PROV1397;2016-09-16;2016-10-04;15 days;Proveedor 321;PE;USD;Extracommunity;45 days;True
FFCC162985;2016-10-17;PROV1014;2016-09-16;2016-10-20;31 days;Proveedor 171;ES;EUR;Spanish;10 days;False
FFCC162987;2016-10-17;PROV1061;2016-10-12;2016-10-20;5 days;Proveedor 182;IN;USD;Extracommunity;45 days;True
FFCC162988;2016-10-12;PROV1061;2016-10-01;2016-10-15;11 days;Proveedor 182;IN;USD;Extracommunity;45 days;True
FFCC163027;2016-10-01;PROV1834;2016-09-01;2016-10-04;30 days;Proveedor 677;CH;USD;Extracommunity;45 days;True
FFCC163030;2016-10-31;PROV40002065;2016-09-24;2016-11-03;37 days;Proveedor 30;ES;EUR;Spanish;10 days;False
FFCC163031;2016-10-25;PROV40002720;2016-09-15;2016-10-28;40 days;Proveedor 38;ES;EUR;Spanish;10 days;False
FFCC163032;2016-10-17;PROV1485;2016-10-10;2016-10-20;7 days;Proveedor 386;IE;EUR;Intracommunity;20 days;True
FFCC163033;2016-10-15;PROV1428;2016-08-28;2016-10-18;48 days;Proveedor 341;CH;USD;Extracommunity;45 days;False
FFCC163036;2016-10-01;PROV40002220;2016-08-14;2016-10-04;48 days;Proveedor 36;ES;EUR;Spanish;10 days;False
FFCC163037;2016-10-20;PROV40000187;2016-10-13;2016-10-23;7 days;Proveedor 13;ES;EUR;Spanish;10 days;True
FFCC163038;2016-10-31;PROV40001470;2016-10-10;2016-11-03;21 days;Proveedor 26;ES;EUR;Spanish;10 days;False
FFCC163051;2016-10-14;PROV40000500;2016-08-17;2016-10-17;58 days;Proveedor 16;ES;EUR;Spanish;10 days;False
FFCC163052;2016-10-01;PROV1441;2016-08-26;2016-10-04;36 days;Proveedor 349;ES;EUR;Spanish;10 days;False
FFCC163053;2016-10-07;PROV40000500;2016-08-29;2016-10-10;39 days;Proveedor 16;ES;EUR;Spanish;10 days;False
FFCC163054;2016-10-12;PROV1485;2016-10-10;2016-10-15;2 days;Proveedor 386;IE;EUR;Intracommunity;20 days;True
FFCC163055;2016-10-22;PROV1585;2016-10-04;2016-10-25;18 days;Proveedor 479;CH;USD;Extracommunity;45 days;True
FFCC163056;2016-10-21;PROV1397;2016-09-18;2016-10-24;33 days;Proveedor 321;PE;USD;Extracommunity;45 days;True
FFCC163058;2016-10-21;PROV40000500;2016-09-28;2016-10-24;23 days;Proveedor 16;ES;EUR;Spanish;10 days;False
FFCC163059;2016-10-22;PROV40002330;2016-09-06;2016-10-25;46 days;Proveedor 37;ES;EUR;Spanish;10 days;False
FFCC163062;2016-10-13;PROV1649;2016-09-04;2016-10-16;39 days;Proveedor 538;ES;EUR;Spanish;10 days;False
FFCC163063;2016-10-20;PROV1014;2016-09-27;2016-10-23;23 days;Proveedor 171;ES;EUR;Spanish;10 days;False
FFCC163064;2016-10-18;PROV40001825;2016-09-21;2016-10-21;27 days;Proveedor 29;ES;EUR;Spanish;10 days;False
FFCC163088;2016-10-27;PROV1734;2016-10-08;2016-10-30;19 days;Proveedor 593;ES;EUR;Spanish;10 days;False
FFCC163090;2016-10-28;PROV40000850;2016-10-22;2016-10-31;6 days;Proveedor 21;ES;EUR;Spanish;10 days;True
FFCC163092;2016-10-25;PROV1441;2016-09-13;2016-10-28;42 days;Proveedor 349;ES;EUR;Spanish;10 days;False
FFCC163093;2016-11-08;PROV1441;2016-09-11;2016-11-11;58 days;Proveedor 349;ES;EUR;Spanish;10 days;False
FFCC163094;2016-10-21;PROV40000520;2016-08-30;2016-10-24;52 days;Proveedor 17;ES;EUR;Spanish;10 days;False
FFCC163095;2016-10-20;PROV40000735;2016-08-29;2016-10-23;52 days;Proveedor 19;ES;EUR;Spanish;10 days;False
FFCC163096;2016-10-31;PROV1129;2016-10-06;2016-11-03;25 days;Proveedor 207;ES;EUR;Spanish;10 days;False
FFCC163097;2016-11-02;PROV1129;2016-09-30;2016-11-05;33 days;Proveedor 207;ES;EUR;Spanish;10 days;False
FFCC163098;2016-10-25;PROV1649;2016-09-12;2016-10-28;43 days;Proveedor 538;ES;EUR;Spanish;10 days;False
FFCC163099;2016-10-28;PROV1465;2016-09-11;2016-10-31;47 days;Proveedor 368;ES;EUR;Spanish;10 days;False
FFCC163139;2016-10-31;PROV40000520;2016-10-12;2016-11-03;19 days;Proveedor 17;ES;EUR;Spanish;10 days;False
FFCC163180;2016-11-04;PROV1003;2016-09-21;2016-11-07;44 days;Proveedor 165;CN;USD;Extracommunity;45 days;True
FFCC163181;2016-11-07;PROV1650;2016-10-01;2016-11-10;37 days;Proveedor 539;ES;EUR;Spanish;10 days;False
FFCC163182;2016-11-04;PROV1170;2016-09-19;2016-11-07;46 days;Proveedor 221;ES;EUR;Spanish;10 days;False
FFCC163183;2016-11-01;PROV40002330;2016-10-16;2016-11-04;16 days;Proveedor 37;ES;EUR;Spanish;10 days;False
FFCC163185;2016-11-04;PROV40000520;2016-10-22;2016-11-07;13 days;Proveedor 17;ES;EUR;Spanish;10 days;False
FFCC163186;2016-11-01;PROV40001000;2016-09-10;2016-11-04;52 days;Proveedor 24;FR;EUR;Intracommunity;20 days;False
FFCC163189;2016-11-03;PROV1485;2016-10-22;2016-11-06;12 days;Proveedor 386;IE;EUR;Intracommunity;20 days;True
FFCC163192;2016-11-01;PROV1875;2016-10-06;2016-11-04;26 days;Proveedor 711;CH;USD;Extracommunity;45 days;True
FFCC163198;2016-11-04;PROV40000500;2016-09-27;2016-11-07;38 days;Proveedor 16;ES;EUR;Spanish;10 days;False
FFCC163199;2016-11-03;PROV40002065;2016-10-10;2016-11-06;24 days;Proveedor 30;ES;EUR;Spanish;10 days;False
FFCC163200;2016-11-03;PROV41001401;2016-09-24;2016-11-06;40 days;Proveedor 139;ES;EUR;Spanish;10 days;False
FFCC163212;2016-11-15;PROV1134;2016-10-08;2016-11-18;38 days;Proveedor 209;ES;EUR;Spanish;10 days;False
FFCC163234;2016-11-01;PROV1485;2016-10-30;2016-11-04;2 days;Proveedor 386;IE;EUR;Intracommunity;20 days;True
FFCC163239;2016-11-02;PROV1125;2016-09-22;2016-11-05;41 days;Proveedor 204;ES;EUR;Spanish;10 days;False
FFCC163242;2016-11-16;PROV1947;2016-10-30;2016-11-19;17 days;Proveedor 777;ES;EUR;Spanish;10 days;False
FFCC163250;2016-11-01;PROV1475;2016-10-08;2016-11-04;24 days;Proveedor 376;CH;USD;Extracommunity;45 days;True
FFCC163258;2016-11-01;PROV1597;2016-10-19;2016-11-04;13 days;Proveedor 491;CH;USD;Extracommunity;45 days;True
FFCC163261;2016-11-01;PROV1585;2016-10-16;2016-11-04;16 days;Proveedor 479;CH;USD;Extracommunity;45 days;True
FFCC163264;2016-11-15;PROV1129;2016-10-03;2016-11-18;43 days;Proveedor 207;ES;EUR;Spanish;10 days;False
FFCC163269;2016-11-01;PROV1485;2016-09-22;2016-11-04;40 days;Proveedor 386;IE;EUR;Intracommunity;20 days;False
FFCC163274;2016-11-11;PROV40000500;2016-09-26;2016-11-14;46 days;Proveedor 16;ES;EUR;Spanish;10 days;False
FFCC163276;2016-11-15;PROV1734;2016-10-23;2016-11-18;23 days;Proveedor 593;ES;EUR;Spanish;10 days;False
FFCC163278;2016-11-01;PROV1870;2016-10-17;2016-11-04;15 days;Proveedor 707;IE;EUR;Intracommunity;20 days;True
FFCC163309;2016-11-21;PROV1485;2016-10-29;2016-11-24;23 days;Proveedor 386;IE;EUR;Intracommunity;20 days;False
FFCC163310;2016-11-01;PROV1398;2016-09-25;2016-11-04;37 days;Proveedor 322;CH;USD;Extracommunity;45 days;True
FFCC163315;2016-11-08;PROV1014;2016-10-18;2016-11-11;21 days;Proveedor 171;ES;EUR;Spanish;10 days;False
FFCC163316;2016-11-02;PROV1756;2016-10-08;2016-11-05;25 days;Proveedor 603;IN;USD;Extracommunity;45 days;True
FFCC163317;2016-11-09;PROV1014;2016-10-06;2016-11-12;34 days;Proveedor 171;ES;EUR;Spanish;10 days;False
FFCC163319;2016-11-17;PROV40001000;2016-09-27;2016-11-20;51 days;Proveedor 24;FR;EUR;Intracommunity;20 days;False
FFCC163320;2016-11-15;PROV1465;2016-09-27;2016-11-18;49 days;Proveedor 368;ES;EUR;Spanish;10 days;False
FFCC163321;2016-11-01;PROV1475;2016-10-02;2016-11-04;30 days;Proveedor 376;CH;USD;Extracommunity;45 days;True
FFCC163323;2016-11-03;PROV1397;2016-10-23;2016-11-06;11 days;Proveedor 321;PE;USD;Extracommunity;45 days;True
FFCC163327;2016-11-04;PROV1061;2016-09-23;2016-11-07;42 days;Proveedor 182;IN;USD;Extracommunity;45 days;True
FFCC163331;2016-11-21;PROV40002330;2016-10-05;2016-11-24;47 days;Proveedor 37;ES;EUR;Spanish;10 days;False
FFCC163334;2016-11-23;PROV1443;2016-10-11;2016-11-26;43 days;Proveedor 351;ES;EUR;Spanish;10 days;False
FFCC163345;2016-11-01;PROV1585;2016-09-06;2016-11-04;56 days;Proveedor 479;CH;USD;Extracommunity;45 days;False
FFCC163348;2016-11-10;PROV40000187;2016-09-22;2016-11-13;49 days;Proveedor 13;ES;EUR;Spanish;10 days;False
FFCC163350;2016-11-30;PROV40002065;2016-10-29;2016-12-03;32 days;Proveedor 30;ES;EUR;Spanish;10 days;False
FFCC163357;2016-11-17;PROV1397;2016-10-04;2016-11-20;44 days;Proveedor 321;PE;USD;Extracommunity;45 days;True
FFCC163359;2016-11-01;PROV1834;2016-09-24;2016-11-04;38 days;Proveedor 677;CH;USD;Extracommunity;45 days;True
FFCC163370;2016-11-25;PROV40002720;2016-10-29;2016-11-28;27 days;Proveedor 38;ES;EUR;Spanish;10 days;False
FFCC163371;2016-11-30;PROV40001470;2016-11-03;2016-12-03;27 days;Proveedor 26;ES;EUR;Spanish;10 days;False
FFCC163374;2016-11-22;PROV40001825;2016-10-30;2016-11-25;23 days;Proveedor 29;ES;EUR;Spanish;10 days;False
FFCC163375;2016-11-18;PROV40000520;2016-10-28;2016-11-21;21 days;Proveedor 17;ES;EUR;Spanish;10 days;False
FFCC163377;2016-11-25;PROV1061;2016-10-12;2016-11-28;44 days;Proveedor 182;IN;USD;Extracommunity;45 days;True
FFCC163378;2016-11-25;PROV40000187;2016-11-15;2016-11-28;10 days;Proveedor 13;ES;EUR;Spanish;10 days;True
FFCC163379;2016-11-17;PROV1734;2016-10-31;2016-11-20;17 days;Proveedor 593;ES;EUR;Spanish;10 days;False
FFCC163380;2016-11-23;PROV1441;2016-11-14;2016-11-26;9 days;Proveedor 349;ES;EUR;Spanish;10 days;True
FFCC163382;2016-11-01;PROV40002220;2016-10-15;2016-11-04;17 days;Proveedor 36;ES;EUR;Spanish;10 days;False
FFCC163383;2016-11-17;PROV1649;2016-11-03;2016-11-20;14 days;Proveedor 538;ES;EUR;Spanish;10 days;False
FFCC163384;2016-11-11;PROV1649;2016-10-13;2016-11-14;29 days;Proveedor 538;ES;EUR;Spanish;10 days;False
FFCC163385;2016-11-23;PROV40001000;2016-10-05;2016-11-26;49 days;Proveedor 24;FR;EUR;Intracommunity;20 days;False
FFCC163386;2016-11-01;PROV1597;2016-10-14;2016-11-04;18 days;Proveedor 491;CH;USD;Extracommunity;45 days;True
FFCC163389;2016-11-26;PROV40002330;2016-10-14;2016-11-29;43 days;Proveedor 37;ES;EUR;Spanish;10 days;False
FFCC163390;2016-11-25;PROV40000520;2016-10-19;2016-11-28;37 days;Proveedor 17;ES;EUR;Spanish;10 days;False
FFCC163391;2016-11-29;PROV40000520;2016-11-14;2016-12-02;15 days;Proveedor 17;ES;EUR;Spanish;10 days;False
FFCC163394;2016-11-19;PROV40000850;2016-11-03;2016-11-22;16 days;Proveedor 21;ES;EUR;Spanish;10 days;False
FFCC163395;2016-11-01;PROV1551;2016-10-06;2016-11-04;26 days;Proveedor 447;CH;USD;Extracommunity;45 days;True
FFCC163396;2016-11-18;PROV40000500;2016-10-06;2016-11-21;43 days;Proveedor 16;ES;EUR;Spanish;10 days;False
FFCC163397;2016-11-03;PROV1027;2016-10-01;2016-11-06;33 days;Proveedor 178;ES;EUR;Spanish;10 days;False
FFCC163399;2016-11-16;PROV1932;2016-11-09;2016-11-19;7 days;Proveedor 762;ES;EUR;Spanish;10 days;True
FFCC163401;2016-11-25;PROV1465;2016-11-07;2016-11-28;18 days;Proveedor 368;ES;EUR;Spanish;10 days;False
FFCC163402;2016-11-30;PROV41000980;2016-10-29;2016-12-03;32 days;Proveedor 110;ES;EUR;Spanish;10 days;False
FFCC163403;2016-11-30;PROV40000010;2016-11-20;2016-12-03;10 days;Proveedor 12;ES;EUR;Spanish;10 days;True
FFCC163415;2016-11-21;PROV1939;2016-10-11;2016-11-24;41 days;Proveedor 769;ES;EUR;Spanish;10 days;False
FFCC163416;2016-11-15;PROV40001470;2016-10-24;2016-11-18;22 days;Proveedor 26;ES;EUR;Spanish;10 days;False
FFCC163430;2016-11-04;PROV1134;2016-09-24;2016-11-07;41 days;Proveedor 209;ES;EUR;Spanish;10 days;False
FFCC163455;2016-11-30;PROV1470;2016-11-02;2016-12-03;28 days;Proveedor 372;ES;EUR;Spanish;10 days;False
FFCC163476;2016-11-26;PROV41001800;2016-10-11;2016-11-29;46 days;Proveedor 164;ES;EUR;Spanish;10 days;False
FFCC163494;2016-12-01;PROV40001825;2016-10-08;2016-12-04;54 days;Proveedor 29;ES;EUR;Spanish;10 days;False
FFCC163502;2016-12-01;PROV1585;2016-10-26;2016-12-04;36 days;Proveedor 479;CH;USD;Extracommunity;45 days;True
FFCC163505;2016-12-01;PROV1756;2016-11-04;2016-12-04;27 days;Proveedor 603;IN;USD;Extracommunity;45 days;True
FFCC163506;2016-12-01;PROV1003;2016-10-27;2016-12-04;35 days;Proveedor 165;CN;USD;Extracommunity;45 days;True
FFCC163525;2016-12-01;PROV40002330;2016-11-13;2016-12-04;18 days;Proveedor 37;ES;EUR;Spanish;10 days;False
FFCC163526;2016-12-10;PROV40000850;2016-12-08;2016-12-13;2 days;Proveedor 21;ES;EUR;Spanish;10 days;True
FFCC163529;2016-12-07;PROV1876;2016-11-09;2016-12-10;28 days;Proveedor 712;ES;EUR;Spanish;10 days;False
FFCC163532;2016-12-15;PROV40001470;2016-11-05;2016-12-18;40 days;Proveedor 26;ES;EUR;Spanish;10 days;False
FFCC163533;2016-12-14;PROV1734;2016-10-25;2016-12-17;50 days;Proveedor 593;ES;EUR;Spanish;10 days;False
FFCC163534;2016-12-14;PROV1734;2016-11-30;2016-12-17;14 days;Proveedor 593;ES;EUR;Spanish;10 days;False
FFCC163553;2016-12-05;PROV1428;2016-10-22;2016-12-08;44 days;Proveedor 341;CH;USD;Extracommunity;45 days;True
FFCC163556;2016-12-08;PROV1397;2016-11-09;2016-12-11;29 days;Proveedor 321;PE;USD;Extracommunity;45 days;True
FFCC163559;2016-12-01;PROV1733;2016-10-18;2016-12-04;44 days;Proveedor 592;CH;USD;Extracommunity;45 days;True
FFCC163562;2016-12-12;PROV1014;2016-10-28;2016-12-15;45 days;Proveedor 171;ES;EUR;Spanish;10 days;False
FFCC163564;2016-12-01;PROV40000850;2016-11-14;2016-12-04;17 days;Proveedor 21;ES;EUR;Spanish;10 days;False
FFCC163567;2016-12-14;PROV41001401;2016-11-27;2016-12-17;17 days;Proveedor 139;ES;EUR;Spanish;10 days;False
FFCC163569;2016-12-01;PROV40000500;2016-11-07;2016-12-04;24 days;Proveedor 16;ES;EUR;Spanish;10 days;False
FFCC163572;2016-12-05;PROV1061;2016-11-17;2016-12-08;18 days;Proveedor 182;IN;USD;Extracommunity;45 days;True
FFCC163573;2016-12-01;PROV1485;2016-11-17;2016-12-04;14 days;Proveedor 386;IE;EUR;Intracommunity;20 days;True
FFCC163580;2016-12-16;PROV41001401;2016-11-24;2016-12-19;22 days;Proveedor 139;ES;EUR;Spanish;10 days;False
FFCC163582;2016-12-12;PROV40001000;2016-10-28;2016-12-15;45 days;Proveedor 24;FR;EUR;Intracommunity;20 days;False
FFCC163583;2016-12-09;PROV40000520;2016-11-12;2016-12-12;27 days;Proveedor 17;ES;EUR;Spanish;10 days;False
FFCC163584;2016-12-01;PROV1061;2016-11-18;2016-12-04;13 days;Proveedor 182;IN;USD;Extracommunity;45 days;True
FFCC163585;2016-12-16;PROV41001401;2016-11-02;2016-12-19;44 days;Proveedor 139;ES;EUR;Spanish;10 days;False
FFCC163586;2016-12-09;PROV1485;2016-11-08;2016-12-12;31 days;Proveedor 386;IE;EUR;Intracommunity;20 days;False
FFCC163589;2016-12-01;PROV1475;2016-10-26;2016-12-04;36 days;Proveedor 376;CH;USD;Extracommunity;45 days;True
FFCC163592;2016-12-16;PROV1485;2016-11-03;2016-12-19;43 days;Proveedor 386;IE;EUR;Intracommunity;20 days;False
FFCC163595;2016-12-01;PROV1485;2016-10-17;2016-12-04;45 days;Proveedor 386;IE;EUR;Intracommunity;20 days;False
FFCC163597;2016-12-16;PROV40000520;2016-12-02;2016-12-19;14 days;Proveedor 17;ES;EUR;Spanish;10 days;False
FFCC163598;2016-12-10;PROV1465;2016-11-02;2016-12-13;38 days;Proveedor 368;ES;EUR;Spanish;10 days;False
FFCC163603;2016-12-16;PROV40000500;2016-11-18;2016-12-19;28 days;Proveedor 16;ES;EUR;Spanish;10 days;False
FFCC163604;2016-12-12;PROV1922;2016-11-25;2016-12-15;17 days;Proveedor 753;ES;EUR;Spanish;10 days;False
FFCC163614;2016-12-01;PROV1475;2016-10-22;2016-12-04;40 days;Proveedor 376;CH;USD;Extracommunity;45 days;True
FFCC163620;2016-12-16;PROV40000500;2016-10-31;2016-12-19;46 days;Proveedor 16;ES;EUR;Spanish;10 days;False
FFCC163647;2016-12-15;PROV40000187;2016-11-13;2016-12-18;32 days;Proveedor 13;ES;EUR;Spanish;10 days;False
FFCC163655;2016-12-21;PROV1441;2016-11-16;2016-12-24;35 days;Proveedor 349;ES;EUR;Spanish;10 days;False
FFCC163658;2016-12-20;PROV1734;2016-12-07;2016-12-23;13 days;Proveedor 593;ES;EUR;Spanish;10 days;False
FFCC163659;2016-12-22;PROV40002720;2016-12-01;2016-12-25;21 days;Proveedor 38;ES;EUR;Spanish;10 days;False
FFCC163661;2016-12-05;PROV40002220;2016-10-20;2016-12-08;46 days;Proveedor 36;ES;EUR;Spanish;10 days;False
FFCC163668;2016-12-23;PROV1485;2016-12-14;2016-12-26;9 days;Proveedor 386;IE;EUR;Intracommunity;20 days;True
FFCC163669;2016-12-01;PROV1585;2016-10-08;2016-12-04;54 days;Proveedor 479;CH;USD;Extracommunity;45 days;False
FFCC163675;2016-12-22;PROV1758;2016-12-17;2016-12-25;5 days;Proveedor 605;ES;EUR;Spanish;10 days;True
FFCC163684;2016-12-14;PROV40002330;2016-11-05;2016-12-17;39 days;Proveedor 37;ES;EUR;Spanish;10 days;False
FFCC163685;2016-12-03;PROV40002330;2016-10-19;2016-12-06;45 days;Proveedor 37;ES;EUR;Spanish;10 days;False
FFCC163686;2016-12-16;PROV40002330;2016-11-01;2016-12-19;45 days;Proveedor 37;ES;EUR;Spanish;10 days;False
FFCC163687;2016-12-01;PROV40000520;2016-11-11;2016-12-04;20 days;Proveedor 17;ES;EUR;Spanish;10 days;False
FFCC163708;2016-12-30;PROV40002065;2016-12-06;2017-01-02;24 days;Proveedor 30;ES;EUR;Spanish;10 days;False
FFCC163725;2016-12-23;PROV40000520;2016-11-12;2016-12-26;41 days;Proveedor 17;ES;EUR;Spanish;10 days;False
FFCC163735;2016-12-01;PROV40002220;2016-10-24;2016-12-04;38 days;Proveedor 36;ES;EUR;Spanish;10 days;False
FFCC163736;2016-12-01;PROV1834;2016-11-07;2016-12-04;24 days;Proveedor 677;CH;USD;Extracommunity;45 days;True
FFCC163739;2016-12-09;PROV1551;2016-11-17;2016-12-12;22 days;Proveedor 447;CH;USD;Extracommunity;45 days;True
FFCC163755;2016-12-06;PROV1441;2016-10-20;2016-12-09;47 days;Proveedor 349;ES;EUR;Spanish;10 days;False
FFCC163760;2016-12-14;PROV41001800;2016-10-24;2016-12-17;51 days;Proveedor 164;ES;EUR;Spanish;10 days;False
FFCC170002;2017-01-02;PROV40002330;2016-11-28;2017-01-05;35 days;Proveedor 37;ES;EUR;Spanish;10 days;False
FFCC170028;2017-01-02;PROV1061;2016-11-27;2017-01-05;36 days;Proveedor 182;IN;USD;Extracommunity;45 days;True
FFCC170032;2017-01-16;PROV1129;2016-12-20;2017-01-19;27 days;Proveedor 207;ES;EUR;Spanish;10 days;False
FFCC170033;2017-01-02;PROV1191;2016-11-30;2017-01-05;33 days;Proveedor 227;ES;EUR;Spanish;10 days;False
FFCC170043;2017-01-02;PROV1585;2016-12-13;2017-01-05;20 days;Proveedor 479;CH;USD;Extracommunity;45 days;True
FFCC170046;2017-01-15;PROV1323;2016-12-04;2017-01-18;42 days;Proveedor 281;ES;EUR;Spanish;10 days;False
FFCC170047;2017-01-13;PROV40000850;2016-12-06;2017-01-16;38 days;Proveedor 21;ES;EUR;Spanish;10 days;False
FFCC170048;2017-01-11;PROV1734;2016-11-26;2017-01-14;46 days;Proveedor 593;ES;EUR;Spanish;10 days;False
FFCC170049;2017-01-05;PROV1734;2016-12-26;2017-01-08;10 days;Proveedor 593;ES;EUR;Spanish;10 days;True
FFCC170050;2017-01-02;PROV1936;2016-12-24;2017-01-05;9 days;Proveedor 766;CH;USD;Extracommunity;45 days;True
FFCC170053;2017-01-02;PROV1475;2016-11-20;2017-01-05;43 days;Proveedor 376;CH;USD;Extracommunity;45 days;True
FFCC170056;2017-01-02;PROV1597;2016-12-23;2017-01-05;10 days;Proveedor 491;CH;USD;Extracommunity;45 days;True
FFCC170059;2017-01-02;PROV1485;2016-11-23;2017-01-05;40 days;Proveedor 386;IE;EUR;Intracommunity;20 days;False
FFCC170061;2017-01-05;PROV40000520;2016-12-13;2017-01-08;23 days;Proveedor 17;ES;EUR;Spanish;10 days;False
FFCC170062;2017-01-02;PROV1875;2016-11-08;2017-01-05;55 days;Proveedor 711;CH;USD;Extracommunity;45 days;False
FFCC170075;2017-01-04;PROV40001000;2016-11-24;2017-01-07;41 days;Proveedor 24;FR;EUR;Intracommunity;20 days;False
FFCC170077;2017-01-31;PROV40002065;2016-12-08;2017-02-03;54 days;Proveedor 30;ES;EUR;Spanish;10 days;False
FFCC170079;2017-01-13;PROV1061;2016-11-16;2017-01-16;58 days;Proveedor 182;IN;USD;Extracommunity;45 days;False
FFCC170080;2017-01-02;PROV1475;2016-12-12;2017-01-05;21 days;Proveedor 376;CH;USD;Extracommunity;45 days;True
FFCC170083;2017-01-09;PROV1485;2016-12-13;2017-01-12;27 days;Proveedor 386;IE;EUR;Intracommunity;20 days;False
FFCC170088;2017-01-02;PROV1876;2016-12-09;2017-01-05;24 days;Proveedor 712;ES;EUR;Spanish;10 days;False
FFCC170095;2017-01-10;PROV1014;2016-12-29;2017-01-13;12 days;Proveedor 171;ES;EUR;Spanish;10 days;False
FFCC170096;2017-01-18;PROV1734;2016-12-11;2017-01-21;38 days;Proveedor 593;ES;EUR;Spanish;10 days;False
FFCC170097;2017-01-20;PROV1734;2016-12-09;2017-01-23;42 days;Proveedor 593;ES;EUR;Spanish;10 days;False
FFCC170098;2017-01-04;PROV1027;2016-11-30;2017-01-07;35 days;Proveedor 178;ES;EUR;Spanish;10 days;False
FFCC170099;2017-01-16;PROV1876;2017-01-12;2017-01-19;4 days;Proveedor 712;ES;EUR;Spanish;10 days;True
FFCC170100;2017-01-16;PROV1876;2016-12-09;2017-01-19;38 days;Proveedor 712;ES;EUR;Spanish;10 days;False
FFCC170101;2017-01-20;PROV1650;2016-12-10;2017-01-23;41 days;Proveedor 539;ES;EUR;Spanish;10 days;False
FFCC170105;2017-01-02;PROV1485;2016-11-29;2017-01-05;34 days;Proveedor 386;IE;EUR;Intracommunity;20 days;False
FFCC170109;2017-01-20;PROV40000520;2016-12-30;2017-01-23;21 days;Proveedor 17;ES;EUR;Spanish;10 days;False
FFCC170110;2017-01-11;PROV40002330;2016-12-22;2017-01-14;20 days;Proveedor 37;ES;EUR;Spanish;10 days;False
FFCC170111;2017-01-14;PROV40002330;2017-01-06;2017-01-17;8 days;Proveedor 37;ES;EUR;Spanish;10 days;True
FFCC170118;2017-01-25;PROV40002720;2016-12-07;2017-01-28;49 days;Proveedor 38;ES;EUR;Spanish;10 days;False
FFCC170119;2017-01-10;PROV40001825;2016-11-30;2017-01-13;41 days;Proveedor 29;ES;EUR;Spanish;10 days;False
FFCC170138;2017-01-12;PROV1397;2016-11-29;2017-01-15;44 days;Proveedor 321;PE;USD;Extracommunity;45 days;True
FFCC170140;2017-01-02;PROV1597;2016-12-26;2017-01-05;7 days;Proveedor 491;CH;USD;Extracommunity;45 days;True
FFCC170143;2017-01-27;PROV1485;2017-01-16;2017-01-30;11 days;Proveedor 386;IE;EUR;Intracommunity;20 days;True
FFCC170145;2017-01-02;PROV1475;2016-11-20;2017-01-05;43 days;Proveedor 376;CH;USD;Extracommunity;45 days;True
FFCC170148;2017-01-15;PROV1465;2016-12-20;2017-01-18;26 days;Proveedor 368;ES;EUR;Spanish;10 days;False
FFCC170149;2017-01-02;PROV1834;2016-11-18;2017-01-05;45 days;Proveedor 677;CH;USD;Extracommunity;45 days;True
FFCC170180;2017-01-19;PROV1485;2016-12-11;2017-01-22;39 days;Proveedor 386;IE;EUR;Intracommunity;20 days;False
FFCC170183;2017-01-17;PROV1014;2016-12-11;2017-01-20;37 days;Proveedor 171;ES;EUR;Spanish;10 days;False
FFCC170185;2017-01-27;PROV40002330;2017-01-11;2017-01-30;16 days;Proveedor 37;ES;EUR;Spanish;10 days;False
FFCC170188;2017-01-31;PROV41000980;2016-12-09;2017-02-03;53 days;Proveedor 110;ES;EUR;Spanish;10 days;False
FFCC170190;2017-01-10;PROV40000187;2016-12-17;2017-01-13;24 days;Proveedor 13;ES;EUR;Spanish;10 days;False
FFCC170191;2017-01-31;PROV40000187;2017-01-15;2017-02-03;16 days;Proveedor 13;ES;EUR;Spanish;10 days;False
FFCC170196;2017-01-28;PROV40002330;2016-12-07;2017-01-31;52 days;Proveedor 37;ES;EUR;Spanish;10 days;False
FFCC170197;2017-01-11;PROV1649;2016-12-23;2017-01-14;19 days;Proveedor 538;ES;EUR;Spanish;10 days;False
FFCC170201;2017-01-25;PROV1441;2016-12-24;2017-01-28;32 days;Proveedor 349;ES;EUR;Spanish;10 days;False
FFCC170202;2017-01-30;PROV40000850;2016-12-29;2017-02-02;32 days;Proveedor 21;ES;EUR;Spanish;10 days;False
FFCC170203;2017-01-24;PROV1734;2016-12-13;2017-01-27;42 days;Proveedor 593;ES;EUR;Spanish;10 days;False
FFCC170204;2017-01-13;PROV1014;2016-11-22;2017-01-16;52 days;Proveedor 171;ES;EUR;Spanish;10 days;False
FFCC170223;2017-01-31;PROV40000520;2017-01-19;2017-02-03;12 days;Proveedor 17;ES;EUR;Spanish;10 days;False
FFCC170251;2017-01-12;PROV1756;2016-12-17;2017-01-15;26 days;Proveedor 603;IN;USD;Extracommunity;45 days;True
FFCC170254;2017-01-13;PROV1585;2016-12-03;2017-01-16;41 days;Proveedor 479;CH;USD;Extracommunity;45 days;True
FFCC170256;2017-01-18;PROV1585;2016-11-30;2017-01-21;49 days;Proveedor 479;CH;USD;Extracommunity;45 days;False
FFCC170260;2017-01-02;PROV1398;2016-11-12;2017-01-05;51 days;Proveedor 322;CH;USD;Extracommunity;45 days;False
FFCC170261;2017-01-30;PROV1900;2016-12-16;2017-02-02;45 days;Proveedor 732;ES;EUR;Spanish;10 days;False
FFCC170262;2017-01-03;PROV1441;2016-11-25;2017-01-06;39 days;Proveedor 349;ES;EUR;Spanish;10 days;False
FFCC170290;2017-01-12;PROV41001401;2016-11-21;2017-01-15;52 days;Proveedor 139;ES;EUR;Spanish;10 days;False
FFCC170291;2017-01-26;PROV41001800;2017-01-02;2017-01-29;24 days;Proveedor 164;ES;EUR;Spanish;10 days;False
FFCC170296;2017-01-02;PROV1811;2016-12-21;2017-01-05;12 days;Proveedor 656;ES;EUR;Spanish;10 days;False
FFCC170297;2017-01-02;PROV1949;2016-11-23;2017-01-05;40 days;Proveedor 779;ES;EUR;Spanish;10 days;False
FFCC170298;2017-01-02;PROV1960;2016-11-10;2017-01-05;53 days;Proveedor 790;ES;EUR;Spanish;10 days;False
FFCC170299;2017-01-02;PROV1954;2016-11-30;2017-01-05;33 days;Proveedor 784;ES;EUR;Spanish;10 days;False
FFCC170347;2017-02-08;PROV1876;2017-01-06;2017-02-11;33 days;Proveedor 712;ES;EUR;Spanish;10 days;False
FFCC170348;2017-02-07;PROV1876;2016-12-21;2017-02-10;48 days;Proveedor 712;ES;EUR;Spanish;10 days;False
FFCC170349;2017-02-01;PROV1940;2016-12-12;2017-02-04;51 days;Proveedor 770;CH;USD;Extracommunity;45 days;False
FFCC170352;2017-02-01;PROV1585;2017-01-05;2017-02-04;27 days;Proveedor 479;CH;USD;Extracommunity;45 days;True
FFCC170355;2017-02-01;PROV40001000;2017-01-16;2017-02-04;16 days;Proveedor 24;FR;EUR;Intracommunity;20 days;True
FFCC170356;2017-02-01;PROV1734;2017-01-10;2017-02-04;22 days;Proveedor 593;ES;EUR;Spanish;10 days;False
FFCC170357;2017-02-09;PROV1734;2017-01-26;2017-02-12;14 days;Proveedor 593;ES;EUR;Spanish;10 days;False
FFCC170358;2017-02-01;PROV40001825;2017-01-12;2017-02-04;20 days;Proveedor 29;ES;EUR;Spanish;10 days;False
FFCC170359;2017-02-10;PROV1484;2017-01-21;2017-02-13;20 days;Proveedor 385;ES;EUR;Spanish;10 days;False
FFCC170360;2017-02-01;PROV1428;2016-12-23;2017-02-04;40 days;Proveedor 341;CH;USD;Extracommunity;45 days;True
FFCC170363;2017-02-08;PROV1061;2017-02-02;2017-02-11;6 days;Proveedor 182;IN;USD;Extracommunity;45 days;True
FFCC170364;2017-02-01;PROV1170;2017-01-04;2017-02-04;28 days;Proveedor 221;ES;EUR;Spanish;10 days;False
FFCC170376;2017-02-10;PROV40000520;2017-01-13;2017-02-13;28 days;Proveedor 17;ES;EUR;Spanish;10 days;False
FFCC170383;2017-02-15;PROV1129;2017-01-31;2017-02-18;15 days;Proveedor 207;ES;EUR;Spanish;10 days;False
FFCC170384;2017-02-14;PROV40000235;2017-01-08;2017-02-17;37 days;Proveedor 15;ES;EUR;Spanish;10 days;False
FFCC170387;2017-02-04;PROV40002330;2017-01-13;2017-02-07;22 days;Proveedor 37;ES;EUR;Spanish;10 days;False
FFCC170388;2017-02-07;PROV40001825;2017-01-03;2017-02-10;35 days;Proveedor 29;ES;EUR;Spanish;10 days;False
FFCC170416;2017-02-01;PROV40001000;2017-01-20;2017-02-04;12 days;Proveedor 24;FR;EUR;Intracommunity;20 days;True
FFCC170420;2017-02-14;PROV1734;2017-02-06;2017-02-17;8 days;Proveedor 593;ES;EUR;Spanish;10 days;True
FFCC170422;2017-02-01;PROV1485;2017-01-15;2017-02-04;17 days;Proveedor 386;IE;EUR;Intracommunity;20 days;True
FFCC170426;2017-02-17;PROV40000500;2017-02-10;2017-02-20;7 days;Proveedor 16;ES;EUR;Spanish;10 days;True
FFCC170430;2017-02-15;PROV40000200;2016-12-31;2017-02-18;46 days;Proveedor 14;ES;EUR;Spanish;10 days;False
FFCC170431;2017-02-17;PROV1650;2017-02-02;2017-02-20;15 days;Proveedor 539;ES;EUR;Spanish;10 days;False
FFCC170432;2017-02-15;PROV1184;2017-01-18;2017-02-18;28 days;Proveedor 223;ES;EUR;Spanish;10 days;False
FFCC170433;2017-02-20;PROV1485;2016-12-28;2017-02-23;54 days;Proveedor 386;IE;EUR;Intracommunity;20 days;False
FFCC170434;2017-02-01;PROV1485;2016-12-24;2017-02-04;39 days;Proveedor 386;IE;EUR;Intracommunity;20 days;False
FFCC170436;2017-02-01;PROV1398;2017-01-03;2017-02-04;29 days;Proveedor 322;CH;USD;Extracommunity;45 days;True
FFCC170440;2017-02-06;PROV40002220;2016-12-26;2017-02-09;42 days;Proveedor 36;ES;EUR;Spanish;10 days;False
FFCC170443;2017-02-06;PROV1650;2017-01-07;2017-02-09;30 days;Proveedor 539;ES;EUR;Spanish;10 days;False
FFCC170444;2017-02-10;PROV40000850;2017-01-23;2017-02-13;18 days;Proveedor 21;ES;EUR;Spanish;10 days;False
FFCC170448;2017-02-01;PROV1398;2017-01-12;2017-02-04;20 days;Proveedor 322;CH;USD;Extracommunity;45 days;True
FFCC170451;2017-02-10;PROV40000500;2016-12-19;2017-02-13;53 days;Proveedor 16;ES;EUR;Spanish;10 days;False
FFCC170466;2017-02-11;PROV40002330;2017-01-03;2017-02-14;39 days;Proveedor 37;ES;EUR;Spanish;10 days;False
FFCC170467;2017-02-17;PROV40000520;2016-12-31;2017-02-20;48 days;Proveedor 17;ES;EUR;Spanish;10 days;False
FFCC170476;2017-02-01;PROV1061;2016-12-23;2017-02-04;40 days;Proveedor 182;IN;USD;Extracommunity;45 days;True
FFCC170504;2017-02-22;PROV1441;2016-12-28;2017-02-25;56 days;Proveedor 349;ES;EUR;Spanish;10 days;False
FFCC170505;2017-02-10;PROV40000187;2017-01-22;2017-02-13;19 days;Proveedor 13;ES;EUR;Spanish;10 days;False
FFCC170506;2017-02-01;PROV1936;2016-12-25;2017-02-04;38 days;Proveedor 766;CH;USD;Extracommunity;45 days;True
FFCC170509;2017-02-01;PROV1834;2017-01-15;2017-02-04;17 days;Proveedor 677;CH;USD;Extracommunity;45 days;True
FFCC170512;2017-02-20;PROV1014;2017-01-29;2017-02-23;22 days;Proveedor 171;ES;EUR;Spanish;10 days;False
FFCC170513;2017-02-24;PROV1649;2017-02-05;2017-02-27;19 days;Proveedor 538;ES;EUR;Spanish;10 days;False
FFCC170514;2017-02-10;PROV1649;2016-12-27;2017-02-13;45 days;Proveedor 538;ES;EUR;Spanish;10 days;False
FFCC170515;2017-02-01;PROV1585;2017-01-06;2017-02-04;26 days;Proveedor 479;CH;USD;Extracommunity;45 days;True
FFCC170518;2017-02-18;PROV40002330;2017-01-03;2017-02-21;46 days;Proveedor 37;ES;EUR;Spanish;10 days;False
FFCC170519;2017-02-25;PROV40002720;2017-01-09;2017-02-28;47 days;Proveedor 38;ES;EUR;Spanish;10 days;False
FFCC170520;2017-02-28;PROV40000882;2017-01-19;2017-03-03;40 days;Proveedor 22;ES;EUR;Spanish;10 days;False
FFCC170521;2017-02-24;PROV40000520;2016-12-29;2017-02-27;57 days;Proveedor 17;ES;EUR;Spanish;10 days;False
FFCC170522;2017-02-21;PROV1734;2017-01-08;2017-02-24;44 days;Proveedor 593;ES;EUR;Spanish;10 days;False
FFCC170525;2017-02-28;PROV40002065;2017-01-17;2017-03-03;42 days;Proveedor 30;ES;EUR;Spanish;10 days;False
FFCC170539;2017-02-25;PROV40002330;2017-01-20;2017-02-28;36 days;Proveedor 37;ES;EUR;Spanish;10 days;False
FFCC170540;2017-02-25;PROV1734;2017-01-16;2017-02-28;40 days;Proveedor 593;ES;EUR;Spanish;10 days;False
FFCC170549;2017-02-08;PROV40001825;2017-01-31;2017-02-11;8 days;Proveedor 29;ES;EUR;Spanish;10 days;True
FFCC170555;2017-02-25;PROV1465;2017-01-14;2017-02-28;42 days;Proveedor 368;ES;EUR;Spanish;10 days;False
FFCC170556;2017-02-28;PROV40000520;2017-01-20;2017-03-03;39 days;Proveedor 17;ES;EUR;Spanish;10 days;False
FFCC170557;2017-02-03;PROV1027;2017-01-12;2017-02-06;22 days;Proveedor 178;ES;EUR;Spanish;10 days;False
FFCC170558;2017-02-22;PROV40001000;2017-01-13;2017-02-25;40 days;Proveedor 24;FR;EUR;Intracommunity;20 days;False
FFCC170559;2017-02-01;PROV41000232;2017-01-02;2017-02-04;30 days;Proveedor 61;ES;EUR;Spanish;10 days;False
FFCC170560;2017-02-22;PROV1014;2017-01-19;2017-02-25;34 days;Proveedor 171;ES;EUR;Spanish;10 days;False
FFCC170573;2017-02-03;PROV1756;2017-01-13;2017-02-06;21 days;Proveedor 603;IN;USD;Extracommunity;45 days;True
FFCC170608;2017-02-03;PROV41000980;2017-01-23;2017-02-06;11 days;Proveedor 110;ES;EUR;Spanish;10 days;False
FFCC170654;2017-03-15;PROV40001470;2017-03-08;2017-03-18;7 days;Proveedor 26;ES;EUR;Spanish;10 days;True
FFCC170655;2017-03-01;PROV1834;2017-01-11;2017-03-04;49 days;Proveedor 677;CH;USD;Extracommunity;45 days;False
FFCC170658;2017-03-01;PROV1597;2017-02-23;2017-03-04;6 days;Proveedor 491;CH;USD;Extracommunity;45 days;True
FFCC170661;2017-03-01;PROV1485;2017-01-14;2017-03-04;46 days;Proveedor 386;IE;EUR;Intracommunity;20 days;False
FFCC170663;2017-03-01;PROV1428;2017-01-14;2017-03-04;46 days;Proveedor 341;CH;USD;Extracommunity;45 days;False
FFCC170670;2017-03-01;PROV40002720;2017-01-26;2017-03-04;34 days;Proveedor 38;ES;EUR;Spanish;10 days;False
FFCC170671;2017-03-01;PROV40001825;2017-01-23;2017-03-04;37 days;Proveedor 29;ES;EUR;Spanish;10 days;False
FFCC170672;2017-03-07;PROV40000235;2017-02-06;2017-03-10;29 days;Proveedor 15;ES;EUR;Spanish;10 days;False
FFCC170674;2017-03-01;PROV1014;2017-02-09;2017-03-04;20 days;Proveedor 171;ES;EUR;Spanish;10 days;False
FFCC170675;2017-03-03;PROV40000850;2017-02-13;2017-03-06;18 days;Proveedor 21;ES;EUR;Spanish;10 days;False
FFCC170681;2017-03-01;PROV1756;2017-02-04;2017-03-04;25 days;Proveedor 603;IN;USD;Extracommunity;45 days;True
FFCC170682;2017-03-01;PROV1485;2017-02-13;2017-03-04;16 days;Proveedor 386;IE;EUR;Intracommunity;20 days;True
FFCC170707;2017-03-01;PROV40000500;2017-01-25;2017-03-04;35 days;Proveedor 16;ES;EUR;Spanish;10 days;False
FFCC170708;2017-03-08;PROV40000500;2017-02-19;2017-03-11;17 days;Proveedor 16;ES;EUR;Spanish;10 days;False
FFCC170710;2017-03-01;PROV1061;2017-01-17;2017-03-04;43 days;Proveedor 182;IN;USD;Extracommunity;45 days;True
FFCC170712;2017-03-01;PROV40000735;2017-01-16;2017-03-04;44 days;Proveedor 19;ES;EUR;Spanish;10 days;False
FFCC170713;2017-03-14;PROV1061;2017-02-18;2017-03-17;24 days;Proveedor 182;IN;USD;Extracommunity;45 days;True
FFCC170717;2017-03-04;PROV40002330;2017-02-04;2017-03-07;28 days;Proveedor 37;ES;EUR;Spanish;10 days;False
FFCC170718;2017-03-09;PROV1027;2017-02-25;2017-03-12;12 days;Proveedor 178;ES;EUR;Spanish;10 days;False
FFCC170721;2017-03-11;PROV40000850;2017-03-01;2017-03-14;10 days;Proveedor 21;ES;EUR;Spanish;10 days;True
FFCC170722;2017-03-01;PROV40001000;2017-01-30;2017-03-04;30 days;Proveedor 24;FR;EUR;Intracommunity;20 days;False
FFCC170724;2017-03-08;PROV1441;2017-02-02;2017-03-11;34 days;Proveedor 349;ES;EUR;Spanish;10 days;False
FFCC170725;2017-03-01;PROV1585;2017-01-16;2017-03-04;44 days;Proveedor 479;CH;USD;Extracommunity;45 days;True
FFCC170728;2017-03-15;PROV1129;2017-02-16;2017-03-18;27 days;Proveedor 207;ES;EUR;Spanish;10 days;False
FFCC170729;2017-03-10;PROV40000520;2017-01-20;2017-03-13;49 days;Proveedor 17;ES;EUR;Spanish;10 days;False
FFCC170749;2017-03-01;PROV1475;2017-01-23;2017-03-04;37 days;Proveedor 376;CH;USD;Extracommunity;45 days;True
FFCC170758;2017-03-01;PROV40000010;2017-01-05;2017-03-04;55 days;Proveedor 12;ES;EUR;Spanish;10 days;False
FFCC170769;2017-03-20;PROV1443;2017-02-24;2017-03-23;24 days;Proveedor 351;ES;EUR;Spanish;10 days;False
FFCC170770;2017-03-18;PROV40000850;2017-02-06;2017-03-21;40 days;Proveedor 21;ES;EUR;Spanish;10 days;False
FFCC170778;2017-03-15;PROV1900;2017-02-15;2017-03-18;28 days;Proveedor 732;ES;EUR;Spanish;10 days;False
FFCC170779;2017-03-01;PROV1485;2017-02-20;2017-03-04;9 days;Proveedor 386;IE;EUR;Intracommunity;20 days;True
FFCC170781;2017-03-16;PROV1485;2017-02-16;2017-03-19;28 days;Proveedor 386;IE;EUR;Intracommunity;20 days;False
FFCC170782;2017-03-10;PROV1485;2017-01-14;2017-03-13;55 days;Proveedor 386;IE;EUR;Intracommunity;20 days;False
FFCC170785;2017-03-15;PROV1756;2017-01-27;2017-03-18;47 days;Proveedor 603;IN;USD;Extracommunity;45 days;False
FFCC170796;2017-03-01;PROV1134;2017-02-19;2017-03-04;10 days;Proveedor 209;ES;EUR;Spanish;10 days;True
FFCC170803;2017-03-17;PROV40000520;2017-02-25;2017-03-20;20 days;Proveedor 17;ES;EUR;Spanish;10 days;False
FFCC170804;2017-03-17;PROV1734;2017-01-19;2017-03-20;57 days;Proveedor 593;ES;EUR;Spanish;10 days;False
FFCC170806;2017-03-01;PROV1551;2017-01-10;2017-03-04;50 days;Proveedor 447;CH;USD;Extracommunity;45 days;False
FFCC170809;2017-03-01;PROV1397;2017-02-18;2017-03-04;11 days;Proveedor 321;PE;USD;Extracommunity;45 days;True
FFCC170812;2017-03-11;PROV40002330;2017-01-20;2017-03-14;50 days;Proveedor 37;ES;EUR;Spanish;10 days;False
FFCC170813;2017-03-10;PROV1649;2017-01-24;2017-03-13;45 days;Proveedor 538;ES;EUR;Spanish;10 days;False
FFCC170814;2017-03-27;PROV1649;2017-03-06;2017-03-30;21 days;Proveedor 538;ES;EUR;Spanish;10 days;False
FFCC170815;2017-03-22;PROV1649;2017-02-10;2017-03-25;40 days;Proveedor 538;ES;EUR;Spanish;10 days;False
FFCC170824;2017-03-16;PROV1397;2017-03-09;2017-03-19;7 days;Proveedor 321;PE;USD;Extracommunity;45 days;True
FFCC170826;2017-03-22;PROV1876;2017-02-22;2017-03-25;28 days;Proveedor 712;ES;EUR;Spanish;10 days;False
FFCC170827;2017-03-25;PROV40002720;2017-02-04;2017-03-28;49 days;Proveedor 38;ES;EUR;Spanish;10 days;False
FFCC170839;2017-03-24;PROV40000520;2017-02-14;2017-03-27;38 days;Proveedor 17;ES;EUR;Spanish;10 days;False
FFCC170845;2017-03-01;PROV1485;2017-02-19;2017-03-04;10 days;Proveedor 386;IE;EUR;Intracommunity;20 days;True
FFCC170859;2017-03-01;PROV41001142;2017-02-14;2017-03-04;15 days;Proveedor 123;ES;EUR;Spanish;10 days;False
FFCC170860;2017-03-24;PROV40000500;2017-03-01;2017-03-27;23 days;Proveedor 16;ES;EUR;Spanish;10 days;False
FFCC170863;2017-03-16;PROV1473;2017-02-22;2017-03-19;22 days;Proveedor 374;ES;EUR;Spanish;10 days;False
FFCC170884;2017-03-25;PROV40000187;2017-03-05;2017-03-28;20 days;Proveedor 13;ES;EUR;Spanish;10 days;False
FFCC170885;2017-03-28;PROV1061;2017-02-12;2017-03-31;44 days;Proveedor 182;IN;USD;Extracommunity;45 days;True
FFCC170886;2017-03-15;PROV40000187;2017-02-28;2017-03-18;15 days;Proveedor 13;ES;EUR;Spanish;10 days;False
FFCC170887;2017-03-27;PROV1558;2017-03-16;2017-03-30;11 days;Proveedor 453;ES;EUR;Spanish;10 days;False
FFCC170888;2017-03-01;PROV1398;2017-02-15;2017-03-04;14 days;Proveedor 322;CH;USD;Extracommunity;45 days;True
FFCC170897;2017-03-25;PROV40002330;2017-03-11;2017-03-28;14 days;Proveedor 37;ES;EUR;Spanish;10 days;False
FFCC170903;2017-03-27;PROV1757;2017-03-07;2017-03-30;20 days;Proveedor 604;ES;EUR;Spanish;10 days;False
FFCC170904;2017-03-03;PROV40002220;2017-01-31;2017-03-06;31 days;Proveedor 36;ES;EUR;Spanish;10 days;False
FFCC170905;2017-03-20;PROV1650;2017-02-24;2017-03-23;24 days;Proveedor 539;ES;EUR;Spanish;10 days;False
FFCC170908;2017-03-18;PROV40002330;2017-02-14;2017-03-21;32 days;Proveedor 37;ES;EUR;Spanish;10 days;False
FFCC170911;2017-03-23;PROV40001825;2017-03-01;2017-03-26;22 days;Proveedor 29;ES;EUR;Spanish;10 days;False
FFCC170917;2017-03-31;PROV41000980;2017-03-26;2017-04-03;5 days;Proveedor 110;ES;EUR;Spanish;10 days;True
FFCC170919;2017-03-15;PROV41001401;2017-02-13;2017-03-18;30 days;Proveedor 139;ES;EUR;Spanish;10 days;False
FFCC170924;2017-03-23;PROV41001401;2017-03-12;2017-03-26;11 days;Proveedor 139;ES;EUR;Spanish;10 days;False
FFCC170936;2017-03-28;PROV41001800;2017-03-21;2017-03-31;7 days;Proveedor 164;ES;EUR;Spanish;10 days;True
FFCC170937;2017-03-25;PROV41001800;2017-03-18;2017-03-28;7 days;Proveedor 164;ES;EUR;Spanish;10 days;True
FFCC170938;2017-03-31;PROV40000520;2017-02-15;2017-04-03;44 days;Proveedor 17;ES;EUR;Spanish;10 days;False
FFCC170939;2017-03-31;PROV40002065;2017-02-27;2017-04-03;32 days;Proveedor 30;ES;EUR;Spanish;10 days;False
FFCC170940;2017-03-22;PROV1975;2017-03-13;2017-03-25;9 days;Proveedor 803;ES;EUR;Spanish;10 days;True
FFCC170944;2017-03-01;PROV1970;2017-01-18;2017-03-04;42 days;Proveedor 798;ES;EUR;Spanish;10 days;False
FFCC170951;2017-03-31;PROV40000850;2017-02-14;2017-04-03;45 days;Proveedor 21;ES;EUR;Spanish;10 days;False
FFCC170957;2017-03-29;PROV1441;2017-02-17;2017-04-01;40 days;Proveedor 349;ES;EUR;Spanish;10 days;False
FFCC170958;2017-03-23;PROV1397;2017-02-05;2017-03-26;46 days;Proveedor 321;PE;USD;Extracommunity;45 days;False
FFCC170966;2017-03-01;PROV1875;2017-02-06;2017-03-04;23 days;Proveedor 711;CH;USD;Extracommunity;45 days;True
FFCC170973;2017-03-31;PROV1408;2017-03-13;2017-04-03;18 days;Proveedor 332;ES;EUR;Spanish;10 days;False
FFCC170996;2017-04-05;PROV1027;2017-02-21;2017-04-08;43 days;Proveedor 178;ES;EUR;Spanish;10 days;False
FFCC171000;2017-04-05;PROV1734;2017-02-17;2017-04-08;47 days;Proveedor 593;ES;EUR;Spanish;10 days;False
FFCC171001;2017-04-03;PROV1650;2017-03-22;2017-04-06;12 days;Proveedor 539;ES;EUR;Spanish;10 days;False
FFCC171002;2017-04-01;PROV1428;2017-03-12;2017-04-04;20 days;Proveedor 341;CH;USD;Extracommunity;45 days;True
FFCC171005;2017-04-01;PROV40001000;2017-03-12;2017-04-04;20 days;Proveedor 24;FR;EUR;Intracommunity;20 days;True
FFCC171006;2017-04-01;PROV40002330;2017-02-05;2017-04-04;55 days;Proveedor 37;ES;EUR;Spanish;10 days;False
FFCC171041;2017-04-15;PROV40000850;2017-03-09;2017-04-18;37 days;Proveedor 21;ES;EUR;Spanish;10 days;False
FFCC171049;2017-04-08;PROV40002330;2017-03-05;2017-04-11;34 days;Proveedor 37;ES;EUR;Spanish;10 days;False
FFCC171050;2017-04-06;PROV1014;2017-02-08;2017-04-09;57 days;Proveedor 171;ES;EUR;Spanish;10 days;False
FFCC171051;2017-04-07;PROV40000520;2017-03-12;2017-04-10;26 days;Proveedor 17;ES;EUR;Spanish;10 days;False
FFCC171052;2017-04-07;PROV1650;2017-03-31;2017-04-10;7 days;Proveedor 539;ES;EUR;Spanish;10 days;True
FFCC171059;2017-04-07;PROV40000500;2017-03-10;2017-04-10;28 days;Proveedor 16;ES;EUR;Spanish;10 days;False
FFCC171064;2017-04-12;PROV40000200;2017-03-26;2017-04-15;17 days;Proveedor 14;ES;EUR;Spanish;10 days;False
FFCC171066;2017-04-15;PROV1129;2017-04-10;2017-04-18;5 days;Proveedor 207;ES;EUR;Spanish;10 days;True
FFCC171067;2017-04-15;PROV40000520;2017-02-22;2017-04-18;52 days;Proveedor 17;ES;EUR;Spanish;10 days;False
FFCC171068;2017-04-21;PROV40000850;2017-03-17;2017-04-24;35 days;Proveedor 21;ES;EUR;Spanish;10 days;False
FFCC171069;2017-04-10;PROV1014;2017-03-08;2017-04-13;33 days;Proveedor 171;ES;EUR;Spanish;10 days;False
FFCC171070;2017-04-05;PROV1014;2017-03-02;2017-04-08;34 days;Proveedor 171;ES;EUR;Spanish;10 days;False
FFCC171071;2017-04-07;PROV1976;2017-03-14;2017-04-10;24 days;Proveedor 804;IN;USD;Extracommunity;45 days;True
FFCC171072;2017-04-19;PROV1003;2017-02-27;2017-04-22;51 days;Proveedor 165;CN;USD;Extracommunity;45 days;False
FFCC171073;2017-04-01;PROV1485;2017-03-03;2017-04-04;29 days;Proveedor 386;IE;EUR;Intracommunity;20 days;False
FFCC171075;2017-04-20;PROV1650;2017-03-15;2017-04-23;36 days;Proveedor 539;ES;EUR;Spanish;10 days;False
FFCC171076;2017-04-19;PROV1484;2017-04-01;2017-04-22;18 days;Proveedor 385;ES;EUR;Spanish;10 days;False
FFCC171092;2017-04-25;PROV40002720;2017-03-28;2017-04-28;28 days;Proveedor 38;ES;EUR;Spanish;10 days;False
FFCC171093;2017-04-01;PROV1733;2017-02-12;2017-04-04;48 days;Proveedor 592;CH;USD;Extracommunity;45 days;False
FFCC171096;2017-04-01;PROV1485;2017-02-20;2017-04-04;40 days;Proveedor 386;IE;EUR;Intracommunity;20 days;False
FFCC171098;2017-04-19;PROV1867;2017-03-26;2017-04-22;24 days;Proveedor 704;ES;EUR;Spanish;10 days;False
FFCC171105;2017-04-01;PROV41000895;2017-02-24;2017-04-04;36 days;Proveedor 105;ES;EUR;Spanish;10 days;False
FFCC171139;2017-04-01;PROV1485;2017-03-27;2017-04-04;5 days;Proveedor 386;IE;EUR;Intracommunity;20 days;True
FFCC171142;2017-04-05;PROV1465;2017-02-08;2017-04-08;56 days;Proveedor 368;ES;EUR;Spanish;10 days;False
FFCC171144;2017-04-18;PROV40001825;2017-03-10;2017-04-21;39 days;Proveedor 29;ES;EUR;Spanish;10 days;False
FFCC171145;2017-04-27;PROV1027;2017-04-15;2017-04-30;12 days;Proveedor 178;ES;EUR;Spanish;10 days;False
FFCC171150;2017-04-29;PROV40002065;2017-03-12;2017-05-02;48 days;Proveedor 30;ES;EUR;Spanish;10 days;False
FFCC171152;2017-04-15;PROV40000187;2017-03-11;2017-04-18;35 days;Proveedor 13;ES;EUR;Spanish;10 days;False
FFCC171166;2017-04-21;PROV1976;2017-03-25;2017-04-24;27 days;Proveedor 804;IN;USD;Extracommunity;45 days;True
FFCC171167;2017-04-10;PROV1485;2017-03-23;2017-04-13;18 days;Proveedor 386;IE;EUR;Intracommunity;20 days;True
FFCC171168;2017-04-24;PROV1485;2017-04-20;2017-04-27;4 days;Proveedor 386;IE;EUR;Intracommunity;20 days;True
FFCC171169;2017-04-04;PROV1756;2017-02-25;2017-04-07;38 days;Proveedor 603;IN;USD;Extracommunity;45 days;True
FFCC171172;2017-04-21;PROV40002330;2017-03-12;2017-04-24;40 days;Proveedor 37;ES;EUR;Spanish;10 days;False
FFCC171173;2017-04-28;PROV40000850;2017-03-12;2017-05-01;47 days;Proveedor 21;ES;EUR;Spanish;10 days;False
FFCC171174;2017-04-22;PROV1734;2017-03-23;2017-04-25;30 days;Proveedor 593;ES;EUR;Spanish;10 days;False
FFCC171181;2017-04-11;PROV40002220;2017-02-24;2017-04-14;46 days;Proveedor 36;ES;EUR;Spanish;10 days;False
FFCC171183;2017-04-21;PROV40000520;2017-03-08;2017-04-24;44 days;Proveedor 17;ES;EUR;Spanish;10 days;False
FFCC171187;2017-04-30;PROV40000520;2017-03-26;2017-05-03;35 days;Proveedor 17;ES;EUR;Spanish;10 days;False
FFCC171213;2017-04-25;PROV40000187;2017-03-17;2017-04-28;39 days;Proveedor 13;ES;EUR;Spanish;10 days;False
FFCC171214;2017-04-05;PROV1649;2017-03-19;2017-04-08;17 days;Proveedor 538;ES;EUR;Spanish;10 days;False
FFCC171215;2017-04-20;PROV1649;2017-03-04;2017-04-23;47 days;Proveedor 538;ES;EUR;Spanish;10 days;False
FFCC171216;2017-04-26;PROV1649;2017-04-05;2017-04-29;21 days;Proveedor 538;ES;EUR;Spanish;10 days;False
FFCC171217;2017-04-20;PROV1397;2017-03-17;2017-04-23;34 days;Proveedor 321;PE;USD;Extracommunity;45 days;True
FFCC171241;2017-04-21;PROV40000500;2017-03-05;2017-04-24;47 days;Proveedor 16;ES;EUR;Spanish;10 days;False
FFCC171249;2017-04-11;PROV1441;2017-02-26;2017-04-14;44 days;Proveedor 349;ES;EUR;Spanish;10 days;False
FFCC171250;2017-04-26;PROV1441;2017-03-10;2017-04-29;47 days;Proveedor 349;ES;EUR;Spanish;10 days;False
FFCC171251;2017-04-01;PROV1875;2017-02-18;2017-04-04;42 days;Proveedor 711;CH;USD;Extracommunity;45 days;True
FFCC171252;2017-04-30;PROV41000980;2017-03-15;2017-05-03;46 days;Proveedor 110;ES;EUR;Spanish;10 days;False
FFCC171253;2017-04-10;PROV1485;2017-03-05;2017-04-13;36 days;Proveedor 386;IE;EUR;Intracommunity;20 days;False
FFCC171274;2017-04-06;PROV41001142;2017-02-18;2017-04-09;47 days;Proveedor 123;ES;EUR;Spanish;10 days;False
FFCC171276;2017-04-01;PROV40001000;2017-03-30;2017-04-04;2 days;Proveedor 24;FR;EUR;Intracommunity;20 days;True
FFCC171277;2017-04-12;PROV41001401;2017-02-21;2017-04-15;50 days;Proveedor 139;ES;EUR;Spanish;10 days;False
FFCC171278;2017-04-30;PROV1984;2017-04-01;2017-05-03;29 days;Proveedor 811;MX;USD;Extracommunity;45 days;True
FFCC171279;2017-04-30;PROV1984;2017-04-20;2017-05-03;10 days;Proveedor 811;MX;USD;Extracommunity;45 days;True
FFCC171281;2017-04-19;PROV1867;2017-02-25;2017-04-22;53 days;Proveedor 704;ES;EUR;Spanish;10 days;False
FFCC171282;2017-04-28;PROV41001800;2017-04-02;2017-05-01;26 days;Proveedor 164;ES;EUR;Spanish;10 days;False
FFCC171283;2017-04-21;PROV41001800;2017-03-31;2017-04-24;21 days;Proveedor 164;ES;EUR;Spanish;10 days;False
FFCC171284;2017-04-20;PROV41001800;2017-03-09;2017-04-23;42 days;Proveedor 164;ES;EUR;Spanish;10 days;False
FFCC171289;2017-04-19;PROV1777;2017-04-01;2017-04-22;18 days;Proveedor 624;ES;EUR;Spanish;10 days;False
FFCC171291;2017-04-21;PROV1752;2017-03-25;2017-04-24;27 days;Proveedor 600;ES;EUR;Spanish;10 days;False
FFCC171292;2017-04-20;PROV1985;2017-03-05;2017-04-23;46 days;Proveedor 812;ES;EUR;Spanish;10 days;False
FFCC171294;2017-04-20;PROV1795;2017-04-01;2017-04-23;19 days;Proveedor 7;ES;EUR;Spanish;10 days;False
FFCC171296;2017-04-20;PROV1882;2017-03-28;2017-04-23;23 days;Proveedor 718;ES;EUR;Spanish;10 days;False
FFCC171297;2017-04-20;PROV1882;2017-03-05;2017-04-23;46 days;Proveedor 718;ES;EUR;Spanish;10 days;False
FFCC171298;2017-04-20;PROV1882;2017-03-16;2017-04-23;35 days;Proveedor 718;ES;EUR;Spanish;10 days;False
FFCC171299;2017-04-28;PROV1953;2017-03-29;2017-05-01;30 days;Proveedor 783;ES;EUR;Spanish;10 days;False
FFCC171302;2017-04-19;PROV41000895;2017-02-24;2017-04-22;54 days;Proveedor 105;ES;EUR;Spanish;10 days;False
FFCC171326;2017-05-15;PROV40002720;2017-03-31;2017-05-18;45 days;Proveedor 38;ES;EUR;Spanish;10 days;False
FFCC171327;2017-05-10;PROV1465;2017-04-19;2017-05-13;21 days;Proveedor 368;ES;EUR;Spanish;10 days;False
FFCC171328;2017-05-15;PROV40001470;2017-03-19;2017-05-18;57 days;Proveedor 26;ES;EUR;Spanish;10 days;False
FFCC171329;2017-05-01;PROV1014;2017-04-13;2017-05-04;18 days;Proveedor 171;ES;EUR;Spanish;10 days;False
FFCC171334;2017-05-01;PROV1585;2017-04-22;2017-05-04;9 days;Proveedor 479;CH;USD;Extracommunity;45 days;True
FFCC171338;2017-05-02;PROV1756;2017-04-16;2017-05-05;16 days;Proveedor 603;IN;USD;Extracommunity;45 days;True
FFCC171341;2017-05-02;PROV40001825;2017-04-04;2017-05-05;28 days;Proveedor 29;ES;EUR;Spanish;10 days;False
FFCC171342;2017-05-01;PROV1875;2017-03-19;2017-05-04;43 days;Proveedor 711;CH;USD;Extracommunity;45 days;True
FFCC171345;2017-05-01;PROV1428;2017-03-19;2017-05-04;43 days;Proveedor 341;CH;USD;Extracommunity;45 days;True
FFCC171348;2017-05-01;PROV1398;2017-04-29;2017-05-04;2 days;Proveedor 322;CH;USD;Extracommunity;45 days;True
FFCC171351;2017-05-01;PROV1475;2017-03-21;2017-05-04;41 days;Proveedor 376;CH;USD;Extracommunity;45 days;True
FFCC171354;2017-05-01;PROV40002330;2017-04-09;2017-05-04;22 days;Proveedor 37;ES;EUR;Spanish;10 days;False
FFCC171355;2017-05-05;PROV40000520;2017-04-20;2017-05-08;15 days;Proveedor 17;ES;EUR;Spanish;10 days;False
FFCC171356;2017-05-13;PROV40000850;2017-04-18;2017-05-16;25 days;Proveedor 21;ES;EUR;Spanish;10 days;False
FFCC171359;2017-05-01;PROV1485;2017-03-20;2017-05-04;42 days;Proveedor 386;IE;EUR;Intracommunity;20 days;False
FFCC171398;2017-05-16;PROV1876;2017-03-27;2017-05-19;50 days;Proveedor 712;ES;EUR;Spanish;10 days;False
FFCC171399;2017-05-15;PROV1900;2017-04-25;2017-05-18;20 days;Proveedor 732;ES;EUR;Spanish;10 days;False
FFCC171400;2017-05-16;PROV1734;2017-03-30;2017-05-19;47 days;Proveedor 593;ES;EUR;Spanish;10 days;False
FFCC171401;2017-05-11;PROV1649;2017-03-25;2017-05-14;47 days;Proveedor 538;ES;EUR;Spanish;10 days;False
FFCC171402;2017-05-05;PROV1014;2017-04-06;2017-05-08;29 days;Proveedor 171;ES;EUR;Spanish;10 days;False
FFCC171403;2017-05-16;PROV1509;2017-04-23;2017-05-19;23 days;Proveedor 408;CN;USD;Extracommunity;45 days;True
FFCC171404;2017-05-16;PROV1509;2017-04-19;2017-05-19;27 days;Proveedor 408;CN;USD;Extracommunity;45 days;True
FFCC171414;2017-05-01;PROV1397;2017-04-22;2017-05-04;9 days;Proveedor 321;PE;USD;Extracommunity;45 days;True
FFCC171421;2017-05-19;PROV1976;2017-05-04;2017-05-22;15 days;Proveedor 804;IN;USD;Extracommunity;45 days;True
FFCC171422;2017-05-16;PROV1003;2017-03-31;2017-05-19;46 days;Proveedor 165;CN;USD;Extracommunity;45 days;False
FFCC171423;2017-05-01;PROV1875;2017-04-03;2017-05-04;28 days;Proveedor 711;CH;USD;Extracommunity;45 days;True
FFCC171434;2017-05-03;PROV1441;2017-03-30;2017-05-06;34 days;Proveedor 349;ES;EUR;Spanish;10 days;False
FFCC171435;2017-05-02;PROV1014;2017-03-29;2017-05-05;34 days;Proveedor 171;ES;EUR;Spanish;10 days;False
FFCC171436;2017-05-09;PROV1976;2017-04-06;2017-05-12;33 days;Proveedor 804;IN;USD;Extracommunity;45 days;True
FFCC171437;2017-05-17;PROV1014;2017-04-06;2017-05-20;41 days;Proveedor 171;ES;EUR;Spanish;10 days;False
FFCC171438;2017-05-12;PROV1484;2017-03-31;2017-05-15;42 days;Proveedor 385;ES;EUR;Spanish;10 days;False
FFCC171448;2017-05-19;PROV40000520;2017-04-06;2017-05-22;43 days;Proveedor 17;ES;EUR;Spanish;10 days;False
FFCC171449;2017-05-03;PROV40002220;2017-04-21;2017-05-06;12 days;Proveedor 36;ES;EUR;Spanish;10 days;False
FFCC171451;2017-05-12;PROV1485;2017-04-19;2017-05-15;23 days;Proveedor 386;IE;EUR;Intracommunity;20 days;False
FFCC171452;2017-05-01;PROV1485;2017-03-27;2017-05-04;35 days;Proveedor 386;IE;EUR;Intracommunity;20 days;False
FFCC171468;2017-05-08;PROV41000896;2017-03-30;2017-05-11;39 days;Proveedor 106;ES;EUR;Spanish;10 days;False
FFCC171471;2017-05-05;PROV1758;2017-03-25;2017-05-08;41 days;Proveedor 605;ES;EUR;Spanish;10 days;False
FFCC171475;2017-05-01;PROV1734;2017-04-23;2017-05-04;8 days;Proveedor 593;ES;EUR;Spanish;10 days;True
FFCC171476;2017-05-04;PROV1976;2017-04-29;2017-05-07;5 days;Proveedor 804;IN;USD;Extracommunity;45 days;True
FFCC171477;2017-05-09;PROV40001000;2017-04-24;2017-05-12;15 days;Proveedor 24;FR;EUR;Intracommunity;20 days;True
FFCC171478;2017-05-08;PROV40001000;2017-03-15;2017-05-11;54 days;Proveedor 24;FR;EUR;Intracommunity;20 days;False
FFCC171479;2017-05-15;PROV40001000;2017-04-27;2017-05-18;18 days;Proveedor 24;FR;EUR;Intracommunity;20 days;True
FFCC171480;2017-05-12;PROV40000520;2017-03-24;2017-05-15;49 days;Proveedor 17;ES;EUR;Spanish;10 days;False
FFCC171499;2017-05-17;PROV1027;2017-04-25;2017-05-20;22 days;Proveedor 178;ES;EUR;Spanish;10 days;False
FFCC171500;2017-05-30;PROV40002720;2017-04-06;2017-06-02;54 days;Proveedor 38;ES;EUR;Spanish;10 days;False
FFCC171501;2017-05-31;PROV40001470;2017-04-29;2017-06-03;32 days;Proveedor 26;ES;EUR;Spanish;10 days;False
FFCC171502;2017-05-01;PROV1485;2017-04-24;2017-05-04;7 days;Proveedor 386;IE;EUR;Intracommunity;20 days;True
FFCC171504;2017-05-24;PROV1485;2017-05-21;2017-05-27;3 days;Proveedor 386;IE;EUR;Intracommunity;20 days;True
FFCC171507;2017-05-25;PROV40000520;2017-04-18;2017-05-28;37 days;Proveedor 17;ES;EUR;Spanish;10 days;False
FFCC171508;2017-05-30;PROV1900;2017-05-11;2017-06-02;19 days;Proveedor 732;ES;EUR;Spanish;10 days;False
FFCC171509;2017-05-22;PROV1650;2017-05-13;2017-05-25;9 days;Proveedor 539;ES;EUR;Spanish;10 days;True
FFCC171510;2017-05-20;PROV40002330;2017-04-11;2017-05-23;39 days;Proveedor 37;ES;EUR;Spanish;10 days;False
FFCC171514;2017-05-31;PROV40002065;2017-05-10;2017-06-03;21 days;Proveedor 30;ES;EUR;Spanish;10 days;False
FFCC171517;2017-05-08;PROV1876;2017-03-27;2017-05-11;42 days;Proveedor 712;ES;EUR;Spanish;10 days;False
FFCC171518;2017-05-23;PROV1509;2017-04-23;2017-05-26;30 days;Proveedor 408;CN;USD;Extracommunity;45 days;True
FFCC171523;2017-05-10;PROV40000187;2017-04-13;2017-05-13;27 days;Proveedor 13;ES;EUR;Spanish;10 days;False
FFCC171525;2017-05-11;PROV1397;2017-05-01;2017-05-14;10 days;Proveedor 321;PE;USD;Extracommunity;45 days;True
FFCC171529;2017-05-01;PROV1398;2017-03-12;2017-05-04;50 days;Proveedor 322;CH;USD;Extracommunity;45 days;False
FFCC171533;2017-05-13;PROV40002330;2017-04-05;2017-05-16;38 days;Proveedor 37;ES;EUR;Spanish;10 days;False
FFCC171534;2017-05-26;PROV40000850;2017-04-05;2017-05-29;51 days;Proveedor 21;ES;EUR;Spanish;10 days;False
FFCC171535;2017-05-10;PROV1640;2017-04-03;2017-05-13;37 days;Proveedor 529;ES;EUR;Spanish;10 days;False
FFCC171538;2017-05-19;PROV40000500;2017-04-14;2017-05-22;35 days;Proveedor 16;ES;EUR;Spanish;10 days;False
FFCC171539;2017-05-26;PROV40000500;2017-04-14;2017-05-29;42 days;Proveedor 16;ES;EUR;Spanish;10 days;False
FFCC171540;2017-05-31;PROV40000500;2017-04-08;2017-06-03;53 days;Proveedor 16;ES;EUR;Spanish;10 days;False
FFCC171592;2017-05-25;PROV1649;2017-04-30;2017-05-28;25 days;Proveedor 538;ES;EUR;Spanish;10 days;False
FFCC171594;2017-05-15;PROV1465;2017-04-14;2017-05-18;31 days;Proveedor 368;ES;EUR;Spanish;10 days;False
FFCC171596;2017-05-29;PROV40001825;2017-05-11;2017-06-01;18 days;Proveedor 29;ES;EUR;Spanish;10 days;False
FFCC171597;2017-05-29;PROV40001825;2017-05-17;2017-06-01;12 days;Proveedor 29;ES;EUR;Spanish;10 days;False
FFCC171598;2017-05-23;PROV40001825;2017-05-12;2017-05-26;11 days;Proveedor 29;ES;EUR;Spanish;10 days;False
FFCC171599;2017-05-31;PROV41000980;2017-04-24;2017-06-03;37 days;Proveedor 110;ES;EUR;Spanish;10 days;False
FFCC171605;2017-05-31;PROV1129;2017-04-19;2017-06-03;42 days;Proveedor 207;ES;EUR;Spanish;10 days;False
FFCC171612;2017-05-25;PROV1681;2017-04-17;2017-05-28;38 days;Proveedor 569;ES;EUR;Spanish;10 days;False
FFCC171617;2017-05-27;PROV40002330;2017-04-11;2017-05-30;46 days;Proveedor 37;ES;EUR;Spanish;10 days;False
FFCC171618;2017-05-31;PROV40000850;2017-05-16;2017-06-03;15 days;Proveedor 21;ES;EUR;Spanish;10 days;False
FFCC171620;2017-05-02;PROV40001825;2017-04-17;2017-05-05;15 days;Proveedor 29;ES;EUR;Spanish;10 days;False
FFCC171621;2017-05-31;PROV40000520;2017-05-08;2017-06-03;23 days;Proveedor 17;ES;EUR;Spanish;10 days;False
FFCC171623;2017-05-08;PROV1397;2017-04-05;2017-05-11;33 days;Proveedor 321;PE;USD;Extracommunity;45 days;True
FFCC171625;2017-05-31;PROV1470;2017-04-16;2017-06-03;45 days;Proveedor 372;ES;EUR;Spanish;10 days;False
FFCC171636;2017-05-05;PROV41001800;2017-04-06;2017-05-08;29 days;Proveedor 164;ES;EUR;Spanish;10 days;False
FFCC171637;2017-05-18;PROV41001800;2017-04-30;2017-05-21;18 days;Proveedor 164;ES;EUR;Spanish;10 days;False
FFCC171638;2017-05-31;PROV41001800;2017-04-28;2017-06-03;33 days;Proveedor 164;ES;EUR;Spanish;10 days;False
FFCC171649;2017-05-10;PROV1441;2017-04-04;2017-05-13;36 days;Proveedor 349;ES;EUR;Spanish;10 days;False
FFCC171650;2017-05-17;PROV1441;2017-04-21;2017-05-20;26 days;Proveedor 349;ES;EUR;Spanish;10 days;False
FFCC171651;2017-05-24;PROV1441;2017-05-16;2017-05-27;8 days;Proveedor 349;ES;EUR;Spanish;10 days;True
FFCC171652;2017-05-16;PROV1485;2017-04-25;2017-05-19;21 days;Proveedor 386;IE;EUR;Intracommunity;20 days;False
FFCC171659;2017-05-17;PROV1441;2017-04-22;2017-05-20;25 days;Proveedor 349;ES;EUR;Spanish;10 days;False
FFCC171679;2017-06-01;PROV1170;2017-04-21;2017-06-04;41 days;Proveedor 221;ES;EUR;Spanish;10 days;False
FFCC171680;2017-06-09;PROV1734;2017-04-20;2017-06-12;50 days;Proveedor 593;ES;EUR;Spanish;10 days;False
FFCC171687;2017-06-01;PROV1475;2017-04-09;2017-06-04;53 days;Proveedor 376;CH;USD;Extracommunity;45 days;False
FFCC171690;2017-06-01;PROV1475;2017-04-27;2017-06-04;35 days;Proveedor 376;CH;USD;Extracommunity;45 days;True
FFCC171693;2017-06-01;PROV1940;2017-05-03;2017-06-04;29 days;Proveedor 770;CH;USD;Extracommunity;45 days;True
FFCC171702;2017-06-09;PROV40000520;2017-05-24;2017-06-12;16 days;Proveedor 17;ES;EUR;Spanish;10 days;False
FFCC171704;2017-06-01;PROV1585;2017-05-01;2017-06-04;31 days;Proveedor 479;CH;USD;Extracommunity;45 days;True
FFCC171707;2017-06-01;PROV1834;2017-04-27;2017-06-04;35 days;Proveedor 677;CH;USD;Extracommunity;45 days;True
FFCC171710;2017-06-01;PROV1936;2017-05-03;2017-06-04;29 days;Proveedor 766;CH;USD;Extracommunity;45 days;True
FFCC171713;2017-06-01;PROV1964;2017-05-15;2017-06-04;17 days;Proveedor 792;CH;USD;Extracommunity;45 days;True
FFCC171716;2017-06-01;PROV1485;2017-05-16;2017-06-04;16 days;Proveedor 386;IE;EUR;Intracommunity;20 days;True
FFCC171718;2017-06-01;PROV1475;2017-04-19;2017-06-04;43 days;Proveedor 376;CH;USD;Extracommunity;45 days;True
FFCC171721;2017-06-01;PROV1558;2017-05-25;2017-06-04;7 days;Proveedor 453;ES;EUR;Spanish;10 days;True
FFCC171722;2017-06-01;PROV40001000;2017-05-01;2017-06-04;31 days;Proveedor 24;FR;EUR;Intracommunity;20 days;False
FFCC171723;2017-06-09;PROV40000500;2017-05-18;2017-06-12;22 days;Proveedor 16;ES;EUR;Spanish;10 days;False
FFCC171724;2017-06-14;PROV1003;2017-06-03;2017-06-17;11 days;Proveedor 165;CN;USD;Extracommunity;45 days;True
FFCC171735;2017-06-01;PROV40002220;2017-04-24;2017-06-04;38 days;Proveedor 36;ES;EUR;Spanish;10 days;False
FFCC171738;2017-06-01;PROV40001825;2017-05-27;2017-06-04;5 days;Proveedor 29;ES;EUR;Spanish;10 days;True
FFCC171744;2017-06-01;PROV1485;2017-04-14;2017-06-04;48 days;Proveedor 386;IE;EUR;Intracommunity;20 days;False
FFCC171745;2017-06-12;PROV1485;2017-06-04;2017-06-15;8 days;Proveedor 386;IE;EUR;Intracommunity;20 days;True
FFCC171746;2017-06-01;PROV1968;2017-04-11;2017-06-04;51 days;Proveedor 796;CH;USD;Extracommunity;45 days;False
FFCC171749;2017-06-09;PROV1976;2017-06-02;2017-06-12;7 days;Proveedor 804;IN;USD;Extracommunity;45 days;True
FFCC171750;2017-06-01;PROV1756;2017-05-05;2017-06-04;27 days;Proveedor 603;IN;USD;Extracommunity;45 days;True
FFCC171782;2017-06-09;PROV40001000;2017-04-30;2017-06-12;40 days;Proveedor 24;FR;EUR;Intracommunity;20 days;False
FFCC171783;2017-06-10;PROV40002330;2017-06-08;2017-06-13;2 days;Proveedor 37;ES;EUR;Spanish;10 days;True
FFCC171784;2017-06-17;PROV40000850;2017-05-29;2017-06-20;19 days;Proveedor 21;ES;EUR;Spanish;10 days;False
FFCC171785;2017-06-09;PROV1649;2017-04-29;2017-06-12;41 days;Proveedor 538;ES;EUR;Spanish;10 days;False
FFCC171786;2017-06-12;PROV1649;2017-05-26;2017-06-15;17 days;Proveedor 538;ES;EUR;Spanish;10 days;False
FFCC171787;2017-06-21;PROV1976;2017-05-13;2017-06-24;39 days;Proveedor 804;IN;USD;Extracommunity;45 days;True
FFCC171789;2017-06-08;PROV40001825;2017-04-24;2017-06-11;45 days;Proveedor 29;ES;EUR;Spanish;10 days;False
FFCC171790;2017-06-16;PROV40000520;2017-06-01;2017-06-19;15 days;Proveedor 17;ES;EUR;Spanish;10 days;False
FFCC171812;2017-06-25;PROV40002720;2017-06-06;2017-06-28;19 days;Proveedor 38;ES;EUR;Spanish;10 days;False
FFCC171813;2017-06-01;PROV1597;2017-05-22;2017-06-04;10 days;Proveedor 491;CH;USD;Extracommunity;45 days;True
FFCC171817;2017-06-06;PROV1014;2017-05-19;2017-06-09;18 days;Proveedor 171;ES;EUR;Spanish;10 days;False
FFCC171821;2017-06-16;PROV1976;2017-05-27;2017-06-19;20 days;Proveedor 804;IN;USD;Extracommunity;45 days;True
FFCC171822;2017-06-13;PROV1428;2017-05-22;2017-06-16;22 days;Proveedor 341;CH;USD;Extracommunity;45 days;True
FFCC171825;2017-06-01;PROV1875;2017-04-24;2017-06-04;38 days;Proveedor 711;CH;USD;Extracommunity;45 days;True
FFCC171828;2017-06-01;PROV1485;2017-05-02;2017-06-04;30 days;Proveedor 386;IE;EUR;Intracommunity;20 days;False
FFCC171830;2017-06-19;PROV1650;2017-05-28;2017-06-22;22 days;Proveedor 539;ES;EUR;Spanish;10 days;False
FFCC171831;2017-06-12;PROV1485;2017-05-30;2017-06-15;13 days;Proveedor 386;IE;EUR;Intracommunity;20 days;True
FFCC171834;2017-06-14;PROV40001000;2017-05-14;2017-06-17;31 days;Proveedor 24;FR;EUR;Intracommunity;20 days;False
FFCC171842;2017-06-01;PROV1398;2017-05-10;2017-06-04;22 days;Proveedor 322;CH;USD;Extracommunity;45 days;True
FFCC171845;2017-06-15;PROV1484;2017-05-16;2017-06-18;30 days;Proveedor 385;ES;EUR;Spanish;10 days;False
FFCC171846;2017-06-26;PROV1027;2017-05-17;2017-06-29;40 days;Proveedor 178;ES;EUR;Spanish;10 days;False
FFCC171874;2017-06-25;PROV40000187;2017-04-28;2017-06-28;58 days;Proveedor 13;ES;EUR;Spanish;10 days;False
FFCC171875;2017-06-15;PROV40000187;2017-05-20;2017-06-18;26 days;Proveedor 13;ES;EUR;Spanish;10 days;False
FFCC171881;2017-06-30;PROV41000980;2017-05-04;2017-07-03;57 days;Proveedor 110;ES;EUR;Spanish;10 days;False
FFCC171882;2017-06-13;PROV40001825;2017-05-20;2017-06-16;24 days;Proveedor 29;ES;EUR;Spanish;10 days;False
FFCC171883;2017-06-23;PROV40000520;2017-05-14;2017-06-26;40 days;Proveedor 17;ES;EUR;Spanish;10 days;False
FFCC171884;2017-06-30;PROV40002720;2017-05-30;2017-07-03;31 days;Proveedor 38;ES;EUR;Spanish;10 days;False
FFCC171893;2017-06-01;PROV40000187;2017-05-10;2017-06-04;22 days;Proveedor 13;ES;EUR;Spanish;10 days;False
FFCC171894;2017-06-05;PROV40000187;2017-05-01;2017-06-08;35 days;Proveedor 13;ES;EUR;Spanish;10 days;False
FFCC171896;2017-06-01;PROV40001000;2017-04-18;2017-06-04;44 days;Proveedor 24;FR;EUR;Intracommunity;20 days;False
FFCC171897;2017-06-12;PROV40001000;2017-05-24;2017-06-15;19 days;Proveedor 24;FR;EUR;Intracommunity;20 days;True
FFCC171898;2017-06-30;PROV40002065;2017-06-13;2017-07-03;17 days;Proveedor 30;ES;EUR;Spanish;10 days;False
FFCC171899;2017-06-17;PROV40002330;2017-05-12;2017-06-20;36 days;Proveedor 37;ES;EUR;Spanish;10 days;False
FFCC171902;2017-06-01;PROV1475;2017-05-21;2017-06-04;11 days;Proveedor 376;CH;USD;Extracommunity;45 days;True
FFCC171909;2017-06-08;PROV1397;2017-04-19;2017-06-11;50 days;Proveedor 321;PE;USD;Extracommunity;45 days;False
FFCC171911;2017-06-24;PROV40002330;2017-04-27;2017-06-27;58 days;Proveedor 37;ES;EUR;Spanish;10 days;False
FFCC171944;2017-06-30;PROV40000500;2017-05-30;2017-07-03;31 days;Proveedor 16;ES;EUR;Spanish;10 days;False
FFCC171945;2017-06-26;PROV1649;2017-05-31;2017-06-29;26 days;Proveedor 538;ES;EUR;Spanish;10 days;False
FFCC171946;2017-06-30;PROV40000850;2017-06-22;2017-07-03;8 days;Proveedor 21;ES;EUR;Spanish;10 days;True
FFCC171948;2017-06-30;PROV40000500;2017-06-11;2017-07-03;19 days;Proveedor 16;ES;EUR;Spanish;10 days;False
FFCC171992;2017-06-07;PROV1441;2017-05-02;2017-06-10;36 days;Proveedor 349;ES;EUR;Spanish;10 days;False
FFCC172035;2017-07-01;PROV1397;2017-05-15;2017-07-04;47 days;Proveedor 321;PE;USD;Extracommunity;45 days;False
FFCC172036;2017-07-10;PROV40000187;2017-06-22;2017-07-13;18 days;Proveedor 13;ES;EUR;Spanish;10 days;False
FFCC172037;2017-07-03;PROV1756;2017-06-03;2017-07-06;30 days;Proveedor 603;IN;USD;Extracommunity;45 days;True
FFCC172038;2017-07-15;PROV40001470;2017-06-22;2017-07-18;23 days;Proveedor 26;ES;EUR;Spanish;10 days;False
FFCC172039;2017-07-01;PROV1585;2017-05-18;2017-07-04;44 days;Proveedor 479;CH;USD;Extracommunity;45 days;True
FFCC172042;2017-07-01;PROV1936;2017-05-05;2017-07-04;57 days;Proveedor 766;CH;USD;Extracommunity;45 days;False
FFCC172045;2017-07-11;PROV1003;2017-07-02;2017-07-14;9 days;Proveedor 165;CN;USD;Extracommunity;45 days;True
FFCC172046;2017-07-04;PROV1003;2017-05-14;2017-07-07;51 days;Proveedor 165;CN;USD;Extracommunity;45 days;False
FFCC172047;2017-07-17;PROV1485;2017-06-24;2017-07-20;23 days;Proveedor 386;IE;EUR;Intracommunity;20 days;False
FFCC172048;2017-07-05;PROV1649;2017-06-06;2017-07-08;29 days;Proveedor 538;ES;EUR;Spanish;10 days;False
FFCC172049;2017-07-01;PROV1976;2017-05-23;2017-07-04;39 days;Proveedor 804;IN;USD;Extracommunity;45 days;True
FFCC172050;2017-07-11;PROV1976;2017-06-25;2017-07-14;16 days;Proveedor 804;IN;USD;Extracommunity;45 days;True
FFCC172051;2017-07-06;PROV40001000;2017-05-12;2017-07-09;55 days;Proveedor 24;FR;EUR;Intracommunity;20 days;False
FFCC172052;2017-07-01;PROV1441;2017-06-10;2017-07-04;21 days;Proveedor 349;ES;EUR;Spanish;10 days;False
FFCC172053;2017-07-03;PROV40001000;2017-05-18;2017-07-06;46 days;Proveedor 24;FR;EUR;Intracommunity;20 days;False
FFCC172054;2017-07-04;PROV40001825;2017-06-19;2017-07-07;15 days;Proveedor 29;ES;EUR;Spanish;10 days;False
FFCC172055;2017-07-07;PROV40000520;2017-05-26;2017-07-10;42 days;Proveedor 17;ES;EUR;Spanish;10 days;False
FFCC172056;2017-07-15;PROV1900;2017-05-29;2017-07-18;47 days;Proveedor 732;ES;EUR;Spanish;10 days;False
FFCC172057;2017-07-01;PROV40002220;2017-06-18;2017-07-04;13 days;Proveedor 36;ES;EUR;Spanish;10 days;False
FFCC172058;2017-07-01;PROV1485;2017-06-18;2017-07-04;13 days;Proveedor 386;IE;EUR;Intracommunity;20 days;True
FFCC172066;2017-07-08;PROV1734;2017-06-22;2017-07-11;16 days;Proveedor 593;ES;EUR;Spanish;10 days;False
FFCC172067;2017-07-10;PROV1014;2017-07-02;2017-07-13;8 days;Proveedor 171;ES;EUR;Spanish;10 days;True
FFCC172072;2017-07-15;PROV1129;2017-06-25;2017-07-18;20 days;Proveedor 207;ES;EUR;Spanish;10 days;False
FFCC172076;2017-07-15;PROV1323;2017-05-25;2017-07-18;51 days;Proveedor 281;ES;EUR;Spanish;10 days;False
FFCC172077;2017-07-08;PROV40000850;2017-06-14;2017-07-11;24 days;Proveedor 21;ES;EUR;Spanish;10 days;False
FFCC172093;2017-07-12;PROV1441;2017-06-18;2017-07-15;24 days;Proveedor 349;ES;EUR;Spanish;10 days;False
FFCC172100;2017-07-20;PROV40002720;2017-07-09;2017-07-23;11 days;Proveedor 38;ES;EUR;Spanish;10 days;False
FFCC172107;2017-07-22;PROV40000850;2017-07-08;2017-07-25;14 days;Proveedor 21;ES;EUR;Spanish;10 days;False
FFCC172109;2017-07-01;PROV1834;2017-06-06;2017-07-04;25 days;Proveedor 677;CH;USD;Extracommunity;45 days;True
FFCC172112;2017-07-01;PROV1475;2017-06-15;2017-07-04;16 days;Proveedor 376;CH;USD;Extracommunity;45 days;True
FFCC172115;2017-07-01;PROV1475;2017-06-07;2017-07-04;24 days;Proveedor 376;CH;USD;Extracommunity;45 days;True
FFCC172118;2017-07-12;PROV1014;2017-05-19;2017-07-15;54 days;Proveedor 171;ES;EUR;Spanish;10 days;False
FFCC172119;2017-07-12;PROV1014;2017-06-18;2017-07-15;24 days;Proveedor 171;ES;EUR;Spanish;10 days;False
FFCC172128;2017-07-18;PROV1976;2017-06-20;2017-07-21;28 days;Proveedor 804;IN;USD;Extracommunity;45 days;True
FFCC172129;2017-07-21;PROV1441;2017-06-09;2017-07-24;42 days;Proveedor 349;ES;EUR;Spanish;10 days;False
FFCC172131;2017-07-15;PROV40002330;2017-06-17;2017-07-18;28 days;Proveedor 37;ES;EUR;Spanish;10 days;False
FFCC172159;2017-07-31;PROV1129;2017-06-10;2017-08-03;51 days;Proveedor 207;ES;EUR;Spanish;10 days;False
FFCC172164;2017-07-31;PROV1558;2017-07-11;2017-08-03;20 days;Proveedor 453;ES;EUR;Spanish;10 days;False
FFCC172166;2017-07-06;PROV1397;2017-05-28;2017-07-09;39 days;Proveedor 321;PE;USD;Extracommunity;45 days;True
FFCC172171;2017-07-01;PROV1485;2017-06-12;2017-07-04;19 days;Proveedor 386;IE;EUR;Intracommunity;20 days;True
FFCC172180;2017-07-10;PROV1465;2017-06-17;2017-07-13;23 days;Proveedor 368;ES;EUR;Spanish;10 days;False
FFCC172197;2017-07-27;PROV1003;2017-06-29;2017-07-30;28 days;Proveedor 165;CN;USD;Extracommunity;45 days;True
FFCC172203;2017-07-15;PROV1649;2017-06-28;2017-07-18;17 days;Proveedor 538;ES;EUR;Spanish;10 days;False
FFCC172204;2017-07-20;PROV1649;2017-05-31;2017-07-23;50 days;Proveedor 538;ES;EUR;Spanish;10 days;False
FFCC172229;2017-07-31;PROV40002065;2017-06-22;2017-08-03;39 days;Proveedor 30;ES;EUR;Spanish;10 days;False
FFCC172232;2017-07-25;PROV40000187;2017-07-07;2017-07-28;18 days;Proveedor 13;ES;EUR;Spanish;10 days;False
FFCC172233;2017-07-31;PROV40000187;2017-06-12;2017-08-03;49 days;Proveedor 13;ES;EUR;Spanish;10 days;False
FFCC172240;2017-07-28;PROV40000500;2017-06-13;2017-07-31;45 days;Proveedor 16;ES;EUR;Spanish;10 days;False
FFCC172241;2017-07-26;PROV1014;2017-07-12;2017-07-29;14 days;Proveedor 171;ES;EUR;Spanish;10 days;False
FFCC172254;2017-07-29;PROV40002330;2017-06-24;2017-08-01;35 days;Proveedor 37;ES;EUR;Spanish;10 days;False
FFCC172258;2017-07-31;PROV40000520;2017-07-17;2017-08-03;14 days;Proveedor 17;ES;EUR;Spanish;10 days;False
FFCC172263;2017-07-01;PROV40000520;2017-05-19;2017-07-04;43 days;Proveedor 17;ES;EUR;Spanish;10 days;False
FFCC172267;2017-07-25;PROV1976;2017-06-26;2017-07-28;29 days;Proveedor 804;IN;USD;Extracommunity;45 days;True
FFCC172269;2017-07-14;PROV1397;2017-07-03;2017-07-17;11 days;Proveedor 321;PE;USD;Extracommunity;45 days;True
FFCC172270;2017-07-17;PROV1397;2017-06-02;2017-07-20;45 days;Proveedor 321;PE;USD;Extracommunity;45 days;True
FFCC172284;2017-07-17;PROV1650;2017-07-12;2017-07-20;5 days;Proveedor 539;ES;EUR;Spanish;10 days;True
FFCC172285;2017-07-31;PROV41000980;2017-07-02;2017-08-03;29 days;Proveedor 110;ES;EUR;Spanish;10 days;False
FFCC172288;2017-07-14;PROV40000500;2017-05-30;2017-07-17;45 days;Proveedor 16;ES;EUR;Spanish;10 days;False
FFCC172289;2017-07-01;PROV1551;2017-05-20;2017-07-04;42 days;Proveedor 447;CH;USD;Extracommunity;45 days;True
FFCC172302;2017-08-07;PROV40001000;2017-07-08;2017-08-10;30 days;Proveedor 24;FR;EUR;Intracommunity;20 days;False
FFCC172303;2017-08-01;PROV40001000;2017-07-10;2017-08-04;22 days;Proveedor 24;FR;EUR;Intracommunity;20 days;False
FFCC172304;2017-08-04;PROV40000850;2017-07-13;2017-08-07;22 days;Proveedor 21;ES;EUR;Spanish;10 days;False
FFCC172337;2017-07-26;PROV1441;2017-06-30;2017-07-29;26 days;Proveedor 349;ES;EUR;Spanish;10 days;False
FFCC172338;2017-08-01;PROV40000500;2017-07-03;2017-08-04;29 days;Proveedor 16;ES;EUR;Spanish;10 days;False
FFCC172344;2017-08-01;PROV40000200;2017-06-08;2017-08-04;54 days;Proveedor 14;ES;EUR;Spanish;10 days;False
FFCC172356;2017-08-01;PROV1485;2017-07-21;2017-08-04;11 days;Proveedor 386;IE;EUR;Intracommunity;20 days;True
FFCC172358;2017-08-01;PROV1428;2017-07-31;2017-08-04;1 days;Proveedor 341;CH;USD;Extracommunity;45 days;True
FFCC172361;2017-08-01;PROV1936;2017-06-17;2017-08-04;45 days;Proveedor 766;CH;USD;Extracommunity;45 days;True
FFCC172366;2017-08-01;PROV1756;2017-07-07;2017-08-04;25 days;Proveedor 603;IN;USD;Extracommunity;45 days;True
FFCC172379;2017-08-15;PROV1323;2017-07-28;2017-08-18;18 days;Proveedor 281;ES;EUR;Spanish;10 days;False
FFCC172405;2017-08-10;PROV40001825;2017-07-18;2017-08-13;23 days;Proveedor 29;ES;EUR;Spanish;10 days;False
FFCC172406;2017-08-10;PROV40001825;2017-07-12;2017-08-13;29 days;Proveedor 29;ES;EUR;Spanish;10 days;False
FFCC172407;2017-08-10;PROV40000500;2017-07-23;2017-08-13;18 days;Proveedor 16;ES;EUR;Spanish;10 days;False
FFCC172414;2017-08-01;PROV1398;2017-07-17;2017-08-04;15 days;Proveedor 322;CH;USD;Extracommunity;45 days;True
FFCC172417;2017-08-01;PROV1585;2017-06-20;2017-08-04;42 days;Proveedor 479;CH;USD;Extracommunity;45 days;True
FFCC172436;2017-08-01;PROV1940;2017-06-13;2017-08-04;49 days;Proveedor 770;CH;USD;Extracommunity;45 days;False
FFCC172439;2017-08-01;PROV1585;2017-06-20;2017-08-04;42 days;Proveedor 479;CH;USD;Extracommunity;45 days;True
FFCC172440;2017-08-01;PROV1475;2017-07-11;2017-08-04;21 days;Proveedor 376;CH;USD;Extracommunity;45 days;True
FFCC172443;2017-08-01;PROV1397;2017-07-21;2017-08-04;11 days;Proveedor 321;PE;USD;Extracommunity;45 days;True
FFCC172445;2017-08-11;PROV1734;2017-07-09;2017-08-14;33 days;Proveedor 593;ES;EUR;Spanish;10 days;False
FFCC172446;2017-08-04;PROV1014;2017-07-18;2017-08-07;17 days;Proveedor 171;ES;EUR;Spanish;10 days;False
FFCC172447;2017-08-09;PROV1014;2017-07-20;2017-08-12;20 days;Proveedor 171;ES;EUR;Spanish;10 days;False
FFCC172453;2017-08-01;PROV1875;2017-07-09;2017-08-04;23 days;Proveedor 711;CH;USD;Extracommunity;45 days;True
FFCC172461;2017-08-01;PROV1485;2017-07-08;2017-08-04;24 days;Proveedor 386;IE;EUR;Intracommunity;20 days;False
FFCC172524;2017-08-01;PROV1597;2017-06-25;2017-08-04;37 days;Proveedor 491;CH;USD;Extracommunity;45 days;True
FFCC172527;2017-08-24;PROV40001000;2017-07-12;2017-08-27;43 days;Proveedor 24;FR;EUR;Intracommunity;20 days;False
FFCC172534;2017-08-04;PROV1484;2017-07-07;2017-08-07;28 days;Proveedor 385;ES;EUR;Spanish;10 days;False
FFCC172535;2017-08-01;PROV1475;2017-06-22;2017-08-04;40 days;Proveedor 376;CH;USD;Extracommunity;45 days;True
FFCC172541;2017-08-10;PROV40000187;2017-07-13;2017-08-13;28 days;Proveedor 13;ES;EUR;Spanish;10 days;False
FFCC172542;2017-08-25;PROV40000520;2017-07-21;2017-08-28;35 days;Proveedor 17;ES;EUR;Spanish;10 days;False
FFCC172544;2017-08-30;PROV1465;2017-07-21;2017-09-02;40 days;Proveedor 368;ES;EUR;Spanish;10 days;False
FFCC172546;2017-08-05;PROV40002330;2017-07-09;2017-08-08;27 days;Proveedor 37;ES;EUR;Spanish;10 days;False
FFCC172547;2017-08-21;PROV40002330;2017-08-08;2017-08-24;13 days;Proveedor 37;ES;EUR;Spanish;10 days;False
FFCC172550;2017-08-31;PROV1129;2017-07-24;2017-09-03;38 days;Proveedor 207;ES;EUR;Spanish;10 days;False
FFCC172551;2017-08-01;PROV1585;2017-06-30;2017-08-04;32 days;Proveedor 479;CH;USD;Extracommunity;45 days;True
FFCC172554;2017-08-08;PROV1479;2017-07-29;2017-08-11;10 days;Proveedor 380;ES;EUR;Spanish;10 days;True
FFCC172557;2017-08-31;PROV40002180;2017-08-08;2017-09-03;23 days;Proveedor 34;ES;EUR;Spanish;10 days;False
FFCC172560;2017-08-31;PROV40000850;2017-08-08;2017-09-03;23 days;Proveedor 21;ES;EUR;Spanish;10 days;False
FFCC172592;2017-08-24;PROV41001800;2017-08-05;2017-08-27;19 days;Proveedor 164;ES;EUR;Spanish;10 days;False
FFCC172596;2017-08-30;PROV41001800;2017-08-08;2017-09-02;22 days;Proveedor 164;ES;EUR;Spanish;10 days;False
FFCC172607;2017-08-01;PROV1964;2017-07-05;2017-08-04;27 days;Proveedor 792;CH;USD;Extracommunity;45 days;True
FFCC172610;2017-08-09;PROV1976;2017-06-24;2017-08-12;46 days;Proveedor 804;IN;USD;Extracommunity;45 days;False
FFCC172611;2017-08-11;PROV1976;2017-07-21;2017-08-14;21 days;Proveedor 804;IN;USD;Extracommunity;45 days;True
FFCC172612;2017-08-31;PROV40000520;2017-08-27;2017-09-03;4 days;Proveedor 17;ES;EUR;Spanish;10 days;True
FFCC172613;2017-08-18;PROV1485;2017-06-28;2017-08-21;51 days;Proveedor 386;IE;EUR;Intracommunity;20 days;False
FFCC172614;2017-08-28;PROV1485;2017-07-18;2017-08-31;41 days;Proveedor 386;IE;EUR;Intracommunity;20 days;False
FFCC172615;2017-08-03;PROV1485;2017-07-21;2017-08-06;13 days;Proveedor 386;IE;EUR;Intracommunity;20 days;True
FFCC172616;2017-08-01;PROV1585;2017-07-28;2017-08-04;4 days;Proveedor 479;CH;USD;Extracommunity;45 days;True
FFCC172622;2017-08-31;PROV1170;2017-08-24;2017-09-03;7 days;Proveedor 221;ES;EUR;Spanish;10 days;True
FFCC172624;2017-08-24;PROV1485;2017-07-02;2017-08-27;53 days;Proveedor 386;IE;EUR;Intracommunity;20 days;False
FFCC172626;2017-08-31;PROV40002065;2017-08-13;2017-09-03;18 days;Proveedor 30;ES;EUR;Spanish;10 days;False
FFCC172627;2017-08-31;PROV1227;2017-08-01;2017-09-03;30 days;Proveedor 243;ES;EUR;Spanish;10 days;False
FFCC172631;2017-08-26;PROV40000850;2017-07-30;2017-08-29;27 days;Proveedor 21;ES;EUR;Spanish;10 days;False
FFCC172632;2017-08-01;PROV41001142;2017-06-09;2017-08-04;53 days;Proveedor 123;ES;EUR;Spanish;10 days;False
FFCC172633;2017-08-29;PROV1734;2017-08-05;2017-09-01;24 days;Proveedor 593;ES;EUR;Spanish;10 days;False
FFCC172635;2017-08-29;PROV1838;2017-07-21;2017-09-01;39 days;Proveedor 681;ES;EUR;Spanish;10 days;False
FFCC172636;2017-08-31;PROV41000980;2017-07-03;2017-09-03;59 days;Proveedor 110;ES;EUR;Spanish;10 days;False
FFCC172648;2017-08-30;PROV40000010;2017-08-05;2017-09-02;25 days;Proveedor 12;ES;EUR;Spanish;10 days;False
FFCC172649;2017-08-22;PROV1397;2017-07-24;2017-08-25;29 days;Proveedor 321;PE;USD;Extracommunity;45 days;True
FFCC172651;2017-08-25;PROV1441;2017-07-22;2017-08-28;34 days;Proveedor 349;ES;EUR;Spanish;10 days;False
FFCC172653;2017-08-03;PROV40002220;2017-06-09;2017-08-06;55 days;Proveedor 36;ES;EUR;Spanish;10 days;False
FFCC172690;2017-09-01;PROV2006;2017-07-19;2017-09-04;44 days;Proveedor 832;ES;EUR;Spanish;10 days;False
FFCC172692;2017-09-07;PROV1756;2017-07-23;2017-09-10;46 days;Proveedor 603;IN;USD;Extracommunity;45 days;False
FFCC172704;2017-09-01;PROV1502;2017-08-17;2017-09-04;15 days;Proveedor 401;ES;EUR;Spanish;10 days;False
FFCC172705;2017-09-01;PROV2017;2017-07-07;2017-09-04;56 days;Proveedor 843;CH;USD;Extracommunity;45 days;False
FFCC172708;2017-09-01;PROV1976;2017-07-16;2017-09-04;47 days;Proveedor 804;IN;USD;Extracommunity;45 days;False
FFCC172709;2017-09-01;PROV1428;2017-08-06;2017-09-04;26 days;Proveedor 341;CH;USD;Extracommunity;45 days;True
FFCC172712;2017-09-01;PROV1398;2017-07-22;2017-09-04;41 days;Proveedor 322;CH;USD;Extracommunity;45 days;True
FFCC172715;2017-09-01;PROV1475;2017-08-21;2017-09-04;11 days;Proveedor 376;CH;USD;Extracommunity;45 days;True
FFCC172719;2017-09-01;PROV1485;2017-08-17;2017-09-04;15 days;Proveedor 386;IE;EUR;Intracommunity;20 days;True
FFCC172721;2017-09-01;PROV1485;2017-08-23;2017-09-04;9 days;Proveedor 386;IE;EUR;Intracommunity;20 days;True
FFCC172728;2017-09-08;PROV40000520;2017-08-12;2017-09-11;27 days;Proveedor 17;ES;EUR;Spanish;10 days;False
FFCC172736;2017-09-04;PROV40001000;2017-07-19;2017-09-07;47 days;Proveedor 24;FR;EUR;Intracommunity;20 days;False
FFCC172752;2017-09-07;PROV1014;2017-08-24;2017-09-10;14 days;Proveedor 171;ES;EUR;Spanish;10 days;False
FFCC172760;2017-09-14;PROV40000500;2017-08-11;2017-09-17;34 days;Proveedor 16;ES;EUR;Spanish;10 days;False
FFCC172761;2017-09-15;PROV1129;2017-08-14;2017-09-18;32 days;Proveedor 207;ES;EUR;Spanish;10 days;False
FFCC172762;2017-09-13;PROV1397;2017-08-04;2017-09-16;40 days;Proveedor 321;PE;USD;Extracommunity;45 days;True
FFCC172763;2017-09-18;PROV1485;2017-07-26;2017-09-21;54 days;Proveedor 386;IE;EUR;Intracommunity;20 days;False
FFCC172767;2017-09-18;PROV1027;2017-08-19;2017-09-21;30 days;Proveedor 178;ES;EUR;Spanish;10 days;False
FFCC172772;2017-09-06;PROV1441;2017-07-28;2017-09-09;40 days;Proveedor 349;ES;EUR;Spanish;10 days;False
FFCC172774;2017-09-07;PROV40002220;2017-07-25;2017-09-10;44 days;Proveedor 36;ES;EUR;Spanish;10 days;False
FFCC172775;2017-09-19;PROV1003;2017-09-03;2017-09-22;16 days;Proveedor 165;CN;USD;Extracommunity;45 days;True
FFCC172776;2017-09-14;PROV40001000;2017-08-24;2017-09-17;21 days;Proveedor 24;FR;EUR;Intracommunity;20 days;False
FFCC172782;2017-09-15;PROV40000520;2017-08-15;2017-09-18;31 days;Proveedor 17;ES;EUR;Spanish;10 days;False
FFCC172783;2017-09-15;PROV1014;2017-07-30;2017-09-18;47 days;Proveedor 171;ES;EUR;Spanish;10 days;False
FFCC172784;2017-09-16;PROV40000850;2017-08-02;2017-09-19;45 days;Proveedor 21;ES;EUR;Spanish;10 days;False
FFCC172794;2017-09-14;PROV1734;2017-07-24;2017-09-17;52 days;Proveedor 593;ES;EUR;Spanish;10 days;False
FFCC172795;2017-09-20;PROV1255;2017-08-13;2017-09-23;38 days;Proveedor 252;ES;EUR;Spanish;10 days;False
FFCC172797;2017-09-01;PROV40000520;2017-07-29;2017-09-04;34 days;Proveedor 17;ES;EUR;Spanish;10 days;False
FFCC172808;2017-09-18;PROV41001142;2017-08-21;2017-09-21;28 days;Proveedor 123;ES;EUR;Spanish;10 days;False
FFCC172838;2017-09-20;PROV1441;2017-08-05;2017-09-23;46 days;Proveedor 349;ES;EUR;Spanish;10 days;False
FFCC172839;2017-09-25;PROV40002720;2017-09-06;2017-09-28;19 days;Proveedor 38;ES;EUR;Spanish;10 days;False
FFCC172840;2017-09-22;PROV1876;2017-08-05;2017-09-25;48 days;Proveedor 712;ES;EUR;Spanish;10 days;False
FFCC172842;2017-09-01;PROV1903;2017-07-20;2017-09-04;43 days;Proveedor 735;ES;EUR;Spanish;10 days;False
FFCC172863;2017-09-01;PROV2021;2017-07-24;2017-09-04;39 days;Proveedor 847;ES;EUR;Spanish;10 days;False
FFCC172871;2017-09-11;PROV1649;2017-08-11;2017-09-14;31 days;Proveedor 538;ES;EUR;Spanish;10 days;False
FFCC172872;2017-09-20;PROV1650;2017-08-29;2017-09-23;22 days;Proveedor 539;ES;EUR;Spanish;10 days;False
FFCC172873;2017-09-20;PROV1465;2017-08-29;2017-09-23;22 days;Proveedor 368;ES;EUR;Spanish;10 days;False
FFCC172878;2017-09-01;PROV1936;2017-08-04;2017-09-04;28 days;Proveedor 766;CH;USD;Extracommunity;45 days;True
FFCC172882;2017-09-27;PROV41001401;2017-08-01;2017-09-30;57 days;Proveedor 139;ES;EUR;Spanish;10 days;False
FFCC172883;2017-09-26;PROV1976;2017-08-27;2017-09-29;30 days;Proveedor 804;IN;USD;Extracommunity;45 days;True
FFCC172885;2017-09-30;PROV40002065;2017-08-18;2017-10-03;43 days;Proveedor 30;ES;EUR;Spanish;10 days;False
FFCC172892;2017-09-01;PROV1585;2017-07-15;2017-09-04;48 days;Proveedor 479;CH;USD;Extracommunity;45 days;False
FFCC172902;2017-09-30;PROV1129;2017-08-24;2017-10-03;37 days;Proveedor 207;ES;EUR;Spanish;10 days;False
FFCC172903;2017-09-22;PROV40002330;2017-09-05;2017-09-25;17 days;Proveedor 37;ES;EUR;Spanish;10 days;False
FFCC172904;2017-09-30;PROV40000850;2017-09-04;2017-10-03;26 days;Proveedor 21;ES;EUR;Spanish;10 days;False
FFCC172907;2017-09-27;PROV40001000;2017-08-19;2017-09-30;39 days;Proveedor 24;FR;EUR;Intracommunity;20 days;False
FFCC172909;2017-09-16;PROV40002330;2017-09-06;2017-09-19;10 days;Proveedor 37;ES;EUR;Spanish;10 days;True
FFCC172915;2017-09-30;PROV1900;2017-08-29;2017-10-03;32 days;Proveedor 732;ES;EUR;Spanish;10 days;False
FFCC172921;2017-09-06;PROV1558;2017-08-13;2017-09-09;24 days;Proveedor 453;ES;EUR;Spanish;10 days;False
FFCC172922;2017-09-30;PROV1734;2017-08-19;2017-10-03;42 days;Proveedor 593;ES;EUR;Spanish;10 days;False
FFCC172923;2017-09-15;PROV40000187;2017-08-24;2017-09-18;22 days;Proveedor 13;ES;EUR;Spanish;10 days;False
FFCC172925;2017-09-25;PROV40000187;2017-09-16;2017-09-28;9 days;Proveedor 13;ES;EUR;Spanish;10 days;True
FFCC172927;2017-09-30;PROV40000187;2017-09-07;2017-10-03;23 days;Proveedor 13;ES;EUR;Spanish;10 days;False
FFCC172928;2017-09-01;PROV1475;2017-07-15;2017-09-04;48 days;Proveedor 376;CH;USD;Extracommunity;45 days;False
FFCC172931;2017-09-01;PROV1940;2017-07-25;2017-09-04;38 days;Proveedor 770;CH;USD;Extracommunity;45 days;True
FFCC172935;2017-09-01;PROV1551;2017-08-10;2017-09-04;22 days;Proveedor 447;CH;USD;Extracommunity;45 days;True
FFCC172948;2017-09-30;PROV40000520;2017-09-06;2017-10-03;24 days;Proveedor 17;ES;EUR;Spanish;10 days;False
FFCC172952;2017-09-30;PROV40000187;2017-08-16;2017-10-03;45 days;Proveedor 13;ES;EUR;Spanish;10 days;False
FFCC172954;2017-09-01;PROV1479;2017-07-31;2017-09-04;32 days;Proveedor 380;ES;EUR;Spanish;10 days;False
FFCC172955;2017-09-13;PROV1441;2017-08-21;2017-09-16;23 days;Proveedor 349;ES;EUR;Spanish;10 days;False
FFCC172957;2017-09-28;PROV2034;2017-09-17;2017-10-01;11 days;Proveedor 860;ES;EUR;Spanish;10 days;False
FFCC172961;2017-09-26;PROV41001571;2017-08-24;2017-09-29;33 days;Proveedor 160;ES;EUR;Spanish;10 days;False
FFCC172965;2017-09-29;PROV1758;2017-08-15;2017-10-02;45 days;Proveedor 605;ES;EUR;Spanish;10 days;False
FFCC172979;2017-09-14;PROV1485;2017-09-09;2017-09-17;5 days;Proveedor 386;IE;EUR;Intracommunity;20 days;True
FFCC172984;2017-09-22;PROV41001800;2017-08-31;2017-09-25;22 days;Proveedor 164;ES;EUR;Spanish;10 days;False
FFCC172986;2017-09-01;PROV1941;2017-08-22;2017-09-04;10 days;Proveedor 771;ES;EUR;Spanish;10 days;True
FFCC172987;2017-09-19;PROV1585;2017-09-10;2017-09-22;9 days;Proveedor 479;CH;USD;Extracommunity;45 days;True
FFCC172994;2017-09-15;PROV41001800;2017-08-11;2017-09-18;35 days;Proveedor 164;ES;EUR;Spanish;10 days;False
FFCC173025;2017-10-01;PROV1428;2017-09-20;2017-10-04;11 days;Proveedor 341;CH;USD;Extracommunity;45 days;True
FFCC173028;2017-10-01;PROV1475;2017-08-19;2017-10-04;43 days;Proveedor 376;CH;USD;Extracommunity;45 days;True
FFCC173031;2017-10-01;PROV1398;2017-08-31;2017-10-04;31 days;Proveedor 322;CH;USD;Extracommunity;45 days;True
FFCC173034;2017-10-01;PROV1733;2017-09-16;2017-10-04;15 days;Proveedor 592;CH;USD;Extracommunity;45 days;True
FFCC173037;2017-10-05;PROV40001000;2017-09-15;2017-10-08;20 days;Proveedor 24;FR;EUR;Intracommunity;20 days;True
FFCC173046;2017-10-06;PROV41000895;2017-08-11;2017-10-09;56 days;Proveedor 105;ES;EUR;Spanish;10 days;False
FFCC173057;2017-10-04;PROV1756;2017-08-28;2017-10-07;37 days;Proveedor 603;IN;USD;Extracommunity;45 days;True
FFCC173061;2017-10-01;PROV1485;2017-08-30;2017-10-04;32 days;Proveedor 386;IE;EUR;Intracommunity;20 days;False
FFCC173063;2017-10-04;PROV1976;2017-09-12;2017-10-07;22 days;Proveedor 804;IN;USD;Extracommunity;45 days;True
FFCC173071;2017-10-01;PROV1875;2017-09-23;2017-10-04;8 days;Proveedor 711;CH;USD;Extracommunity;45 days;True
FFCC173074;2017-10-04;PROV1397;2017-09-11;2017-10-07;23 days;Proveedor 321;PE;USD;Extracommunity;45 days;True
FFCC173088;2017-10-06;PROV40000500;2017-08-18;2017-10-09;49 days;Proveedor 16;ES;EUR;Spanish;10 days;False
FFCC173111;2017-10-10;PROV1027;2017-09-17;2017-10-13;23 days;Proveedor 178;ES;EUR;Spanish;10 days;False
FFCC173114;2017-10-06;PROV40002330;2017-08-20;2017-10-09;47 days;Proveedor 37;ES;EUR;Spanish;10 days;False
FFCC173115;2017-10-17;PROV1014;2017-08-29;2017-10-20;49 days;Proveedor 171;ES;EUR;Spanish;10 days;False
FFCC173123;2017-10-12;PROV40001000;2017-09-21;2017-10-15;21 days;Proveedor 24;FR;EUR;Intracommunity;20 days;False
FFCC173124;2017-10-12;PROV1014;2017-09-13;2017-10-15;29 days;Proveedor 171;ES;EUR;Spanish;10 days;False
FFCC173127;2017-10-18;PROV1441;2017-09-14;2017-10-21;34 days;Proveedor 349;ES;EUR;Spanish;10 days;False
FFCC173140;2017-10-15;PROV1129;2017-10-03;2017-10-18;12 days;Proveedor 207;ES;EUR;Spanish;10 days;False
FFCC173141;2017-10-09;PROV1027;2017-09-30;2017-10-12;9 days;Proveedor 178;ES;EUR;Spanish;10 days;True
FFCC173142;2017-10-05;PROV40002220;2017-08-15;2017-10-08;51 days;Proveedor 36;ES;EUR;Spanish;10 days;False
FFCC173143;2017-10-01;PROV1585;2017-08-13;2017-10-04;49 days;Proveedor 479;CH;USD;Extracommunity;45 days;False
FFCC173147;2017-10-01;PROV1485;2017-08-18;2017-10-04;44 days;Proveedor 386;IE;EUR;Intracommunity;20 days;False
FFCC173171;2017-10-25;PROV40002720;2017-09-08;2017-10-28;47 days;Proveedor 38;ES;EUR;Spanish;10 days;False
FFCC173172;2017-10-10;PROV1734;2017-08-19;2017-10-13;52 days;Proveedor 593;ES;EUR;Spanish;10 days;False
FFCC173174;2017-10-16;PROV1485;2017-09-20;2017-10-19;26 days;Proveedor 386;IE;EUR;Intracommunity;20 days;False
FFCC173175;2017-10-16;PROV1003;2017-10-01;2017-10-19;15 days;Proveedor 165;CN;USD;Extracommunity;45 days;True
FFCC173176;2017-10-21;PROV40000850;2017-10-02;2017-10-24;19 days;Proveedor 21;ES;EUR;Spanish;10 days;False
FFCC173177;2017-10-20;PROV40000500;2017-09-14;2017-10-23;36 days;Proveedor 16;ES;EUR;Spanish;10 days;False
FFCC173179;2017-10-13;PROV40000520;2017-10-08;2017-10-16;5 days;Proveedor 17;ES;EUR;Spanish;10 days;True
FFCC173191;2017-10-26;PROV1975;2017-09-29;2017-10-29;27 days;Proveedor 803;ES;EUR;Spanish;10 days;False
FFCC173192;2017-10-01;PROV1585;2017-09-03;2017-10-04;28 days;Proveedor 479;CH;USD;Extracommunity;45 days;True
FFCC173195;2017-10-16;PROV2021;2017-09-12;2017-10-19;34 days;Proveedor 847;ES;EUR;Spanish;10 days;False
FFCC173207;2017-10-07;PROV40002330;2017-09-14;2017-10-10;23 days;Proveedor 37;ES;EUR;Spanish;10 days;False
FFCC173208;2017-10-19;PROV1014;2017-09-16;2017-10-22;33 days;Proveedor 171;ES;EUR;Spanish;10 days;False
FFCC173238;2017-10-01;PROV2017;2017-09-08;2017-10-04;23 days;Proveedor 843;CH;USD;Extracommunity;45 days;True
FFCC173248;2017-10-24;PROV1976;2017-09-30;2017-10-27;24 days;Proveedor 804;IN;USD;Extracommunity;45 days;True
FFCC173249;2017-10-28;PROV40000850;2017-09-22;2017-10-31;36 days;Proveedor 21;ES;EUR;Spanish;10 days;False
FFCC173252;2017-10-31;PROV40002065;2017-10-22;2017-11-03;9 days;Proveedor 30;ES;EUR;Spanish;10 days;True
FFCC173253;2017-10-24;PROV1649;2017-09-03;2017-10-27;51 days;Proveedor 538;ES;EUR;Spanish;10 days;False
FFCC173257;2017-10-31;PROV1129;2017-09-20;2017-11-03;41 days;Proveedor 207;ES;EUR;Spanish;10 days;False
FFCC173278;2017-10-25;PROV40000187;2017-09-01;2017-10-28;54 days;Proveedor 13;ES;EUR;Spanish;10 days;False
FFCC173279;2017-10-20;PROV1465;2017-09-13;2017-10-23;37 days;Proveedor 368;ES;EUR;Spanish;10 days;False
FFCC173290;2017-10-31;PROV40000520;2017-09-21;2017-11-03;40 days;Proveedor 17;ES;EUR;Spanish;10 days;False
FFCC173316;2017-10-26;PROV1650;2017-10-18;2017-10-29;8 days;Proveedor 539;ES;EUR;Spanish;10 days;True
FFCC173317;2017-10-31;PROV40001470;2017-10-11;2017-11-03;20 days;Proveedor 26;ES;EUR;Spanish;10 days;False
FFCC173318;2017-10-18;PROV1397;2017-09-04;2017-10-21;44 days;Proveedor 321;PE;USD;Extracommunity;45 days;True
FFCC173319;2017-10-20;PROV1428;2017-10-02;2017-10-23;18 days;Proveedor 341;CH;USD;Extracommunity;45 days;True
FFCC173324;2017-10-18;PROV40002220;2017-08-30;2017-10-21;49 days;Proveedor 36;ES;EUR;Spanish;10 days;False
FFCC173325;2017-10-18;PROV1976;2017-08-30;2017-10-21;49 days;Proveedor 804;IN;USD;Extracommunity;45 days;False
FFCC173328;2017-10-31;PROV1470;2017-10-12;2017-11-03;19 days;Proveedor 372;ES;EUR;Spanish;10 days;False
FFCC173329;2017-10-28;PROV40002330;2017-09-27;2017-10-31;31 days;Proveedor 37;ES;EUR;Spanish;10 days;False
FFCC173341;2017-10-31;PROV40000850;2017-09-18;2017-11-03;43 days;Proveedor 21;ES;EUR;Spanish;10 days;False
FFCC173374;2017-10-05;PROV1441;2017-08-10;2017-10-08;56 days;Proveedor 349;ES;EUR;Spanish;10 days;False
FFCC173375;2017-10-25;PROV1441;2017-09-20;2017-10-28;35 days;Proveedor 349;ES;EUR;Spanish;10 days;False
FFCC173376;2017-10-05;PROV1585;2017-09-18;2017-10-08;17 days;Proveedor 479;CH;USD;Extracommunity;45 days;True
FFCC173408;2017-11-02;PROV1756;2017-10-27;2017-11-05;6 days;Proveedor 603;IN;USD;Extracommunity;45 days;True
FFCC173409;2017-11-09;PROV1734;2017-09-25;2017-11-12;45 days;Proveedor 593;ES;EUR;Spanish;10 days;False
FFCC173410;2017-11-07;PROV1976;2017-10-01;2017-11-10;37 days;Proveedor 804;IN;USD;Extracommunity;45 days;True
FFCC173411;2017-11-02;PROV1441;2017-09-19;2017-11-05;44 days;Proveedor 349;ES;EUR;Spanish;10 days;False
FFCC173412;2017-11-01;PROV40001000;2017-10-10;2017-11-04;22 days;Proveedor 24;FR;EUR;Intracommunity;20 days;False
FFCC173413;2017-11-01;PROV1398;2017-09-29;2017-11-04;33 days;Proveedor 322;CH;USD;Extracommunity;45 days;True
FFCC173417;2017-11-01;PROV1585;2017-09-24;2017-11-04;38 days;Proveedor 479;CH;USD;Extracommunity;45 days;True
FFCC173437;2017-11-10;PROV40000500;2017-10-23;2017-11-13;18 days;Proveedor 16;ES;EUR;Spanish;10 days;False
FFCC173439;2017-11-10;PROV40000520;2017-10-27;2017-11-13;14 days;Proveedor 17;ES;EUR;Spanish;10 days;False
FFCC173442;2017-11-15;PROV40001470;2017-10-13;2017-11-18;33 days;Proveedor 26;ES;EUR;Spanish;10 days;False
FFCC173443;2017-11-08;PROV40001000;2017-10-09;2017-11-11;30 days;Proveedor 24;FR;EUR;Intracommunity;20 days;False
FFCC173444;2017-11-13;PROV40001000;2017-09-15;2017-11-16;59 days;Proveedor 24;FR;EUR;Intracommunity;20 days;False
FFCC173445;2017-11-15;PROV1027;2017-10-31;2017-11-18;15 days;Proveedor 178;ES;EUR;Spanish;10 days;False
FFCC173446;2017-11-15;PROV1900;2017-10-05;2017-11-18;41 days;Proveedor 732;ES;EUR;Spanish;10 days;False
FFCC173447;2017-11-01;PROV1585;2017-10-02;2017-11-04;30 days;Proveedor 479;CH;USD;Extracommunity;45 days;True
FFCC173450;2017-11-01;PROV1485;2017-09-20;2017-11-04;42 days;Proveedor 386;IE;EUR;Intracommunity;20 days;False
FFCC173452;2017-11-01;PROV1485;2017-10-16;2017-11-04;16 days;Proveedor 386;IE;EUR;Intracommunity;20 days;True
FFCC173489;2017-11-16;PROV2036;2017-11-04;2017-11-19;12 days;Proveedor 862;ES;EUR;Spanish;10 days;False
FFCC173523;2017-11-25;PROV40000850;2017-11-15;2017-11-28;10 days;Proveedor 21;ES;EUR;Spanish;10 days;True
FFCC173524;2017-11-16;PROV1650;2017-10-25;2017-11-19;22 days;Proveedor 539;ES;EUR;Spanish;10 days;False
FFCC173525;2017-11-15;PROV1129;2017-10-12;2017-11-18;34 days;Proveedor 207;ES;EUR;Spanish;10 days;False
FFCC173526;2017-11-07;PROV40002330;2017-09-24;2017-11-10;44 days;Proveedor 37;ES;EUR;Spanish;10 days;False
FFCC173527;2017-11-25;PROV40002720;2017-10-26;2017-11-28;30 days;Proveedor 38;ES;EUR;Spanish;10 days;False
FFCC173528;2017-11-07;PROV1014;2017-10-17;2017-11-10;21 days;Proveedor 171;ES;EUR;Spanish;10 days;False
FFCC173529;2017-11-15;PROV1441;2017-11-05;2017-11-18;10 days;Proveedor 349;ES;EUR;Spanish;10 days;True
FFCC173530;2017-11-17;PROV1428;2017-11-14;2017-11-20;3 days;Proveedor 341;CH;USD;Extracommunity;45 days;True
FFCC173533;2017-11-01;PROV1597;2017-09-11;2017-11-04;51 days;Proveedor 491;CH;USD;Extracommunity;45 days;False
FFCC173535;2017-11-17;PROV1976;2017-10-05;2017-11-20;43 days;Proveedor 804;IN;USD;Extracommunity;45 days;True
FFCC173536;2017-11-29;PROV1003;2017-11-05;2017-12-02;24 days;Proveedor 165;CN;USD;Extracommunity;45 days;True
FFCC173538;2017-11-27;PROV1917;2017-10-02;2017-11-30;56 days;Proveedor 748;ES;EUR;Spanish;10 days;False
FFCC173539;2017-11-14;PROV1485;2017-10-23;2017-11-17;22 days;Proveedor 386;IE;EUR;Intracommunity;20 days;False
FFCC173573;2017-11-01;PROV1475;2017-10-03;2017-11-04;29 days;Proveedor 376;CH;USD;Extracommunity;45 days;True
FFCC173593;2017-11-25;PROV40002330;2017-11-17;2017-11-28;8 days;Proveedor 37;ES;EUR;Spanish;10 days;True
FFCC173594;2017-11-18;PROV40002330;2017-09-26;2017-11-21;53 days;Proveedor 37;ES;EUR;Spanish;10 days;False
FFCC173595;2017-11-25;PROV1465;2017-10-27;2017-11-28;29 days;Proveedor 368;ES;EUR;Spanish;10 days;False
FFCC173597;2017-11-30;PROV40002065;2017-11-11;2017-12-03;19 days;Proveedor 30;ES;EUR;Spanish;10 days;False
FFCC173599;2017-11-22;PROV1441;2017-10-13;2017-11-25;40 days;Proveedor 349;ES;EUR;Spanish;10 days;False
FFCC173600;2017-11-15;PROV40000187;2017-10-25;2017-11-18;21 days;Proveedor 13;ES;EUR;Spanish;10 days;False
FFCC173602;2017-11-23;PROV40001825;2017-10-07;2017-11-26;47 days;Proveedor 29;ES;EUR;Spanish;10 days;False
FFCC173603;2017-11-30;PROV40000520;2017-11-22;2017-12-03;8 days;Proveedor 17;ES;EUR;Spanish;10 days;True
FFCC173605;2017-11-28;PROV1014;2017-11-05;2017-12-01;23 days;Proveedor 171;ES;EUR;Spanish;10 days;False
FFCC173607;2017-11-22;PROV40002220;2017-09-30;2017-11-25;53 days;Proveedor 36;ES;EUR;Spanish;10 days;False
FFCC173622;2017-11-23;PROV1485;2017-10-30;2017-11-26;24 days;Proveedor 386;IE;EUR;Intracommunity;20 days;False
FFCC173625;2017-11-30;PROV40000500;2017-10-24;2017-12-03;37 days;Proveedor 16;ES;EUR;Spanish;10 days;False
FFCC173632;2017-11-30;PROV41000980;2017-11-20;2017-12-03;10 days;Proveedor 110;ES;EUR;Spanish;10 days;True
FFCC173643;2017-11-01;PROV1923;2017-10-06;2017-11-04;26 days;Proveedor 754;ES;EUR;Spanish;10 days;False
FFCC173644;2017-11-16;PROV1397;2017-10-29;2017-11-19;18 days;Proveedor 321;PE;USD;Extracommunity;45 days;True
FFCC173673;2017-11-24;PROV40002220;2017-10-23;2017-11-27;32 days;Proveedor 36;ES;EUR;Spanish;10 days;False
FFCC173674;2017-11-01;PROV1895;2017-10-28;2017-11-04;4 days;Proveedor 8;ES;EUR;Spanish;10 days;True
FFCC173678;2017-11-30;PROV1876;2017-10-14;2017-12-03;47 days;Proveedor 712;ES;EUR;Spanish;10 days;False
FFCC173679;2017-11-30;PROV1876;2017-11-15;2017-12-03;15 days;Proveedor 712;ES;EUR;Spanish;10 days;False
FFCC173688;2017-11-24;PROV40000520;2017-10-19;2017-11-27;36 days;Proveedor 17;ES;EUR;Spanish;10 days;False
FFCC173689;2017-11-01;PROV1475;2017-09-12;2017-11-04;50 days;Proveedor 376;CH;USD;Extracommunity;45 days;False
FFCC173722;2017-12-04;PROV1976;2017-11-10;2017-12-07;24 days;Proveedor 804;IN;USD;Extracommunity;45 days;True
FFCC173723;2017-12-01;PROV1585;2017-11-05;2017-12-04;26 days;Proveedor 479;CH;USD;Extracommunity;45 days;True
FFCC173726;2017-12-01;PROV1597;2017-11-04;2017-12-04;27 days;Proveedor 491;CH;USD;Extracommunity;45 days;True
FFCC173729;2017-12-07;PROV1397;2017-12-06;2017-12-10;1 days;Proveedor 321;PE;USD;Extracommunity;45 days;True
FFCC173730;2017-12-01;PROV1940;2017-11-17;2017-12-04;14 days;Proveedor 770;CH;USD;Extracommunity;45 days;True
FFCC173733;2017-12-01;PROV1964;2017-11-07;2017-12-04;24 days;Proveedor 792;CH;USD;Extracommunity;45 days;True
FFCC173736;2017-12-01;PROV1875;2017-10-10;2017-12-04;52 days;Proveedor 711;CH;USD;Extracommunity;45 days;False
FFCC173739;2017-12-01;PROV2017;2017-11-09;2017-12-04;22 days;Proveedor 843;CH;USD;Extracommunity;45 days;True
FFCC173742;2017-12-01;PROV2017;2017-10-05;2017-12-04;57 days;Proveedor 843;CH;USD;Extracommunity;45 days;False
FFCC173743;2017-12-15;PROV1485;2017-11-03;2017-12-18;42 days;Proveedor 386;IE;EUR;Intracommunity;20 days;False
FFCC173744;2017-12-01;PROV1936;2017-11-23;2017-12-04;8 days;Proveedor 766;CH;USD;Extracommunity;45 days;True
FFCC173758;2017-12-15;PROV1129;2017-11-02;2017-12-18;43 days;Proveedor 207;ES;EUR;Spanish;10 days;False
FFCC173759;2017-12-11;PROV1938;2017-11-18;2017-12-14;23 days;Proveedor 768;ES;EUR;Spanish;10 days;False
FFCC173760;2017-12-01;PROV40001825;2017-10-17;2017-12-04;45 days;Proveedor 29;ES;EUR;Spanish;10 days;False
FFCC173761;2017-12-01;PROV40000850;2017-11-05;2017-12-04;26 days;Proveedor 21;ES;EUR;Spanish;10 days;False
FFCC173762;2017-12-05;PROV1014;2017-11-12;2017-12-08;23 days;Proveedor 171;ES;EUR;Spanish;10 days;False
FFCC173763;2017-12-04;PROV1014;2017-10-17;2017-12-07;48 days;Proveedor 171;ES;EUR;Spanish;10 days;False
FFCC173764;2017-12-01;PROV40001825;2017-10-26;2017-12-04;36 days;Proveedor 29;ES;EUR;Spanish;10 days;False
FFCC173765;2017-12-10;PROV40000520;2017-11-04;2017-12-13;36 days;Proveedor 17;ES;EUR;Spanish;10 days;False
FFCC173785;2017-12-01;PROV1756;2017-11-10;2017-12-04;21 days;Proveedor 603;IN;USD;Extracommunity;45 days;True
FFCC173796;2017-12-15;PROV40000500;2017-11-25;2017-12-18;20 days;Proveedor 16;ES;EUR;Spanish;10 days;False
FFCC173797;2017-12-22;PROV40002720;2017-11-21;2017-12-25;31 days;Proveedor 38;ES;EUR;Spanish;10 days;False
FFCC173798;2017-12-10;PROV1484;2017-10-30;2017-12-13;41 days;Proveedor 385;ES;EUR;Spanish;10 days;False
FFCC173799;2017-12-13;PROV1649;2017-11-05;2017-12-16;38 days;Proveedor 538;ES;EUR;Spanish;10 days;False
FFCC173806;2017-12-20;PROV2045;2017-11-30;2017-12-23;20 days;Proveedor 871;ES;EUR;Spanish;10 days;False
FFCC173820;2017-12-19;PROV1895;2017-11-07;2017-12-22;42 days;Proveedor 8;ES;EUR;Spanish;10 days;False
FFCC173850;2017-12-02;PROV40002330;2017-10-30;2017-12-05;33 days;Proveedor 37;ES;EUR;Spanish;10 days;False
FFCC173853;2017-12-30;PROV40002065;2017-11-17;2018-01-02;43 days;Proveedor 30;ES;EUR;Spanish;10 days;False
FFCC173854;2017-12-01;PROV1475;2017-11-05;2017-12-04;26 days;Proveedor 376;CH;USD;Extracommunity;45 days;True
FFCC173910;2017-12-30;PROV40000520;2017-12-07;2018-01-02;23 days;Proveedor 17;ES;EUR;Spanish;10 days;False
FFCC173932;2017-12-15;PROV40000187;2017-11-09;2017-12-18;36 days;Proveedor 13;ES;EUR;Spanish;10 days;False
FFCC180001;2018-01-02;PROV1475;2017-11-06;2018-01-05;57 days;Proveedor 376;CH;USD;Extracommunity;45 days;False
FFCC180004;2018-01-02;PROV2017;2017-12-05;2018-01-05;28 days;Proveedor 843;CH;USD;Extracommunity;45 days;True
FFCC180021;2018-01-04;PROV41001800;2017-11-22;2018-01-07;43 days;Proveedor 164;ES;EUR;Spanish;10 days;False
FFCC180073;2018-01-11;PROV41000232;2017-11-19;2018-01-14;53 days;Proveedor 61;ES;EUR;Spanish;10 days;False
FFCC180074;2018-01-20;PROV40000850;2017-12-31;2018-01-23;20 days;Proveedor 21;ES;EUR;Spanish;10 days;False
FFCC180076;2018-01-15;PROV1876;2017-12-09;2018-01-18;37 days;Proveedor 712;ES;EUR;Spanish;10 days;False
FFCC180077;2018-01-15;PROV1876;2017-12-20;2018-01-18;26 days;Proveedor 712;ES;EUR;Spanish;10 days;False
FFCC180078;2018-01-15;PROV1465;2017-12-25;2018-01-18;21 days;Proveedor 368;ES;EUR;Spanish;10 days;False
FFCC180079;2018-01-12;PROV1756;2017-11-28;2018-01-15;45 days;Proveedor 603;IN;USD;Extracommunity;45 days;True
FFCC180080;2018-01-15;PROV1129;2018-01-01;2018-01-18;14 days;Proveedor 207;ES;EUR;Spanish;10 days;False
FFCC180081;2018-01-02;PROV1938;2017-11-28;2018-01-05;35 days;Proveedor 768;ES;EUR;Spanish;10 days;False
FFCC180082;2018-01-02;PROV40000500;2017-11-09;2018-01-05;54 days;Proveedor 16;ES;EUR;Spanish;10 days;False
FFCC180083;2018-01-13;PROV40000850;2017-12-17;2018-01-16;27 days;Proveedor 21;ES;EUR;Spanish;10 days;False
FFCC180084;2018-01-15;PROV1900;2017-12-13;2018-01-18;33 days;Proveedor 732;ES;EUR;Spanish;10 days;False
FFCC180085;2018-01-15;PROV40001000;2017-12-26;2018-01-18;20 days;Proveedor 24;FR;EUR;Intracommunity;20 days;True
FFCC180086;2018-01-05;PROV1014;2017-12-12;2018-01-08;24 days;Proveedor 171;ES;EUR;Spanish;10 days;False
FFCC180087;2018-01-05;PROV1650;2017-12-24;2018-01-08;12 days;Proveedor 539;ES;EUR;Spanish;10 days;False
FFCC180088;2018-01-03;PROV40001000;2017-12-02;2018-01-06;32 days;Proveedor 24;FR;EUR;Intracommunity;20 days;False
FFCC180089;2018-01-05;PROV1650;2017-12-04;2018-01-08;32 days;Proveedor 539;ES;EUR;Spanish;10 days;False
FFCC180090;2018-01-08;PROV1170;2017-11-22;2018-01-11;47 days;Proveedor 221;ES;EUR;Spanish;10 days;False
FFCC180091;2018-01-02;PROV1976;2017-11-12;2018-01-05;51 days;Proveedor 804;IN;USD;Extracommunity;45 days;False
FFCC180092;2018-01-02;PROV1485;2017-12-09;2018-01-05;24 days;Proveedor 386;IE;EUR;Intracommunity;20 days;False
FFCC180094;2018-01-02;PROV1485;2017-11-10;2018-01-05;53 days;Proveedor 386;IE;EUR;Intracommunity;20 days;False
FFCC180097;2018-01-02;PROV1485;2017-12-18;2018-01-05;15 days;Proveedor 386;IE;EUR;Intracommunity;20 days;True
FFCC180099;2018-01-02;PROV1597;2017-12-18;2018-01-05;15 days;Proveedor 491;CH;USD;Extracommunity;45 days;True
FFCC180102;2018-01-02;PROV1875;2017-11-24;2018-01-05;39 days;Proveedor 711;CH;USD;Extracommunity;45 days;True
FFCC180105;2018-01-02;PROV1428;2017-12-07;2018-01-05;26 days;Proveedor 341;CH;USD;Extracommunity;45 days;True
FFCC180106;2018-01-02;PROV1475;2017-12-09;2018-01-05;24 days;Proveedor 376;CH;USD;Extracommunity;45 days;True
FFCC180109;2018-01-02;PROV1398;2017-11-28;2018-01-05;35 days;Proveedor 322;CH;USD;Extracommunity;45 days;True
FFCC180113;2018-01-02;PROV1485;2017-12-22;2018-01-05;11 days;Proveedor 386;IE;EUR;Intracommunity;20 days;True
FFCC180115;2018-01-11;PROV1485;2017-12-16;2018-01-14;26 days;Proveedor 386;IE;EUR;Intracommunity;20 days;False
FFCC180116;2018-01-02;PROV1485;2017-12-03;2018-01-05;30 days;Proveedor 386;IE;EUR;Intracommunity;20 days;False
FFCC180118;2018-01-02;PROV1585;2017-12-28;2018-01-05;5 days;Proveedor 479;CH;USD;Extracommunity;45 days;True
FFCC180122;2018-01-12;PROV1397;2017-12-22;2018-01-15;21 days;Proveedor 321;PE;USD;Extracommunity;45 days;True
FFCC180142;2018-01-10;PROV40000520;2017-12-15;2018-01-13;26 days;Proveedor 17;ES;EUR;Spanish;10 days;False
FFCC180143;2018-01-22;PROV40000520;2017-12-24;2018-01-25;29 days;Proveedor 17;ES;EUR;Spanish;10 days;False
FFCC180144;2018-01-15;PROV40000520;2017-12-05;2018-01-18;41 days;Proveedor 17;ES;EUR;Spanish;10 days;False
FFCC180145;2018-01-02;PROV1441;2017-12-12;2018-01-05;21 days;Proveedor 349;ES;EUR;Spanish;10 days;False
FFCC180146;2018-01-02;PROV40002220;2017-11-25;2018-01-05;38 days;Proveedor 36;ES;EUR;Spanish;10 days;False
FFCC180210;2018-01-02;PROV1475;2017-12-25;2018-01-05;8 days;Proveedor 376;CH;USD;Extracommunity;45 days;True
FFCC180219;2018-01-31;PROV1184;2017-12-20;2018-02-03;42 days;Proveedor 223;ES;EUR;Spanish;10 days;False
FFCC180220;2018-01-05;PROV40000187;2017-12-17;2018-01-08;19 days;Proveedor 13;ES;EUR;Spanish;10 days;False
FFCC180230;2018-01-09;PROV40002330;2017-12-20;2018-01-12;20 days;Proveedor 37;ES;EUR;Spanish;10 days;False
FFCC180231;2018-01-13;PROV40002330;2017-12-25;2018-01-16;19 days;Proveedor 37;ES;EUR;Spanish;10 days;False
FFCC180232;2018-01-16;PROV40002330;2017-12-11;2018-01-19;36 days;Proveedor 37;ES;EUR;Spanish;10 days;False
FFCC180233;2018-01-27;PROV40002330;2017-12-27;2018-01-30;31 days;Proveedor 37;ES;EUR;Spanish;10 days;False
FFCC180234;2018-01-30;PROV40000500;2017-12-19;2018-02-02;42 days;Proveedor 16;ES;EUR;Spanish;10 days;False
FFCC180235;2018-01-26;PROV1014;2018-01-05;2018-01-29;21 days;Proveedor 171;ES;EUR;Spanish;10 days;False
FFCC180236;2018-01-31;PROV40002065;2018-01-22;2018-02-03;9 days;Proveedor 30;ES;EUR;Spanish;10 days;True
FFCC180237;2018-01-26;PROV1484;2017-12-15;2018-01-29;42 days;Proveedor 385;ES;EUR;Spanish;10 days;False
FFCC180238;2018-01-19;PROV1938;2017-12-25;2018-01-22;25 days;Proveedor 768;ES;EUR;Spanish;10 days;False
FFCC180239;2018-01-30;PROV40002720;2017-12-29;2018-02-02;32 days;Proveedor 38;ES;EUR;Spanish;10 days;False
FFCC180240;2018-01-24;PROV1558;2017-12-18;2018-01-27;37 days;Proveedor 453;ES;EUR;Spanish;10 days;False
FFCC180241;2018-01-22;PROV1014;2018-01-02;2018-01-25;20 days;Proveedor 171;ES;EUR;Spanish;10 days;False
FFCC180242;2018-01-22;PROV40002330;2017-12-27;2018-01-25;26 days;Proveedor 37;ES;EUR;Spanish;10 days;False
FFCC180243;2018-01-30;PROV1900;2018-01-21;2018-02-02;9 days;Proveedor 732;ES;EUR;Spanish;10 days;True
FFCC180244;2018-01-25;PROV40002720;2018-01-07;2018-01-28;18 days;Proveedor 38;ES;EUR;Spanish;10 days;False
FFCC180245;2018-01-31;PROV41000980;2017-12-12;2018-02-03;50 days;Proveedor 110;ES;EUR;Spanish;10 days;False
FFCC180259;2018-01-31;PROV40000187;2017-12-06;2018-02-03;56 days;Proveedor 13;ES;EUR;Spanish;10 days;False
FFCC180260;2018-01-25;PROV40000187;2017-12-28;2018-01-28;28 days;Proveedor 13;ES;EUR;Spanish;10 days;False
FFCC180261;2018-01-31;PROV1781;2017-12-21;2018-02-03;41 days;Proveedor 628;ES;EUR;Spanish;10 days;False
FFCC180262;2018-01-31;PROV1938;2018-01-01;2018-02-03;30 days;Proveedor 768;ES;EUR;Spanish;10 days;False
FFCC180263;2018-01-20;PROV1465;2017-12-20;2018-01-23;31 days;Proveedor 368;ES;EUR;Spanish;10 days;False
FFCC180264;2018-01-02;PROV1585;2017-11-27;2018-01-05;36 days;Proveedor 479;CH;USD;Extracommunity;45 days;True
FFCC180267;2018-01-02;PROV1585;2017-12-07;2018-01-05;26 days;Proveedor 479;CH;USD;Extracommunity;45 days;True
FFCC180270;2018-01-02;PROV1475;2017-11-14;2018-01-05;49 days;Proveedor 376;CH;USD;Extracommunity;45 days;False
FFCC180275;2018-01-02;PROV1964;2017-11-06;2018-01-05;57 days;Proveedor 792;CH;USD;Extracommunity;45 days;False
FFCC180278;2018-01-19;PROV2017;2017-12-14;2018-01-22;36 days;Proveedor 843;CH;USD;Extracommunity;45 days;True
FFCC180281;2018-01-19;PROV1976;2017-12-15;2018-01-22;35 days;Proveedor 804;IN;USD;Extracommunity;45 days;True
FFCC180282;2018-01-02;PROV1964;2017-12-03;2018-01-05;30 days;Proveedor 792;CH;USD;Extracommunity;45 days;True
FFCC180285;2018-01-02;PROV1940;2017-12-17;2018-01-05;16 days;Proveedor 770;CH;USD;Extracommunity;45 days;True
FFCC180288;2018-01-31;PROV1876;2018-01-23;2018-02-03;8 days;Proveedor 712;ES;EUR;Spanish;10 days;True
FFCC180292;2018-01-31;PROV1014;2018-01-02;2018-02-03;29 days;Proveedor 171;ES;EUR;Spanish;10 days;False
FFCC180294;2018-01-31;PROV40000520;2017-12-14;2018-02-03;48 days;Proveedor 17;ES;EUR;Spanish;10 days;False
FFCC180295;2018-01-15;PROV1875;2017-12-29;2018-01-18;17 days;Proveedor 711;CH;USD;Extracommunity;45 days;True
FFCC180308;2018-01-31;PROV40000520;2018-01-10;2018-02-03;21 days;Proveedor 17;ES;EUR;Spanish;10 days;False
FFCC180357;2018-01-31;PROV41001800;2018-01-04;2018-02-03;27 days;Proveedor 164;ES;EUR;Spanish;10 days;False
FFCC180358;2018-01-30;PROV41001800;2017-12-24;2018-02-02;37 days;Proveedor 164;ES;EUR;Spanish;10 days;False
FFCC180384;2018-01-02;PROV41001800;2017-12-22;2018-01-05;11 days;Proveedor 164;ES;EUR;Spanish;10 days;False
FFCC180389;2018-01-17;PROV1734;2017-12-16;2018-01-20;32 days;Proveedor 593;ES;EUR;Spanish;10 days;False
FFCC180402;2018-01-30;PROV41001800;2018-01-18;2018-02-02;12 days;Proveedor 164;ES;EUR;Spanish;10 days;False
FFCC180403;2018-01-26;PROV1838;2017-12-17;2018-01-29;40 days;Proveedor 681;ES;EUR;Spanish;10 days;False
FFCC180434;2018-02-01;PROV1475;2018-01-04;2018-02-04;28 days;Proveedor 376;CH;USD;Extracommunity;45 days;True
FFCC180437;2018-02-09;PROV41001401;2018-01-04;2018-02-12;36 days;Proveedor 139;ES;EUR;Spanish;10 days;False
FFCC180465;2018-02-05;PROV1647;2018-01-04;2018-02-08;32 days;Proveedor 536;ES;EUR;Spanish;10 days;False
FFCC180466;2018-02-14;PROV1650;2018-01-27;2018-02-17;18 days;Proveedor 539;ES;EUR;Spanish;10 days;False
FFCC180467;2018-02-13;PROV40000735;2018-01-10;2018-02-16;34 days;Proveedor 19;ES;EUR;Spanish;10 days;False
FFCC180469;2018-02-08;PROV1014;2018-01-19;2018-02-11;20 days;Proveedor 171;ES;EUR;Spanish;10 days;False
FFCC180476;2018-02-09;PROV40000500;2017-12-18;2018-02-12;53 days;Proveedor 16;ES;EUR;Spanish;10 days;False
FFCC180477;2018-02-02;PROV40000500;2018-01-12;2018-02-05;21 days;Proveedor 16;ES;EUR;Spanish;10 days;False
FFCC180478;2018-02-05;PROV1650;2018-01-30;2018-02-08;6 days;Proveedor 539;ES;EUR;Spanish;10 days;True
FFCC180479;2018-02-08;PROV1650;2018-01-12;2018-02-11;27 days;Proveedor 539;ES;EUR;Spanish;10 days;False
FFCC180486;2018-02-05;PROV41000896;2017-12-24;2018-02-08;43 days;Proveedor 106;ES;EUR;Spanish;10 days;False
FFCC180487;2018-02-15;PROV1900;2018-02-14;2018-02-18;1 days;Proveedor 732;ES;EUR;Spanish;10 days;True
FFCC180488;2018-02-15;PROV40001470;2017-12-28;2018-02-18;49 days;Proveedor 26;ES;EUR;Spanish;10 days;False
FFCC180489;2018-02-01;PROV40001000;2018-01-25;2018-02-04;7 days;Proveedor 24;FR;EUR;Intracommunity;20 days;True
FFCC180492;2018-02-10;PROV40000850;2018-01-22;2018-02-13;19 days;Proveedor 21;ES;EUR;Spanish;10 days;False
FFCC180494;2018-02-15;PROV1129;2018-01-24;2018-02-18;22 days;Proveedor 207;ES;EUR;Spanish;10 days;False
FFCC180501;2018-02-09;PROV1397;2018-01-12;2018-02-12;28 days;Proveedor 321;PE;USD;Extracommunity;45 days;True
FFCC180502;2018-02-01;PROV1976;2018-01-13;2018-02-04;19 days;Proveedor 804;IN;USD;Extracommunity;45 days;True
FFCC180503;2018-02-01;PROV1976;2017-12-13;2018-02-04;50 days;Proveedor 804;IN;USD;Extracommunity;45 days;False
FFCC180504;2018-02-02;PROV1756;2018-01-01;2018-02-05;32 days;Proveedor 603;IN;USD;Extracommunity;45 days;True
FFCC180505;2018-02-09;PROV1027;2017-12-28;2018-02-12;43 days;Proveedor 178;ES;EUR;Spanish;10 days;False
FFCC180506;2018-02-06;PROV40000235;2018-01-06;2018-02-09;31 days;Proveedor 15;ES;EUR;Spanish;10 days;False
FFCC180508;2018-02-10;PROV1734;2017-12-23;2018-02-13;49 days;Proveedor 593;ES;EUR;Spanish;10 days;False
FFCC180509;2018-02-01;PROV1485;2017-12-22;2018-02-04;41 days;Proveedor 386;IE;EUR;Intracommunity;20 days;False
FFCC180512;2018-02-01;PROV40002220;2017-12-15;2018-02-04;48 days;Proveedor 36;ES;EUR;Spanish;10 days;False
FFCC180525;2018-02-01;PROV1585;2018-01-23;2018-02-04;9 days;Proveedor 479;CH;USD;Extracommunity;45 days;True
FFCC180528;2018-01-25;PROV1428;2017-12-15;2018-01-28;41 days;Proveedor 341;CH;USD;Extracommunity;45 days;True
FFCC180546;2018-02-20;PROV1734;2018-01-23;2018-02-23;28 days;Proveedor 593;ES;EUR;Spanish;10 days;False
FFCC180558;2018-02-09;PROV40000520;2018-02-02;2018-02-12;7 days;Proveedor 17;ES;EUR;Spanish;10 days;True
FFCC180561;2018-02-20;PROV41001401;2018-01-22;2018-02-23;29 days;Proveedor 139;ES;EUR;Spanish;10 days;False
FFCC180565;2018-02-15;PROV41001800;2018-01-26;2018-02-18;20 days;Proveedor 164;ES;EUR;Spanish;10 days;False
FFCC180566;2018-02-15;PROV41001800;2018-01-02;2018-02-18;44 days;Proveedor 164;ES;EUR;Spanish;10 days;False
FFCC180568;2018-02-25;PROV40002720;2018-02-12;2018-02-28;13 days;Proveedor 38;ES;EUR;Spanish;10 days;False
FFCC180569;2018-02-03;PROV40002330;2018-01-22;2018-02-06;12 days;Proveedor 37;ES;EUR;Spanish;10 days;False
FFCC180570;2018-02-10;PROV40002330;2018-02-02;2018-02-13;8 days;Proveedor 37;ES;EUR;Spanish;10 days;True
FFCC180571;2018-02-09;PROV40001825;2017-12-29;2018-02-12;42 days;Proveedor 29;ES;EUR;Spanish;10 days;False
FFCC180572;2018-02-15;PROV40001825;2018-01-30;2018-02-18;16 days;Proveedor 29;ES;EUR;Spanish;10 days;False
FFCC180573;2018-02-22;PROV1876;2018-02-12;2018-02-25;10 days;Proveedor 712;ES;EUR;Spanish;10 days;True
FFCC180574;2018-02-22;PROV1876;2018-02-11;2018-02-25;11 days;Proveedor 712;ES;EUR;Spanish;10 days;False
FFCC180575;2018-02-16;PROV1938;2018-01-02;2018-02-19;45 days;Proveedor 768;ES;EUR;Spanish;10 days;False
FFCC180576;2018-02-23;PROV1938;2018-02-06;2018-02-26;17 days;Proveedor 768;ES;EUR;Spanish;10 days;False
FFCC180577;2018-02-20;PROV1976;2018-01-21;2018-02-23;30 days;Proveedor 804;IN;USD;Extracommunity;45 days;True
FFCC180582;2018-02-28;PROV40002065;2018-01-06;2018-03-03;53 days;Proveedor 30;ES;EUR;Spanish;10 days;False
FFCC180585;2018-02-23;PROV40000500;2018-01-22;2018-02-26;32 days;Proveedor 16;ES;EUR;Spanish;10 days;False
FFCC180586;2018-02-16;PROV40000520;2017-12-25;2018-02-19;53 days;Proveedor 17;ES;EUR;Spanish;10 days;False
FFCC180587;2018-02-21;PROV1441;2018-01-02;2018-02-24;50 days;Proveedor 349;ES;EUR;Spanish;10 days;False
FFCC180590;2018-02-23;PROV1397;2018-02-06;2018-02-26;17 days;Proveedor 321;PE;USD;Extracommunity;45 days;True
FFCC180605;2018-02-22;PROV41001800;2018-01-06;2018-02-25;47 days;Proveedor 164;ES;EUR;Spanish;10 days;False
FFCC180608;2018-02-10;PROV40000187;2018-01-02;2018-02-13;39 days;Proveedor 13;ES;EUR;Spanish;10 days;False
FFCC180609;2018-02-23;PROV1895;2018-01-28;2018-02-26;26 days;Proveedor 8;ES;EUR;Spanish;10 days;False
FFCC180610;2018-02-01;PROV1936;2018-01-26;2018-02-04;6 days;Proveedor 766;CH;USD;Extracommunity;45 days;True
FFCC180614;2018-02-28;PROV1129;2018-02-27;2018-03-03;1 days;Proveedor 207;ES;EUR;Spanish;10 days;True
FFCC180638;2018-02-24;PROV40002330;2018-02-01;2018-02-27;23 days;Proveedor 37;ES;EUR;Spanish;10 days;False
FFCC180639;2018-02-12;PROV1485;2018-02-07;2018-02-15;5 days;Proveedor 386;IE;EUR;Intracommunity;20 days;True
FFCC180658;2018-02-23;PROV40000520;2018-01-12;2018-02-26;42 days;Proveedor 17;ES;EUR;Spanish;10 days;False
FFCC180707;2018-02-12;PROV1649;2017-12-28;2018-02-15;46 days;Proveedor 538;ES;EUR;Spanish;10 days;False
FFCC180708;2018-02-01;PROV1936;2018-01-18;2018-02-04;14 days;Proveedor 766;CH;USD;Extracommunity;45 days;True
FFCC180709;2018-02-28;PROV40002220;2018-01-25;2018-03-03;34 days;Proveedor 36;ES;EUR;Spanish;10 days;False
FFCC180711;2018-02-28;PROV40000520;2018-01-16;2018-03-03;43 days;Proveedor 17;ES;EUR;Spanish;10 days;False
FFCC180712;2018-02-28;PROV1470;2018-01-26;2018-03-03;33 days;Proveedor 372;ES;EUR;Spanish;10 days;False
FFCC180809;2018-03-08;PROV41001800;2018-02-25;2018-03-11;11 days;Proveedor 164;ES;EUR;Spanish;10 days;False
FFCC180829;2018-03-02;PROV1756;2018-01-14;2018-03-05;47 days;Proveedor 603;IN;USD;Extracommunity;45 days;False
FFCC180830;2018-03-05;PROV40001000;2018-02-19;2018-03-08;14 days;Proveedor 24;FR;EUR;Intracommunity;20 days;True
FFCC180831;2018-03-01;PROV40001000;2018-01-19;2018-03-04;41 days;Proveedor 24;FR;EUR;Intracommunity;20 days;False
FFCC180832;2018-03-01;PROV40001000;2018-01-12;2018-03-04;48 days;Proveedor 24;FR;EUR;Intracommunity;20 days;False
FFCC180833;2018-03-09;PROV1938;2018-02-02;2018-03-12;35 days;Proveedor 768;ES;EUR;Spanish;10 days;False
FFCC180835;2018-03-12;PROV1650;2018-02-20;2018-03-15;20 days;Proveedor 539;ES;EUR;Spanish;10 days;False
FFCC180836;2018-03-09;PROV40000850;2018-01-21;2018-03-12;47 days;Proveedor 21;ES;EUR;Spanish;10 days;False
FFCC180837;2018-03-09;PROV1027;2018-01-12;2018-03-12;56 days;Proveedor 178;ES;EUR;Spanish;10 days;False
FFCC180838;2018-03-24;PROV40002330;2018-03-03;2018-03-27;21 days;Proveedor 37;ES;EUR;Spanish;10 days;False
FFCC180841;2018-03-15;PROV1129;2018-02-07;2018-03-18;36 days;Proveedor 207;ES;EUR;Spanish;10 days;False
FFCC180843;2018-03-09;PROV40000520;2018-03-08;2018-03-12;1 days;Proveedor 17;ES;EUR;Spanish;10 days;True
FFCC180844;2018-03-21;PROV1947;2018-02-07;2018-03-24;42 days;Proveedor 777;ES;EUR;Spanish;10 days;False
FFCC180855;2018-03-25;PROV40002720;2018-02-06;2018-03-28;47 days;Proveedor 38;ES;EUR;Spanish;10 days;False
FFCC180856;2018-03-01;PROV1585;2018-01-24;2018-03-04;36 days;Proveedor 479;CH;USD;Extracommunity;45 days;True
FFCC180859;2018-03-02;PROV40001825;2018-02-19;2018-03-05;11 days;Proveedor 29;ES;EUR;Spanish;10 days;False
FFCC180862;2018-03-15;PROV1484;2018-03-09;2018-03-18;6 days;Proveedor 385;ES;EUR;Spanish;10 days;True
FFCC180865;2018-03-10;PROV40002330;2018-02-18;2018-03-13;20 days;Proveedor 37;ES;EUR;Spanish;10 days;False
FFCC180866;2018-03-09;PROV1976;2018-01-28;2018-03-12;40 days;Proveedor 804;IN;USD;Extracommunity;45 days;True
FFCC180867;2018-03-01;PROV40000850;2018-01-27;2018-03-04;33 days;Proveedor 21;ES;EUR;Spanish;10 days;False
FFCC180870;2018-03-01;PROV1485;2018-01-17;2018-03-04;43 days;Proveedor 386;IE;EUR;Intracommunity;20 days;False
FFCC180872;2018-03-01;PROV1398;2018-01-20;2018-03-04;40 days;Proveedor 322;CH;USD;Extracommunity;45 days;True
FFCC180877;2018-03-01;PROV1875;2018-01-28;2018-03-04;32 days;Proveedor 711;CH;USD;Extracommunity;45 days;True
FFCC180880;2018-03-01;PROV1964;2018-01-10;2018-03-04;50 days;Proveedor 792;CH;USD;Extracommunity;45 days;False
FFCC180881;2018-03-01;PROV1597;2018-01-29;2018-03-04;31 days;Proveedor 491;CH;USD;Extracommunity;45 days;True
FFCC180890;2018-03-01;PROV1936;2018-01-07;2018-03-04;53 days;Proveedor 766;CH;USD;Extracommunity;45 days;False
FFCC180893;2018-03-01;PROV1475;2018-01-11;2018-03-04;49 days;Proveedor 376;CH;USD;Extracommunity;45 days;False
FFCC180904;2018-03-23;PROV41001800;2018-02-23;2018-03-26;28 days;Proveedor 164;ES;EUR;Spanish;10 days;False
FFCC180908;2018-03-23;PROV41001800;2018-03-04;2018-03-26;19 days;Proveedor 164;ES;EUR;Spanish;10 days;False
FFCC180955;2018-03-05;PROV40001000;2018-02-13;2018-03-08;20 days;Proveedor 24;FR;EUR;Intracommunity;20 days;True
FFCC180997;2018-03-20;PROV1465;2018-03-08;2018-03-23;12 days;Proveedor 368;ES;EUR;Spanish;10 days;False
FFCC180998;2018-03-07;PROV1441;2018-01-18;2018-03-10;48 days;Proveedor 349;ES;EUR;Spanish;10 days;False
FFCC180999;2018-03-14;PROV1441;2018-01-30;2018-03-17;43 days;Proveedor 349;ES;EUR;Spanish;10 days;False
FFCC181000;2018-03-08;PROV1397;2018-02-08;2018-03-11;28 days;Proveedor 321;PE;USD;Extracommunity;45 days;True
FFCC181001;2018-03-01;PROV1485;2018-02-14;2018-03-04;15 days;Proveedor 386;IE;EUR;Intracommunity;20 days;True
FFCC181002;2018-03-01;PROV1485;2018-01-08;2018-03-04;52 days;Proveedor 386;IE;EUR;Intracommunity;20 days;False
FFCC181004;2018-03-01;PROV2017;2018-02-23;2018-03-04;6 days;Proveedor 843;CH;USD;Extracommunity;45 days;True
FFCC181007;2018-03-01;PROV1940;2018-01-18;2018-03-04;42 days;Proveedor 770;CH;USD;Extracommunity;45 days;True
FFCC181010;2018-03-01;PROV1014;2018-02-06;2018-03-04;23 days;Proveedor 171;ES;EUR;Spanish;10 days;False
FFCC181011;2018-03-23;PROV40000520;2018-02-08;2018-03-26;43 days;Proveedor 17;ES;EUR;Spanish;10 days;False
FFCC181012;2018-03-20;PROV1014;2018-02-21;2018-03-23;27 days;Proveedor 171;ES;EUR;Spanish;10 days;False
FFCC181013;2018-03-16;PROV40000520;2018-01-17;2018-03-19;58 days;Proveedor 17;ES;EUR;Spanish;10 days;False
FFCC181014;2018-03-31;PROV40001470;2018-03-07;2018-04-03;24 days;Proveedor 26;ES;EUR;Spanish;10 days;False
FFCC181015;2018-03-21;PROV1649;2018-01-25;2018-03-24;55 days;Proveedor 538;ES;EUR;Spanish;10 days;False
FFCC181016;2018-03-25;PROV40000187;2018-02-27;2018-03-28;26 days;Proveedor 13;ES;EUR;Spanish;10 days;False
FFCC181017;2018-03-31;PROV1938;2018-03-09;2018-04-03;22 days;Proveedor 768;ES;EUR;Spanish;10 days;False
FFCC181018;2018-03-12;PROV1485;2018-02-13;2018-03-15;27 days;Proveedor 386;IE;EUR;Intracommunity;20 days;False
FFCC181019;2018-03-05;PROV1003;2018-02-20;2018-03-08;13 days;Proveedor 165;CN;USD;Extracommunity;45 days;True
FFCC181020;2018-03-16;PROV1003;2018-02-07;2018-03-19;37 days;Proveedor 165;CN;USD;Extracommunity;45 days;True
FFCC181028;2018-03-31;PROV40002065;2018-03-13;2018-04-03;18 days;Proveedor 30;ES;EUR;Spanish;10 days;False
FFCC181029;2018-03-14;PROV40002220;2018-03-02;2018-03-17;12 days;Proveedor 36;ES;EUR;Spanish;10 days;False
FFCC181030;2018-03-09;PROV1876;2018-02-18;2018-03-12;19 days;Proveedor 712;ES;EUR;Spanish;10 days;False
FFCC181031;2018-03-28;PROV1876;2018-02-11;2018-03-31;45 days;Proveedor 712;ES;EUR;Spanish;10 days;False
FFCC181033;2018-03-19;PROV2063;2018-02-10;2018-03-22;37 days;Proveedor 889;ES;EUR;Spanish;10 days;False
FFCC181039;2018-03-24;PROV40002330;2018-02-15;2018-03-27;37 days;Proveedor 37;ES;EUR;Spanish;10 days;False
FFCC181040;2018-04-09;PROV41000980;2018-03-31;2018-04-12;9 days;Proveedor 110;ES;EUR;Spanish;10 days;True
FFCC181067;2018-03-01;PROV1733;2018-01-29;2018-03-04;31 days;Proveedor 592;CH;USD;Extracommunity;45 days;True
FFCC181069;2018-03-01;PROV2017;2018-01-31;2018-03-04;29 days;Proveedor 843;CH;USD;Extracommunity;45 days;True
FFCC181071;2018-03-23;PROV40000735;2018-03-05;2018-03-26;18 days;Proveedor 19;ES;EUR;Spanish;10 days;False
FFCC181127;2018-03-31;PROV40000520;2018-02-07;2018-04-03;52 days;Proveedor 17;ES;EUR;Spanish;10 days;False
FFCC181181;2018-03-08;PROV1734;2018-02-03;2018-03-11;33 days;Proveedor 593;ES;EUR;Spanish;10 days;False
FFCC181182;2018-03-06;PROV1734;2018-02-20;2018-03-09;14 days;Proveedor 593;ES;EUR;Spanish;10 days;False
FFCC181219;2018-04-13;PROV1734;2018-03-13;2018-04-16;31 days;Proveedor 593;ES;EUR;Spanish;10 days;False
FFCC181220;2018-04-01;PROV40000850;2018-02-15;2018-04-04;45 days;Proveedor 21;ES;EUR;Spanish;10 days;False
FFCC181221;2018-04-04;PROV1441;2018-03-31;2018-04-07;4 days;Proveedor 349;ES;EUR;Spanish;10 days;True
FFCC181222;2018-04-05;PROV1479;2018-03-18;2018-04-08;18 days;Proveedor 380;ES;EUR;Spanish;10 days;False
FFCC181223;2018-04-06;PROV40000500;2018-03-02;2018-04-09;35 days;Proveedor 16;ES;EUR;Spanish;10 days;False
FFCC181224;2018-04-07;PROV40002330;2018-03-07;2018-04-10;31 days;Proveedor 37;ES;EUR;Spanish;10 days;False
FFCC181225;2018-04-05;PROV40002330;2018-02-18;2018-04-08;46 days;Proveedor 37;ES;EUR;Spanish;10 days;False
FFCC181226;2018-04-09;PROV1876;2018-03-25;2018-04-12;15 days;Proveedor 712;ES;EUR;Spanish;10 days;False
FFCC181227;2018-04-05;PROV1938;2018-04-03;2018-04-08;2 days;Proveedor 768;ES;EUR;Spanish;10 days;True
FFCC181228;2018-04-09;PROV1014;2018-03-14;2018-04-12;26 days;Proveedor 171;ES;EUR;Spanish;10 days;False
FFCC181241;2018-04-01;PROV1428;2018-03-11;2018-04-04;21 days;Proveedor 341;CH;USD;Extracommunity;45 days;True
FFCC181244;2018-04-15;PROV1129;2018-03-28;2018-04-18;18 days;Proveedor 207;ES;EUR;Spanish;10 days;False
FFCC181245;2018-04-13;PROV40000500;2018-03-02;2018-04-16;42 days;Proveedor 16;ES;EUR;Spanish;10 days;False
FFCC181247;2018-04-15;PROV1900;2018-03-08;2018-04-18;38 days;Proveedor 732;ES;EUR;Spanish;10 days;False
FFCC181257;2018-04-11;PROV40001825;2018-02-28;2018-04-14;42 days;Proveedor 29;ES;EUR;Spanish;10 days;False
FFCC181260;2018-04-05;PROV1485;2018-03-08;2018-04-08;28 days;Proveedor 386;IE;EUR;Intracommunity;20 days;False
FFCC181262;2018-04-01;PROV1875;2018-02-07;2018-04-04;53 days;Proveedor 711;CH;USD;Extracommunity;45 days;False
FFCC181275;2018-04-13;PROV40000520;2018-02-20;2018-04-16;52 days;Proveedor 17;ES;EUR;Spanish;10 days;False
FFCC181276;2018-04-01;PROV1485;2018-02-12;2018-04-04;48 days;Proveedor 386;IE;EUR;Intracommunity;20 days;False
FFCC181279;2018-04-12;PROV1485;2018-03-21;2018-04-15;22 days;Proveedor 386;IE;EUR;Intracommunity;20 days;False
FFCC181280;2018-04-06;PROV1734;2018-03-30;2018-04-09;7 days;Proveedor 593;ES;EUR;Spanish;10 days;True
FFCC181281;2018-04-15;PROV40000850;2018-03-05;2018-04-18;41 days;Proveedor 21;ES;EUR;Spanish;10 days;False
FFCC181284;2018-04-11;PROV1441;2018-02-18;2018-04-14;52 days;Proveedor 349;ES;EUR;Spanish;10 days;False
FFCC181289;2018-04-09;PROV1976;2018-03-09;2018-04-12;31 days;Proveedor 804;IN;USD;Extracommunity;45 days;True
FFCC181292;2018-04-18;PROV1650;2018-03-21;2018-04-21;28 days;Proveedor 539;ES;EUR;Spanish;10 days;False
FFCC181299;2018-04-04;PROV41001800;2018-02-09;2018-04-07;54 days;Proveedor 164;ES;EUR;Spanish;10 days;False
FFCC181320;2018-04-18;PROV1441;2018-03-15;2018-04-21;34 days;Proveedor 349;ES;EUR;Spanish;10 days;False
FFCC181347;2018-04-01;PROV1485;2018-03-08;2018-04-04;24 days;Proveedor 386;IE;EUR;Intracommunity;20 days;False
FFCC181348;2018-04-04;PROV1756;2018-02-27;2018-04-07;36 days;Proveedor 603;IN;USD;Extracommunity;45 days;True
FFCC181352;2018-04-25;PROV40002720;2018-03-16;2018-04-28;40 days;Proveedor 38;ES;EUR;Spanish;10 days;False
FFCC181353;2018-04-02;PROV40000500;2018-03-06;2018-04-05;27 days;Proveedor 16;ES;EUR;Spanish;10 days;False
FFCC181354;2018-04-16;PROV40001000;2018-03-04;2018-04-19;43 days;Proveedor 24;FR;EUR;Intracommunity;20 days;False
FFCC181355;2018-05-02;PROV40000520;2018-04-01;2018-05-05;31 days;Proveedor 17;ES;EUR;Spanish;10 days;False
FFCC181372;2018-04-20;PROV1397;2018-03-16;2018-04-23;35 days;Proveedor 321;PE;USD;Extracommunity;45 days;True
FFCC181373;2018-04-21;PROV40002330;2018-03-09;2018-04-24;43 days;Proveedor 37;ES;EUR;Spanish;10 days;False
FFCC181384;2018-04-30;PROV41000980;2018-03-17;2018-05-03;44 days;Proveedor 110;ES;EUR;Spanish;10 days;False
FFCC181392;2018-04-30;PROV40000850;2018-04-10;2018-05-03;20 days;Proveedor 21;ES;EUR;Spanish;10 days;False
FFCC181393;2018-04-30;PROV40000520;2018-03-20;2018-05-03;41 days;Proveedor 17;ES;EUR;Spanish;10 days;False
FFCC181395;2018-04-23;PROV40000187;2018-03-30;2018-04-26;24 days;Proveedor 13;ES;EUR;Spanish;10 days;False
FFCC181409;2018-04-30;PROV40002065;2018-04-02;2018-05-03;28 days;Proveedor 30;ES;EUR;Spanish;10 days;False
FFCC181410;2018-04-25;PROV1441;2018-04-03;2018-04-28;22 days;Proveedor 349;ES;EUR;Spanish;10 days;False
FFCC181417;2018-04-01;PROV1003;2018-02-14;2018-04-04;46 days;Proveedor 165;CN;USD;Extracommunity;45 days;False
FFCC181420;2018-04-30;PROV40002330;2018-04-09;2018-05-03;21 days;Proveedor 37;ES;EUR;Spanish;10 days;False
FFCC181510;2018-05-05;PROV40002330;2018-04-05;2018-05-08;30 days;Proveedor 37;ES;EUR;Spanish;10 days;False
FFCC181512;2018-05-01;PROV1976;2018-03-08;2018-05-04;54 days;Proveedor 804;IN;USD;Extracommunity;45 days;False
FFCC181514;2018-05-04;PROV40000520;2018-04-03;2018-05-07;31 days;Proveedor 17;ES;EUR;Spanish;10 days;False
FFCC181515;2018-05-07;PROV1484;2018-03-11;2018-05-10;57 days;Proveedor 385;ES;EUR;Spanish;10 days;False
FFCC181517;2018-04-30;PROV1938;2018-04-19;2018-05-03;11 days;Proveedor 768;ES;EUR;Spanish;10 days;False
FFCC181546;2018-04-27;PROV1014;2018-04-12;2018-04-30;15 days;Proveedor 171;ES;EUR;Spanish;10 days;False
FFCC181553;2018-05-01;PROV40001000;2018-04-05;2018-05-04;26 days;Proveedor 24;FR;EUR;Intracommunity;20 days;False
FFCC181555;2018-05-01;PROV1485;2018-03-27;2018-05-04;35 days;Proveedor 386;IE;EUR;Intracommunity;20 days;False
FFCC181559;2018-04-27;PROV40002220;2018-03-18;2018-04-30;40 days;Proveedor 36;ES;EUR;Spanish;10 days;False
FFCC181561;2018-05-01;PROV1397;2018-04-16;2018-05-04;15 days;Proveedor 321;PE;USD;Extracommunity;45 days;True
FFCC181562;2018-04-01;PROV1875;2018-03-13;2018-04-04;19 days;Proveedor 711;CH;USD;Extracommunity;45 days;True
FFCC181565;2018-05-04;PROV1756;2018-04-06;2018-05-07;28 days;Proveedor 603;IN;USD;Extracommunity;45 days;True
FFCC181570;2018-05-08;PROV1170;2018-04-14;2018-05-11;24 days;Proveedor 221;ES;EUR;Spanish;10 days;False
FFCC181571;2018-05-02;PROV40001825;2018-04-02;2018-05-05;30 days;Proveedor 29;ES;EUR;Spanish;10 days;False
FFCC181572;2018-05-03;PROV40001825;2018-04-19;2018-05-06;14 days;Proveedor 29;ES;EUR;Spanish;10 days;False
FFCC181577;2018-05-02;PROV40001000;2018-04-01;2018-05-05;31 days;Proveedor 24;FR;EUR;Intracommunity;20 days;False
FFCC181578;2018-05-12;PROV40000850;2018-04-22;2018-05-15;20 days;Proveedor 21;ES;EUR;Spanish;10 days;False
FFCC181581;2018-05-09;PROV1441;2018-04-15;2018-05-12;24 days;Proveedor 349;ES;EUR;Spanish;10 days;False
FFCC181584;2018-05-15;PROV1485;2018-04-22;2018-05-18;23 days;Proveedor 386;IE;EUR;Intracommunity;20 days;False
FFCC181591;2018-05-15;PROV40001470;2018-04-02;2018-05-18;43 days;Proveedor 26;ES;EUR;Spanish;10 days;False
FFCC181596;2018-05-14;PROV1650;2018-03-20;2018-05-17;55 days;Proveedor 539;ES;EUR;Spanish;10 days;False
FFCC181603;2018-05-15;PROV1129;2018-05-07;2018-05-18;8 days;Proveedor 207;ES;EUR;Spanish;10 days;True
FFCC181605;2018-05-10;PROV1876;2018-04-13;2018-05-13;27 days;Proveedor 712;ES;EUR;Spanish;10 days;False
FFCC181653;2018-05-01;PROV1585;2018-03-26;2018-05-04;36 days;Proveedor 479;CH;USD;Extracommunity;45 days;True
FFCC181658;2018-05-01;PROV1964;2018-03-26;2018-05-04;36 days;Proveedor 792;CH;USD;Extracommunity;45 days;True
FFCC181661;2018-05-01;PROV1003;2018-03-25;2018-05-04;37 days;Proveedor 165;CN;USD;Extracommunity;45 days;True
FFCC181666;2018-05-15;PROV1465;2018-05-01;2018-05-18;14 days;Proveedor 368;ES;EUR;Spanish;10 days;False
FFCC181676;2018-05-01;PROV40000500;2018-03-27;2018-05-04;35 days;Proveedor 16;ES;EUR;Spanish;10 days;False
FFCC181679;2018-05-08;PROV1734;2018-04-01;2018-05-11;37 days;Proveedor 593;ES;EUR;Spanish;10 days;False
FFCC181681;2018-05-19;PROV40000850;2018-04-23;2018-05-22;26 days;Proveedor 21;ES;EUR;Spanish;10 days;False
FFCC181685;2018-05-11;PROV1397;2018-04-12;2018-05-14;29 days;Proveedor 321;PE;USD;Extracommunity;45 days;True
FFCC181686;2018-05-18;PROV40000500;2018-05-07;2018-05-21;11 days;Proveedor 16;ES;EUR;Spanish;10 days;False
FFCC181694;2018-05-12;PROV40002330;2018-03-21;2018-05-15;52 days;Proveedor 37;ES;EUR;Spanish;10 days;False
FFCC181697;2018-05-16;PROV1441;2018-05-02;2018-05-19;14 days;Proveedor 349;ES;EUR;Spanish;10 days;False
FFCC181702;2018-05-20;PROV1795;2018-04-04;2018-05-23;46 days;Proveedor 7;ES;EUR;Spanish;10 days;False
FFCC181704;2018-05-18;PROV1485;2018-04-05;2018-05-21;43 days;Proveedor 386;IE;EUR;Intracommunity;20 days;False
FFCC181707;2018-05-15;PROV1014;2018-04-18;2018-05-18;27 days;Proveedor 171;ES;EUR;Spanish;10 days;False
FFCC181708;2018-05-16;PROV1014;2018-05-07;2018-05-19;9 days;Proveedor 171;ES;EUR;Spanish;10 days;True
FFCC181709;2018-05-15;PROV1014;2018-04-18;2018-05-18;27 days;Proveedor 171;ES;EUR;Spanish;10 days;False
FFCC181722;2018-05-19;PROV40002330;2018-04-19;2018-05-22;30 days;Proveedor 37;ES;EUR;Spanish;10 days;False
FFCC181725;2018-05-25;PROV40002720;2018-04-24;2018-05-28;31 days;Proveedor 38;ES;EUR;Spanish;10 days;False
FFCC181734;2018-05-25;PROV40000520;2018-04-20;2018-05-28;35 days;Proveedor 17;ES;EUR;Spanish;10 days;False
FFCC181737;2018-05-24;PROV1938;2018-05-09;2018-05-27;15 days;Proveedor 768;ES;EUR;Spanish;10 days;False
FFCC181738;2018-05-22;PROV2101;2018-04-29;2018-05-25;23 days;Proveedor 927;ES;EUR;Spanish;10 days;False
FFCC181757;2018-05-25;PROV40000850;2018-04-02;2018-05-28;53 days;Proveedor 21;ES;EUR;Spanish;10 days;False
FFCC181761;2018-05-01;PROV1485;2018-03-23;2018-05-04;39 days;Proveedor 386;IE;EUR;Intracommunity;20 days;False
FFCC181763;2018-05-22;PROV1940;2018-05-07;2018-05-25;15 days;Proveedor 770;CH;USD;Extracommunity;45 days;True
FFCC181767;2018-05-22;PROV1485;2018-05-16;2018-05-25;6 days;Proveedor 386;IE;EUR;Intracommunity;20 days;True
FFCC181776;2018-05-22;PROV1485;2018-04-15;2018-05-25;37 days;Proveedor 386;IE;EUR;Intracommunity;20 days;False
FFCC181782;2018-05-25;PROV40002330;2018-05-05;2018-05-28;20 days;Proveedor 37;ES;EUR;Spanish;10 days;False
FFCC181798;2018-05-18;PROV1014;2018-04-28;2018-05-21;20 days;Proveedor 171;ES;EUR;Spanish;10 days;False
FFCC181810;2018-05-30;PROV40002720;2018-04-10;2018-06-02;50 days;Proveedor 38;ES;EUR;Spanish;10 days;False
FFCC181821;2018-05-31;PROV40002065;2018-05-12;2018-06-03;19 days;Proveedor 30;ES;EUR;Spanish;10 days;False
FFCC181838;2018-05-18;PROV40000520;2018-04-18;2018-05-21;30 days;Proveedor 17;ES;EUR;Spanish;10 days;False
FFCC181839;2018-05-31;PROV40000520;2018-05-08;2018-06-03;23 days;Proveedor 17;ES;EUR;Spanish;10 days;False
FFCC181848;2018-05-31;PROV1938;2018-04-21;2018-06-03;40 days;Proveedor 768;ES;EUR;Spanish;10 days;False
FFCC181850;2018-05-01;PROV1475;2018-03-26;2018-05-04;36 days;Proveedor 376;CH;USD;Extracommunity;45 days;True
FFCC181855;2018-05-31;PROV40000850;2018-05-07;2018-06-03;24 days;Proveedor 21;ES;EUR;Spanish;10 days;False
FFCC181858;2018-06-05;PROV1129;2018-05-20;2018-06-08;16 days;Proveedor 207;ES;EUR;Spanish;10 days;False
FFCC181867;2018-05-01;PROV1816;2018-04-02;2018-05-04;29 days;Proveedor 661;CH;USD;Extracommunity;45 days;True
FFCC181900;2018-05-30;PROV1441;2018-04-19;2018-06-02;41 days;Proveedor 349;ES;EUR;Spanish;10 days;False
FFCC181902;2018-05-25;PROV40000187;2018-04-26;2018-05-28;29 days;Proveedor 13;ES;EUR;Spanish;10 days;False
FFCC181903;2018-05-15;PROV40000187;2018-03-21;2018-05-18;55 days;Proveedor 13;ES;EUR;Spanish;10 days;False
FFCC181907;2018-05-31;PROV40000187;2018-04-16;2018-06-03;45 days;Proveedor 13;ES;EUR;Spanish;10 days;False
FFCC181913;2018-05-31;PROV1129;2018-05-04;2018-06-03;27 days;Proveedor 207;ES;EUR;Spanish;10 days;False
FFCC181914;2018-05-11;PROV40000520;2018-04-04;2018-05-14;37 days;Proveedor 17;ES;EUR;Spanish;10 days;False
FFCC181918;2018-06-07;PROV2094;2018-05-22;2018-06-10;16 days;Proveedor 920;ES;EUR;Spanish;10 days;False
FFCC181921;2018-05-31;PROV1895;2018-05-02;2018-06-03;29 days;Proveedor 8;ES;EUR;Spanish;10 days;False
FFCC181926;2018-05-16;PROV40001825;2018-04-17;2018-05-19;29 days;Proveedor 29;ES;EUR;Spanish;10 days;False
FFCC181934;2018-06-08;PROV41000980;2018-05-05;2018-06-11;34 days;Proveedor 110;ES;EUR;Spanish;10 days;False
FFCC181936;2018-06-08;PROV1734;2018-05-01;2018-06-11;38 days;Proveedor 593;ES;EUR;Spanish;10 days;False
FFCC181937;2018-05-31;PROV40002220;2018-05-14;2018-06-03;17 days;Proveedor 36;ES;EUR;Spanish;10 days;False
FFCC181945;2018-06-02;PROV40002330;2018-04-23;2018-06-05;40 days;Proveedor 37;ES;EUR;Spanish;10 days;False
FFCC181967;2018-05-31;PROV1014;2018-05-07;2018-06-03;24 days;Proveedor 171;ES;EUR;Spanish;10 days;False
FFCC181968;2018-06-07;PROV1650;2018-04-17;2018-06-10;51 days;Proveedor 539;ES;EUR;Spanish;10 days;False
FFCC181987;2018-06-05;PROV1756;2018-05-24;2018-06-08;12 days;Proveedor 603;IN;USD;Extracommunity;45 days;True
FFCC181990;2018-06-01;PROV40000500;2018-04-27;2018-06-04;35 days;Proveedor 16;ES;EUR;Spanish;10 days;False
FFCC181993;2018-06-07;PROV1938;2018-05-29;2018-06-10;9 days;Proveedor 768;ES;EUR;Spanish;10 days;True
FFCC182001;2018-06-08;PROV40000520;2018-05-10;2018-06-11;29 days;Proveedor 17;ES;EUR;Spanish;10 days;False
FFCC182002;2018-06-08;PROV40000850;2018-05-28;2018-06-11;11 days;Proveedor 21;ES;EUR;Spanish;10 days;False
FFCC182010;2018-06-15;PROV40001470;2018-05-28;2018-06-18;18 days;Proveedor 26;ES;EUR;Spanish;10 days;False
FFCC182050;2018-06-15;PROV40000520;2018-05-05;2018-06-18;41 days;Proveedor 17;ES;EUR;Spanish;10 days;False
FFCC182052;2018-06-15;PROV40000850;2018-05-07;2018-06-18;39 days;Proveedor 21;ES;EUR;Spanish;10 days;False
FFCC182053;2018-06-07;PROV1397;2018-05-01;2018-06-10;37 days;Proveedor 321;PE;USD;Extracommunity;45 days;True
FFCC182055;2018-06-01;PROV1398;2018-05-12;2018-06-04;20 days;Proveedor 322;CH;USD;Extracommunity;45 days;True
FFCC182058;2018-06-14;PROV1938;2018-05-14;2018-06-17;31 days;Proveedor 768;ES;EUR;Spanish;10 days;False
FFCC182059;2018-06-01;PROV1485;2018-05-12;2018-06-04;20 days;Proveedor 386;IE;EUR;Intracommunity;20 days;True
FFCC182086;2018-06-01;PROV1475;2018-05-27;2018-06-04;5 days;Proveedor 376;CH;USD;Extracommunity;45 days;True
FFCC182096;2018-06-01;PROV1976;2018-05-14;2018-06-04;18 days;Proveedor 804;IN;USD;Extracommunity;45 days;True
FFCC182097;2018-06-15;PROV1465;2018-05-09;2018-06-18;37 days;Proveedor 368;ES;EUR;Spanish;10 days;False
FFCC182103;2018-06-01;PROV40001000;2018-05-24;2018-06-04;8 days;Proveedor 24;FR;EUR;Intracommunity;20 days;True
FFCC182104;2018-06-01;PROV40001000;2018-05-20;2018-06-04;12 days;Proveedor 24;FR;EUR;Intracommunity;20 days;True
FFCC182105;2018-06-12;PROV1014;2018-05-10;2018-06-15;33 days;Proveedor 171;ES;EUR;Spanish;10 days;False
FFCC182106;2018-06-12;PROV1014;2018-05-01;2018-06-15;42 days;Proveedor 171;ES;EUR;Spanish;10 days;False
FFCC182107;2018-06-15;PROV1900;2018-04-29;2018-06-18;47 days;Proveedor 732;ES;EUR;Spanish;10 days;False
FFCC182111;2018-06-06;PROV1649;2018-05-12;2018-06-09;25 days;Proveedor 538;ES;EUR;Spanish;10 days;False
FFCC182113;2018-06-11;PROV1875;2018-05-14;2018-06-14;28 days;Proveedor 711;CH;USD;Extracommunity;45 days;True
FFCC182115;2018-06-14;PROV1397;2018-04-29;2018-06-17;46 days;Proveedor 321;PE;USD;Extracommunity;45 days;False
FFCC182121;2018-06-22;PROV40000520;2018-06-01;2018-06-25;21 days;Proveedor 17;ES;EUR;Spanish;10 days;False
FFCC182129;2018-06-25;PROV40002720;2018-05-27;2018-06-28;29 days;Proveedor 38;ES;EUR;Spanish;10 days;False
FFCC182132;2018-06-22;PROV40000850;2018-06-02;2018-06-25;20 days;Proveedor 21;ES;EUR;Spanish;10 days;False
FFCC182138;2018-06-16;PROV40002330;2018-06-06;2018-06-19;10 days;Proveedor 37;ES;EUR;Spanish;10 days;True
FFCC182140;2018-06-01;PROV1585;2018-04-24;2018-06-04;38 days;Proveedor 479;CH;USD;Extracommunity;45 days;True
FFCC182144;2018-06-01;PROV1003;2018-05-15;2018-06-04;17 days;Proveedor 165;CN;USD;Extracommunity;45 days;True
FFCC182146;2018-06-13;PROV1441;2018-05-01;2018-06-16;43 days;Proveedor 349;ES;EUR;Spanish;10 days;False
FFCC182160;2018-06-23;PROV40002330;2018-05-03;2018-06-26;51 days;Proveedor 37;ES;EUR;Spanish;10 days;False
FFCC182163;2018-06-25;PROV40000187;2018-06-14;2018-06-28;11 days;Proveedor 13;ES;EUR;Spanish;10 days;False
FFCC182164;2018-06-15;PROV40000187;2018-06-06;2018-06-18;9 days;Proveedor 13;ES;EUR;Spanish;10 days;True
FFCC182185;2018-06-21;PROV1938;2018-05-16;2018-06-24;36 days;Proveedor 768;ES;EUR;Spanish;10 days;False
FFCC182186;2018-06-29;PROV1558;2018-06-19;2018-07-02;10 days;Proveedor 453;ES;EUR;Spanish;10 days;True
FFCC182196;2018-06-30;PROV40001470;2018-05-27;2018-07-03;34 days;Proveedor 26;ES;EUR;Spanish;10 days;False
FFCC182200;2018-06-30;PROV40002065;2018-06-16;2018-07-03;14 days;Proveedor 30;ES;EUR;Spanish;10 days;False
FFCC182206;2018-06-30;PROV40000850;2018-05-07;2018-07-03;54 days;Proveedor 21;ES;EUR;Spanish;10 days;False
FFCC182208;2018-06-27;PROV1441;2018-06-01;2018-06-30;26 days;Proveedor 349;ES;EUR;Spanish;10 days;False
FFCC182214;2018-06-30;PROV1129;2018-05-09;2018-07-03;52 days;Proveedor 207;ES;EUR;Spanish;10 days;False
FFCC182216;2018-06-22;PROV40000500;2018-06-05;2018-06-25;17 days;Proveedor 16;ES;EUR;Spanish;10 days;False
FFCC182218;2018-06-20;PROV1027;2018-05-01;2018-06-23;50 days;Proveedor 178;ES;EUR;Spanish;10 days;False
FFCC182222;2018-06-01;PROV1936;2018-05-05;2018-06-04;27 days;Proveedor 766;CH;USD;Extracommunity;45 days;True
FFCC182225;2018-06-01;PROV1485;2018-04-30;2018-06-04;32 days;Proveedor 386;IE;EUR;Intracommunity;20 days;False
FFCC182227;2018-06-25;PROV2017;2018-05-01;2018-06-28;55 days;Proveedor 843;CH;USD;Extracommunity;45 days;False
FFCC182229;2018-06-29;PROV1528;2018-05-31;2018-07-02;29 days;Proveedor 425;ES;EUR;Spanish;10 days;False
FFCC182238;2018-06-29;PROV1027;2018-06-01;2018-07-02;28 days;Proveedor 178;ES;EUR;Spanish;10 days;False
FFCC182241;2018-06-28;PROV1976;2018-06-06;2018-07-01;22 days;Proveedor 804;IN;USD;Extracommunity;45 days;True
FFCC182262;2018-06-01;PROV1875;2018-04-24;2018-06-04;38 days;Proveedor 711;CH;USD;Extracommunity;45 days;True
FFCC182266;2018-06-29;PROV40000500;2018-06-25;2018-07-02;4 days;Proveedor 16;ES;EUR;Spanish;10 days;True
FFCC182299;2018-06-29;PROV1485;2018-06-18;2018-07-02;11 days;Proveedor 386;IE;EUR;Intracommunity;20 days;True
FFCC182328;2018-06-30;PROV40000187;2018-05-28;2018-07-03;33 days;Proveedor 13;ES;EUR;Spanish;10 days;False
FFCC182331;2018-06-01;PROV1475;2018-05-10;2018-06-04;22 days;Proveedor 376;CH;USD;Extracommunity;45 days;True
FFCC182334;2018-06-29;PROV1484;2018-06-14;2018-07-02;15 days;Proveedor 385;ES;EUR;Spanish;10 days;False
FFCC182335;2018-06-27;PROV1585;2018-05-12;2018-06-30;46 days;Proveedor 479;CH;USD;Extracommunity;45 days;False
FFCC182338;2018-06-01;PROV1734;2018-05-19;2018-06-04;13 days;Proveedor 593;ES;EUR;Spanish;10 days;False
FFCC182339;2018-06-25;PROV40002220;2018-06-20;2018-06-28;5 days;Proveedor 36;ES;EUR;Spanish;10 days;True
FFCC182341;2018-06-30;PROV41000980;2018-05-18;2018-07-03;43 days;Proveedor 110;ES;EUR;Spanish;10 days;False
FFCC182347;2018-06-30;PROV40000520;2018-05-20;2018-07-03;41 days;Proveedor 17;ES;EUR;Spanish;10 days;False
FFCC182350;2018-06-01;PROV1428;2018-05-03;2018-06-04;29 days;Proveedor 341;CH;USD;Extracommunity;45 days;True
FFCC182351;2018-06-14;PROV1428;2018-06-01;2018-06-17;13 days;Proveedor 341;CH;USD;Extracommunity;45 days;True
FFCC182353;2018-06-01;PROV1398;2018-04-24;2018-06-04;38 days;Proveedor 322;CH;USD;Extracommunity;45 days;True
FFCC182381;2018-07-01;PROV40001825;2018-05-16;2018-07-04;46 days;Proveedor 29;ES;EUR;Spanish;10 days;False
FFCC182382;2018-07-01;PROV40001825;2018-05-07;2018-07-04;55 days;Proveedor 29;ES;EUR;Spanish;10 days;False
FFCC182383;2018-07-06;PROV40000520;2018-05-30;2018-07-09;37 days;Proveedor 17;ES;EUR;Spanish;10 days;False
FFCC182386;2018-07-15;PROV40000520;2018-06-15;2018-07-18;30 days;Proveedor 17;ES;EUR;Spanish;10 days;False
FFCC182389;2018-07-06;PROV40000850;2018-06-02;2018-07-09;34 days;Proveedor 21;ES;EUR;Spanish;10 days;False
FFCC182392;2018-07-15;PROV1129;2018-06-14;2018-07-18;31 days;Proveedor 207;ES;EUR;Spanish;10 days;False
FFCC182396;2018-07-01;PROV1014;2018-05-16;2018-07-04;46 days;Proveedor 171;ES;EUR;Spanish;10 days;False
FFCC182401;2018-07-18;PROV1585;2018-06-13;2018-07-21;35 days;Proveedor 479;CH;USD;Extracommunity;45 days;True
FFCC182403;2018-07-15;PROV40000850;2018-06-25;2018-07-18;20 days;Proveedor 21;ES;EUR;Spanish;10 days;False
FFCC182407;2018-07-06;PROV40000500;2018-06-02;2018-07-09;34 days;Proveedor 16;ES;EUR;Spanish;10 days;False
FFCC182408;2018-07-01;PROV1485;2018-05-07;2018-07-04;55 days;Proveedor 386;IE;EUR;Intracommunity;20 days;False
FFCC182410;2018-07-06;PROV1976;2018-06-14;2018-07-09;22 days;Proveedor 804;IN;USD;Extracommunity;45 days;True
FFCC182413;2018-07-02;PROV1756;2018-05-15;2018-07-05;48 days;Proveedor 603;IN;USD;Extracommunity;45 days;False
FFCC182414;2018-07-01;PROV1875;2018-05-26;2018-07-04;36 days;Proveedor 711;CH;USD;Extracommunity;45 days;True
FFCC182416;2018-07-01;PROV1398;2018-05-24;2018-07-04;38 days;Proveedor 322;CH;USD;Extracommunity;45 days;True
FFCC182419;2018-07-01;PROV1428;2018-05-28;2018-07-04;34 days;Proveedor 341;CH;USD;Extracommunity;45 days;True
FFCC182423;2018-07-01;PROV1485;2018-05-30;2018-07-04;32 days;Proveedor 386;IE;EUR;Intracommunity;20 days;False
FFCC182426;2018-07-01;PROV2017;2018-05-21;2018-07-04;41 days;Proveedor 843;CH;USD;Extracommunity;45 days;True
FFCC182433;2018-07-01;PROV1964;2018-06-13;2018-07-04;18 days;Proveedor 792;CH;USD;Extracommunity;45 days;True
FFCC182436;2018-07-09;PROV40002330;2018-06-29;2018-07-12;10 days;Proveedor 37;ES;EUR;Spanish;10 days;True
FFCC182438;2018-07-13;PROV1650;2018-06-08;2018-07-16;35 days;Proveedor 539;ES;EUR;Spanish;10 days;False
FFCC182450;2018-07-13;PROV40000500;2018-06-11;2018-07-16;32 days;Proveedor 16;ES;EUR;Spanish;10 days;False
FFCC182452;2018-07-06;PROV1734;2018-05-23;2018-07-09;44 days;Proveedor 593;ES;EUR;Spanish;10 days;False
FFCC182453;2018-07-05;PROV1734;2018-06-21;2018-07-08;14 days;Proveedor 593;ES;EUR;Spanish;10 days;False
FFCC182455;2018-07-06;PROV1397;2018-06-27;2018-07-09;9 days;Proveedor 321;PE;USD;Extracommunity;45 days;True
FFCC182457;2018-07-01;PROV40001000;2018-05-14;2018-07-04;48 days;Proveedor 24;FR;EUR;Intracommunity;20 days;False
FFCC182458;2018-07-11;PROV40001000;2018-06-05;2018-07-14;36 days;Proveedor 24;FR;EUR;Intracommunity;20 days;False
FFCC182459;2018-07-12;PROV1938;2018-06-18;2018-07-15;24 days;Proveedor 768;ES;EUR;Spanish;10 days;False
FFCC182465;2018-07-20;PROV1734;2018-06-23;2018-07-23;27 days;Proveedor 593;ES;EUR;Spanish;10 days;False
FFCC182472;2018-07-14;PROV40002330;2018-05-27;2018-07-17;48 days;Proveedor 37;ES;EUR;Spanish;10 days;False
FFCC182475;2018-07-15;PROV1900;2018-06-25;2018-07-18;20 days;Proveedor 732;ES;EUR;Spanish;10 days;False
FFCC182476;2018-07-15;PROV1895;2018-06-19;2018-07-18;26 days;Proveedor 8;ES;EUR;Spanish;10 days;False
FFCC182484;2018-07-01;PROV1964;2018-05-12;2018-07-04;50 days;Proveedor 792;CH;USD;Extracommunity;45 days;False
FFCC182485;2018-07-20;PROV40000500;2018-05-30;2018-07-23;51 days;Proveedor 16;ES;EUR;Spanish;10 days;False
FFCC182486;2018-07-03;PROV2093;2018-05-29;2018-07-06;35 days;Proveedor 919;ES;EUR;Spanish;10 days;False
FFCC182487;2018-07-17;PROV1014;2018-06-17;2018-07-20;30 days;Proveedor 171;ES;EUR;Spanish;10 days;False
FFCC182489;2018-07-20;PROV40000520;2018-07-10;2018-07-23;10 days;Proveedor 17;ES;EUR;Spanish;10 days;True
FFCC182492;2018-07-24;PROV2101;2018-06-17;2018-07-27;37 days;Proveedor 927;ES;EUR;Spanish;10 days;False
FFCC182493;2018-07-23;PROV1650;2018-06-19;2018-07-26;34 days;Proveedor 539;ES;EUR;Spanish;10 days;False
FFCC182494;2018-07-25;PROV40002720;2018-07-10;2018-07-28;15 days;Proveedor 38;ES;EUR;Spanish;10 days;False
FFCC182495;2018-07-01;PROV1585;2018-05-12;2018-07-04;50 days;Proveedor 479;CH;USD;Extracommunity;45 days;False
FFCC182500;2018-07-19;PROV40002220;2018-07-08;2018-07-22;11 days;Proveedor 36;ES;EUR;Spanish;10 days;False
FFCC182524;2018-07-01;PROV41001142;2018-06-05;2018-07-04;26 days;Proveedor 123;ES;EUR;Spanish;10 days;False
FFCC182525;2018-07-17;PROV1756;2018-05-26;2018-07-20;52 days;Proveedor 603;IN;USD;Extracommunity;45 days;False
FFCC182526;2018-07-01;PROV1940;2018-06-09;2018-07-04;22 days;Proveedor 770;CH;USD;Extracommunity;45 days;True
FFCC182529;2018-07-11;PROV40001000;2018-06-20;2018-07-14;21 days;Proveedor 24;FR;EUR;Intracommunity;20 days;False
FFCC182530;2018-07-01;PROV1398;2018-05-11;2018-07-04;51 days;Proveedor 322;CH;USD;Extracommunity;45 days;False
FFCC182535;2018-07-01;PROV1964;2018-06-10;2018-07-04;21 days;Proveedor 792;CH;USD;Extracommunity;45 days;True
FFCC182539;2018-07-20;PROV1397;2018-06-27;2018-07-23;23 days;Proveedor 321;PE;USD;Extracommunity;45 days;True
FFCC182540;2018-07-01;PROV1475;2018-06-05;2018-07-04;26 days;Proveedor 376;CH;USD;Extracommunity;45 days;True
FFCC182543;2018-07-17;PROV40001825;2018-06-06;2018-07-20;41 days;Proveedor 29;ES;EUR;Spanish;10 days;False
FFCC182544;2018-07-27;PROV40002720;2018-06-18;2018-07-30;39 days;Proveedor 38;ES;EUR;Spanish;10 days;False
FFCC182545;2018-07-27;PROV40000850;2018-06-14;2018-07-30;43 days;Proveedor 21;ES;EUR;Spanish;10 days;False
FFCC182547;2018-07-21;PROV40002330;2018-07-08;2018-07-24;13 days;Proveedor 37;ES;EUR;Spanish;10 days;False
FFCC182548;2018-07-20;PROV1465;2018-06-14;2018-07-23;36 days;Proveedor 368;ES;EUR;Spanish;10 days;False
FFCC182549;2018-07-25;PROV1465;2018-06-25;2018-07-28;30 days;Proveedor 368;ES;EUR;Spanish;10 days;False
FFCC182563;2018-07-01;PROV1585;2018-06-27;2018-07-04;4 days;Proveedor 479;CH;USD;Extracommunity;45 days;True
FFCC182582;2018-07-20;PROV1014;2018-07-05;2018-07-23;15 days;Proveedor 171;ES;EUR;Spanish;10 days;False
FFCC182584;2018-07-26;PROV1938;2018-07-03;2018-07-29;23 days;Proveedor 768;ES;EUR;Spanish;10 days;False
FFCC182587;2018-07-27;PROV40000500;2018-07-13;2018-07-30;14 days;Proveedor 16;ES;EUR;Spanish;10 days;False
FFCC182588;2018-07-25;PROV1441;2018-06-22;2018-07-28;33 days;Proveedor 349;ES;EUR;Spanish;10 days;False
FFCC182589;2018-07-05;PROV1649;2018-05-14;2018-07-08;52 days;Proveedor 538;ES;EUR;Spanish;10 days;False
FFCC182590;2018-07-27;PROV1649;2018-07-15;2018-07-30;12 days;Proveedor 538;ES;EUR;Spanish;10 days;False
FFCC182592;2018-07-27;PROV40002330;2018-07-13;2018-07-30;14 days;Proveedor 37;ES;EUR;Spanish;10 days;False
FFCC182603;2018-07-31;PROV41000980;2018-07-10;2018-08-03;21 days;Proveedor 110;ES;EUR;Spanish;10 days;False
FFCC182604;2018-07-31;PROV40002065;2018-06-30;2018-08-03;31 days;Proveedor 30;ES;EUR;Spanish;10 days;False
FFCC182607;2018-07-26;PROV1976;2018-06-04;2018-07-29;52 days;Proveedor 804;IN;USD;Extracommunity;45 days;False
FFCC182608;2018-07-01;PROV1551;2018-05-18;2018-07-04;44 days;Proveedor 447;CH;USD;Extracommunity;45 days;True
FFCC182611;2018-07-31;PROV40000520;2018-07-10;2018-08-03;21 days;Proveedor 17;ES;EUR;Spanish;10 days;False
FFCC182612;2018-07-18;PROV1734;2018-06-01;2018-07-21;47 days;Proveedor 593;ES;EUR;Spanish;10 days;False
FFCC182613;2018-07-01;PROV1003;2018-06-22;2018-07-04;9 days;Proveedor 165;CN;USD;Extracommunity;45 days;True
FFCC182614;2018-07-31;PROV40001470;2018-07-25;2018-08-03;6 days;Proveedor 26;ES;EUR;Spanish;10 days;True
FFCC182615;2018-07-20;PROV40000187;2018-06-16;2018-07-23;34 days;Proveedor 13;ES;EUR;Spanish;10 days;False
FFCC182618;2018-07-31;PROV1323;2018-07-23;2018-08-03;8 days;Proveedor 281;ES;EUR;Spanish;10 days;True
FFCC182621;2018-07-31;PROV1129;2018-07-17;2018-08-03;14 days;Proveedor 207;ES;EUR;Spanish;10 days;False
FFCC182622;2018-07-01;PROV2017;2018-05-12;2018-07-04;50 days;Proveedor 843;CH;USD;Extracommunity;45 days;False
FFCC182624;2018-07-27;PROV1485;2018-06-20;2018-07-30;37 days;Proveedor 386;IE;EUR;Intracommunity;20 days;False
FFCC182626;2018-07-31;PROV1558;2018-07-04;2018-08-03;27 days;Proveedor 453;ES;EUR;Spanish;10 days;False
FFCC182627;2018-07-01;PROV1475;2018-06-04;2018-07-04;27 days;Proveedor 376;CH;USD;Extracommunity;45 days;True
FFCC182671;2018-07-17;PROV41001800;2018-06-05;2018-07-20;42 days;Proveedor 164;ES;EUR;Spanish;10 days;False
FFCC182690;2018-08-01;PROV40001000;2018-07-07;2018-08-04;25 days;Proveedor 24;FR;EUR;Intracommunity;20 days;False
FFCC182721;2018-08-02;PROV40001000;2018-06-15;2018-08-05;48 days;Proveedor 24;FR;EUR;Intracommunity;20 days;False
FFCC182724;2018-08-01;PROV1014;2018-06-12;2018-08-04;50 days;Proveedor 171;ES;EUR;Spanish;10 days;False
FFCC182727;2018-08-02;PROV1484;2018-07-12;2018-08-05;21 days;Proveedor 385;ES;EUR;Spanish;10 days;False
FFCC182735;2018-08-08;PROV1734;2018-07-30;2018-08-11;9 days;Proveedor 593;ES;EUR;Spanish;10 days;True
FFCC182748;2018-08-04;PROV1734;2018-06-14;2018-08-07;51 days;Proveedor 593;ES;EUR;Spanish;10 days;False
FFCC182766;2018-08-08;PROV40001000;2018-06-25;2018-08-11;44 days;Proveedor 24;FR;EUR;Intracommunity;20 days;False
FFCC182779;2018-08-01;PROV1938;2018-06-29;2018-08-04;33 days;Proveedor 768;ES;EUR;Spanish;10 days;False
FFCC182780;2018-08-02;PROV1191;2018-06-17;2018-08-05;46 days;Proveedor 227;ES;EUR;Spanish;10 days;False
FFCC182781;2018-08-01;PROV1479;2018-06-22;2018-08-04;40 days;Proveedor 380;ES;EUR;Spanish;10 days;False
FFCC182785;2018-08-06;PROV40002330;2018-07-08;2018-08-09;29 days;Proveedor 37;ES;EUR;Spanish;10 days;False
FFCC182789;2018-08-02;PROV1014;2018-07-14;2018-08-05;19 days;Proveedor 171;ES;EUR;Spanish;10 days;False
FFCC182790;2018-08-03;PROV1014;2018-06-24;2018-08-06;40 days;Proveedor 171;ES;EUR;Spanish;10 days;False
FFCC182793;2018-08-10;PROV40000850;2018-07-01;2018-08-13;40 days;Proveedor 21;ES;EUR;Spanish;10 days;False
FFCC182794;2018-08-01;PROV1485;2018-06-27;2018-08-04;35 days;Proveedor 386;IE;EUR;Intracommunity;20 days;False
FFCC182819;2018-08-01;PROV1485;2018-07-14;2018-08-04;18 days;Proveedor 386;IE;EUR;Intracommunity;20 days;True
FFCC182821;2018-08-01;PROV1397;2018-07-09;2018-08-04;23 days;Proveedor 321;PE;USD;Extracommunity;45 days;True
FFCC182825;2018-08-01;PROV1875;2018-06-14;2018-08-04;48 days;Proveedor 711;CH;USD;Extracommunity;45 days;False
FFCC182830;2018-08-07;PROV41001800;2018-07-18;2018-08-10;20 days;Proveedor 164;ES;EUR;Spanish;10 days;False
FFCC182835;2018-08-20;PROV40000520;2018-08-07;2018-08-23;13 days;Proveedor 17;ES;EUR;Spanish;10 days;False
FFCC182838;2018-08-01;PROV1585;2018-07-22;2018-08-04;10 days;Proveedor 479;CH;USD;Extracommunity;45 days;True
FFCC182843;2018-08-01;PROV40001825;2018-07-11;2018-08-04;21 days;Proveedor 29;ES;EUR;Spanish;10 days;False
FFCC182844;2018-08-01;PROV40001825;2018-06-14;2018-08-04;48 days;Proveedor 29;ES;EUR;Spanish;10 days;False
FFCC182848;2018-08-01;PROV1475;2018-07-04;2018-08-04;28 days;Proveedor 376;CH;USD;Extracommunity;45 days;True
FFCC182870;2018-08-01;PROV1964;2018-06-17;2018-08-04;45 days;Proveedor 792;CH;USD;Extracommunity;45 days;True
FFCC182874;2018-08-10;PROV1397;2018-07-22;2018-08-13;19 days;Proveedor 321;PE;USD;Extracommunity;45 days;True
FFCC182875;2018-08-10;PROV1397;2018-07-23;2018-08-13;18 days;Proveedor 321;PE;USD;Extracommunity;45 days;True
FFCC182884;2018-08-01;PROV1398;2018-06-24;2018-08-04;38 days;Proveedor 322;CH;USD;Extracommunity;45 days;True
FFCC182893;2018-08-21;PROV1650;2018-07-08;2018-08-24;44 days;Proveedor 539;ES;EUR;Spanish;10 days;False
FFCC182894;2018-08-22;PROV1650;2018-08-11;2018-08-25;11 days;Proveedor 539;ES;EUR;Spanish;10 days;False
FFCC182897;2018-08-24;PROV40000520;2018-08-14;2018-08-27;10 days;Proveedor 17;ES;EUR;Spanish;10 days;True
FFCC182898;2018-08-01;PROV1585;2018-06-28;2018-08-04;34 days;Proveedor 479;CH;USD;Extracommunity;45 days;True
FFCC182901;2018-08-20;PROV1485;2018-07-10;2018-08-23;41 days;Proveedor 386;IE;EUR;Intracommunity;20 days;False
FFCC182903;2018-08-16;PROV40001825;2018-07-28;2018-08-19;19 days;Proveedor 29;ES;EUR;Spanish;10 days;False
FFCC182908;2018-08-01;PROV1936;2018-06-07;2018-08-04;55 days;Proveedor 766;CH;USD;Extracommunity;45 days;False
FFCC182914;2018-08-24;PROV1255;2018-06-29;2018-08-27;56 days;Proveedor 252;ES;EUR;Spanish;10 days;False
FFCC182917;2018-08-28;PROV1448;2018-07-15;2018-08-31;44 days;Proveedor 356;ES;EUR;Spanish;10 days;False
FFCC182920;2018-08-29;PROV1475;2018-07-25;2018-09-01;35 days;Proveedor 376;CH;USD;Extracommunity;45 days;True
FFCC182925;2018-08-29;PROV40002330;2018-07-14;2018-09-01;46 days;Proveedor 37;ES;EUR;Spanish;10 days;False
FFCC182926;2018-08-25;PROV40002330;2018-08-07;2018-08-28;18 days;Proveedor 37;ES;EUR;Spanish;10 days;False
FFCC182940;2018-08-31;PROV40002065;2018-08-15;2018-09-03;16 days;Proveedor 30;ES;EUR;Spanish;10 days;False
FFCC182941;2018-08-31;PROV40002065;2018-08-13;2018-09-03;18 days;Proveedor 30;ES;EUR;Spanish;10 days;False
FFCC182944;2018-08-31;PROV1558;2018-08-08;2018-09-03;23 days;Proveedor 453;ES;EUR;Spanish;10 days;False
FFCC182946;2018-08-31;PROV40000520;2018-07-31;2018-09-03;31 days;Proveedor 17;ES;EUR;Spanish;10 days;False
FFCC182949;2018-08-28;PROV1650;2018-07-22;2018-08-31;37 days;Proveedor 539;ES;EUR;Spanish;10 days;False
FFCC182950;2018-08-30;PROV1900;2018-07-16;2018-09-02;45 days;Proveedor 732;ES;EUR;Spanish;10 days;False
FFCC182970;2018-08-31;PROV40000850;2018-08-27;2018-09-03;4 days;Proveedor 21;ES;EUR;Spanish;10 days;True
FFCC182972;2018-08-15;PROV1895;2018-07-17;2018-08-18;29 days;Proveedor 8;ES;EUR;Spanish;10 days;False
FFCC182974;2018-08-31;PROV40001470;2018-08-13;2018-09-03;18 days;Proveedor 26;ES;EUR;Spanish;10 days;False
FFCC182975;2018-08-28;PROV1027;2018-08-12;2018-08-31;16 days;Proveedor 178;ES;EUR;Spanish;10 days;False
FFCC182976;2018-08-20;PROV1647;2018-07-15;2018-08-23;36 days;Proveedor 536;ES;EUR;Spanish;10 days;False
FFCC182984;2018-08-01;PROV2017;2018-06-19;2018-08-04;43 days;Proveedor 843;CH;USD;Extracommunity;45 days;True
FFCC182985;2018-08-01;PROV2017;2018-07-22;2018-08-04;10 days;Proveedor 843;CH;USD;Extracommunity;45 days;True
FFCC182989;2018-08-29;PROV1397;2018-07-20;2018-09-01;40 days;Proveedor 321;PE;USD;Extracommunity;45 days;True
FFCC182990;2018-08-05;PROV40000187;2018-06-26;2018-08-08;40 days;Proveedor 13;ES;EUR;Spanish;10 days;False
FFCC182992;2018-08-01;PROV1875;2018-06-20;2018-08-04;42 days;Proveedor 711;CH;USD;Extracommunity;45 days;True
FFCC182996;2018-08-23;PROV1938;2018-07-20;2018-08-26;34 days;Proveedor 768;ES;EUR;Spanish;10 days;False
FFCC183031;2018-08-31;PROV1976;2018-08-09;2018-09-03;22 days;Proveedor 804;IN;USD;Extracommunity;45 days;True
FFCC183032;2018-08-31;PROV1323;2018-08-17;2018-09-03;14 days;Proveedor 281;ES;EUR;Spanish;10 days;False
FFCC183044;2018-08-27;PROV1441;2018-07-18;2018-08-30;40 days;Proveedor 349;ES;EUR;Spanish;10 days;False
FFCC183082;2018-08-31;PROV1129;2018-07-15;2018-09-03;47 days;Proveedor 207;ES;EUR;Spanish;10 days;False
FFCC183086;2018-08-29;PROV1509;2018-07-24;2018-09-01;36 days;Proveedor 408;CN;USD;Extracommunity;45 days;True
FFCC183091;2018-08-01;PROV1968;2018-07-04;2018-08-04;28 days;Proveedor 796;CH;USD;Extracommunity;45 days;True
FFCC183101;2018-08-15;PROV1428;2018-07-24;2018-08-18;22 days;Proveedor 341;CH;USD;Extracommunity;45 days;True
FFCC183104;2018-08-01;PROV1485;2018-07-17;2018-08-04;15 days;Proveedor 386;IE;EUR;Intracommunity;20 days;True
FFCC183130;2018-08-29;PROV40001000;2018-07-25;2018-09-01;35 days;Proveedor 24;FR;EUR;Intracommunity;20 days;False
FFCC183136;2018-09-10;PROV1485;2018-08-01;2018-09-13;40 days;Proveedor 386;IE;EUR;Intracommunity;20 days;False
FFCC183140;2018-08-01;PROV2017;2018-06-30;2018-08-04;32 days;Proveedor 843;CH;USD;Extracommunity;45 days;True
FFCC183143;2018-08-31;PROV41000980;2018-08-14;2018-09-03;17 days;Proveedor 110;ES;EUR;Spanish;10 days;False
FFCC183144;2018-08-14;PROV1968;2018-07-02;2018-08-17;43 days;Proveedor 796;CH;USD;Extracommunity;45 days;True
FFCC183148;2018-08-09;PROV1734;2018-07-13;2018-08-12;27 days;Proveedor 593;ES;EUR;Spanish;10 days;False
FFCC183156;2018-08-23;PROV1485;2018-07-24;2018-08-26;30 days;Proveedor 386;IE;EUR;Intracommunity;20 days;False
FFCC183157;2018-08-24;PROV40002220;2018-08-11;2018-08-27;13 days;Proveedor 36;ES;EUR;Spanish;10 days;False
FFCC183158;2018-08-01;PROV1014;2018-06-16;2018-08-04;46 days;Proveedor 171;ES;EUR;Spanish;10 days;False
FFCC183183;2018-09-07;PROV40000520;2018-08-26;2018-09-10;12 days;Proveedor 17;ES;EUR;Spanish;10 days;False
FFCC183184;2018-09-05;PROV1465;2018-07-27;2018-09-08;40 days;Proveedor 368;ES;EUR;Spanish;10 days;False
FFCC183185;2018-09-05;PROV1014;2018-07-22;2018-09-08;45 days;Proveedor 171;ES;EUR;Spanish;10 days;False
FFCC183187;2018-09-04;PROV1014;2018-08-27;2018-09-07;8 days;Proveedor 171;ES;EUR;Spanish;10 days;True
FFCC183193;2018-09-11;PROV1895;2018-07-24;2018-09-14;49 days;Proveedor 8;ES;EUR;Spanish;10 days;False
FFCC183194;2018-09-10;PROV1014;2018-08-11;2018-09-13;30 days;Proveedor 171;ES;EUR;Spanish;10 days;False
FFCC183196;2018-09-15;PROV40000520;2018-09-03;2018-09-18;12 days;Proveedor 17;ES;EUR;Spanish;10 days;False
FFCC183197;2018-09-01;PROV1816;2018-08-15;2018-09-04;17 days;Proveedor 661;CH;USD;Extracommunity;45 days;True
FFCC183203;2018-09-15;PROV1734;2018-08-31;2018-09-18;15 days;Proveedor 593;ES;EUR;Spanish;10 days;False
FFCC183204;2018-09-03;PROV1756;2018-07-26;2018-09-06;39 days;Proveedor 603;IN;USD;Extracommunity;45 days;True
FFCC183215;2018-09-12;PROV1484;2018-08-14;2018-09-15;29 days;Proveedor 385;ES;EUR;Spanish;10 days;False
FFCC183216;2018-09-04;PROV40002330;2018-08-04;2018-09-07;31 days;Proveedor 37;ES;EUR;Spanish;10 days;False
FFCC183217;2018-09-07;PROV40002330;2018-08-31;2018-09-10;7 days;Proveedor 37;ES;EUR;Spanish;10 days;True
FFCC183218;2018-09-15;PROV1129;2018-08-31;2018-09-18;15 days;Proveedor 207;ES;EUR;Spanish;10 days;False
FFCC183222;2018-09-10;PROV1170;2018-08-30;2018-09-13;11 days;Proveedor 221;ES;EUR;Spanish;10 days;False
FFCC183247;2018-09-03;PROV40001000;2018-08-14;2018-09-06;20 days;Proveedor 24;FR;EUR;Intracommunity;20 days;True
FFCC183252;2018-09-01;PROV40001825;2018-07-20;2018-09-04;43 days;Proveedor 29;ES;EUR;Spanish;10 days;False
FFCC183253;2018-09-01;PROV40001825;2018-07-29;2018-09-04;34 days;Proveedor 29;ES;EUR;Spanish;10 days;False
FFCC183258;2018-09-17;PROV1650;2018-09-03;2018-09-20;14 days;Proveedor 539;ES;EUR;Spanish;10 days;False
FFCC183265;2018-09-05;PROV1441;2018-07-31;2018-09-08;36 days;Proveedor 349;ES;EUR;Spanish;10 days;False
FFCC183273;2018-09-21;PROV40000520;2018-08-31;2018-09-24;21 days;Proveedor 17;ES;EUR;Spanish;10 days;False
FFCC183287;2018-09-01;PROV1964;2018-08-13;2018-09-04;19 days;Proveedor 792;CH;USD;Extracommunity;45 days;True
FFCC183293;2018-09-11;PROV1585;2018-07-26;2018-09-14;47 days;Proveedor 479;CH;USD;Extracommunity;45 days;False
FFCC183298;2018-09-18;PROV40002330;2018-08-26;2018-09-21;23 days;Proveedor 37;ES;EUR;Spanish;10 days;False
FFCC183299;2018-09-14;PROV40000500;2018-07-24;2018-09-17;52 days;Proveedor 16;ES;EUR;Spanish;10 days;False
FFCC183316;2018-09-25;PROV40002720;2018-09-08;2018-09-28;17 days;Proveedor 38;ES;EUR;Spanish;10 days;False
FFCC183322;2018-09-19;PROV1756;2018-08-26;2018-09-22;24 days;Proveedor 603;IN;USD;Extracommunity;45 days;True
FFCC183323;2018-09-14;PROV1428;2018-08-19;2018-09-17;26 days;Proveedor 341;CH;USD;Extracommunity;45 days;True
FFCC183331;2018-09-20;PROV1397;2018-08-30;2018-09-23;21 days;Proveedor 321;PE;USD;Extracommunity;45 days;True
FFCC183338;2018-09-22;PROV40002330;2018-08-10;2018-09-25;43 days;Proveedor 37;ES;EUR;Spanish;10 days;False
FFCC183364;2018-09-28;PROV1734;2018-09-04;2018-10-01;24 days;Proveedor 593;ES;EUR;Spanish;10 days;False
FFCC183365;2018-09-29;PROV1734;2018-08-24;2018-10-02;36 days;Proveedor 593;ES;EUR;Spanish;10 days;False
FFCC183366;2018-09-29;PROV1558;2018-08-18;2018-10-02;42 days;Proveedor 453;ES;EUR;Spanish;10 days;False
FFCC183371;2018-09-01;PROV1585;2018-08-01;2018-09-04;31 days;Proveedor 479;CH;USD;Extracommunity;45 days;True
FFCC183374;2018-09-17;PROV40001000;2018-09-01;2018-09-20;16 days;Proveedor 24;FR;EUR;Intracommunity;20 days;True
FFCC183378;2018-09-30;PROV40000850;2018-08-13;2018-10-03;48 days;Proveedor 21;ES;EUR;Spanish;10 days;False
FFCC183382;2018-09-01;PROV41001142;2018-08-17;2018-09-04;15 days;Proveedor 123;ES;EUR;Spanish;10 days;False
FFCC183385;2018-09-30;PROV41000980;2018-08-14;2018-10-03;47 days;Proveedor 110;ES;EUR;Spanish;10 days;False
FFCC183392;2018-09-20;PROV41001800;2018-09-10;2018-09-23;10 days;Proveedor 164;ES;EUR;Spanish;10 days;True
FFCC183393;2018-09-18;PROV41001800;2018-08-17;2018-09-21;32 days;Proveedor 164;ES;EUR;Spanish;10 days;False
FFCC183401;2018-09-25;PROV40000187;2018-09-16;2018-09-28;9 days;Proveedor 13;ES;EUR;Spanish;10 days;True
FFCC183402;2018-09-10;PROV40000187;2018-08-19;2018-09-13;22 days;Proveedor 13;ES;EUR;Spanish;10 days;False
FFCC183434;2018-09-27;PROV1441;2018-08-14;2018-09-30;44 days;Proveedor 349;ES;EUR;Spanish;10 days;False
FFCC183446;2018-09-29;PROV40002330;2018-08-07;2018-10-02;53 days;Proveedor 37;ES;EUR;Spanish;10 days;False
FFCC183448;2018-09-30;PROV40000520;2018-09-11;2018-10-03;19 days;Proveedor 17;ES;EUR;Spanish;10 days;False
FFCC183464;2018-09-20;PROV1959;2018-08-07;2018-09-23;44 days;Proveedor 789;ES;EUR;Spanish;10 days;False
FFCC183465;2018-09-27;PROV1968;2018-08-06;2018-09-30;52 days;Proveedor 796;CH;USD;Extracommunity;45 days;False
FFCC183477;2018-09-20;PROV1027;2018-08-13;2018-09-23;38 days;Proveedor 178;ES;EUR;Spanish;10 days;False
FFCC183479;2018-09-01;PROV41001142;2018-08-03;2018-09-04;29 days;Proveedor 123;ES;EUR;Spanish;10 days;False
FFCC183481;2018-09-01;PROV41001142;2018-07-19;2018-09-04;44 days;Proveedor 123;ES;EUR;Spanish;10 days;False
FFCC183486;2018-09-28;PROV40000500;2018-08-24;2018-10-01;35 days;Proveedor 16;ES;EUR;Spanish;10 days;False
FFCC183489;2018-09-30;PROV40002065;2018-08-31;2018-10-03;30 days;Proveedor 30;ES;EUR;Spanish;10 days;False
FFCC183490;2018-09-21;PROV1976;2018-08-25;2018-09-24;27 days;Proveedor 804;IN;USD;Extracommunity;45 days;True
FFCC183492;2018-09-07;PROV1650;2018-08-06;2018-09-10;32 days;Proveedor 539;ES;EUR;Spanish;10 days;False
FFCC183493;2018-09-21;PROV1650;2018-08-29;2018-09-24;23 days;Proveedor 539;ES;EUR;Spanish;10 days;False
FFCC183496;2018-09-21;PROV40000500;2018-09-01;2018-09-24;20 days;Proveedor 16;ES;EUR;Spanish;10 days;False
FFCC183499;2018-09-24;PROV40001000;2018-08-10;2018-09-27;45 days;Proveedor 24;FR;EUR;Intracommunity;20 days;False
FFCC183502;2018-09-01;PROV1875;2018-08-05;2018-09-04;27 days;Proveedor 711;CH;USD;Extracommunity;45 days;True
FFCC183514;2018-09-01;PROV1875;2018-08-17;2018-09-04;15 days;Proveedor 711;CH;USD;Extracommunity;45 days;True
FFCC183515;2018-09-24;PROV1014;2018-09-09;2018-09-27;15 days;Proveedor 171;ES;EUR;Spanish;10 days;False
FFCC183520;2018-10-09;PROV1734;2018-08-21;2018-10-12;49 days;Proveedor 593;ES;EUR;Spanish;10 days;False
FFCC183526;2018-09-01;PROV2017;2018-08-25;2018-09-04;7 days;Proveedor 843;CH;USD;Extracommunity;45 days;True
FFCC183527;2018-09-01;PROV1398;2018-07-08;2018-09-04;55 days;Proveedor 322;CH;USD;Extracommunity;45 days;False
FFCC183530;2018-09-01;PROV1003;2018-07-31;2018-09-04;32 days;Proveedor 165;CN;USD;Extracommunity;45 days;True
FFCC183531;2018-10-01;PROV1003;2018-09-05;2018-10-04;26 days;Proveedor 165;CN;USD;Extracommunity;45 days;True
FFCC183535;2018-09-28;PROV40002220;2018-09-15;2018-10-01;13 days;Proveedor 36;ES;EUR;Spanish;10 days;False
FFCC183541;2018-09-01;PROV1585;2018-07-30;2018-09-04;33 days;Proveedor 479;CH;USD;Extracommunity;45 days;True
FFCC183564;2018-10-16;PROV1976;2018-08-24;2018-10-19;53 days;Proveedor 804;IN;USD;Extracommunity;45 days;False
FFCC183573;2018-10-15;PROV40001470;2018-09-25;2018-10-18;20 days;Proveedor 26;ES;EUR;Spanish;10 days;False
FFCC183588;2018-10-01;PROV1940;2018-09-11;2018-10-04;20 days;Proveedor 770;CH;USD;Extracommunity;45 days;True
FFCC183591;2018-10-04;PROV40001000;2018-09-09;2018-10-07;25 days;Proveedor 24;FR;EUR;Intracommunity;20 days;False
FFCC183615;2018-10-05;PROV1397;2018-09-07;2018-10-08;28 days;Proveedor 321;PE;USD;Extracommunity;45 days;True
FFCC183617;2018-10-10;PROV1734;2018-09-11;2018-10-13;29 days;Proveedor 593;ES;EUR;Spanish;10 days;False
FFCC183626;2018-10-02;PROV1191;2018-08-17;2018-10-05;46 days;Proveedor 227;ES;EUR;Spanish;10 days;False
FFCC183627;2018-10-05;PROV40000850;2018-08-19;2018-10-08;47 days;Proveedor 21;ES;EUR;Spanish;10 days;False
FFCC183629;2018-10-05;PROV40000520;2018-08-31;2018-10-08;35 days;Proveedor 17;ES;EUR;Spanish;10 days;False
FFCC183630;2018-10-15;PROV40000520;2018-08-25;2018-10-18;51 days;Proveedor 17;ES;EUR;Spanish;10 days;False
FFCC183631;2018-10-15;PROV1650;2018-08-27;2018-10-18;49 days;Proveedor 539;ES;EUR;Spanish;10 days;False
FFCC183632;2018-10-15;PROV1900;2018-10-09;2018-10-18;6 days;Proveedor 732;ES;EUR;Spanish;10 days;True
FFCC183633;2018-10-05;PROV40002330;2018-08-14;2018-10-08;52 days;Proveedor 37;ES;EUR;Spanish;10 days;False
FFCC183634;2018-10-13;PROV40002330;2018-09-16;2018-10-16;27 days;Proveedor 37;ES;EUR;Spanish;10 days;False
FFCC183635;2018-10-01;PROV1485;2018-08-18;2018-10-04;44 days;Proveedor 386;IE;EUR;Intracommunity;20 days;False
FFCC183645;2018-10-10;PROV1441;2018-09-11;2018-10-13;29 days;Proveedor 349;ES;EUR;Spanish;10 days;False
FFCC183646;2018-10-11;PROV40000735;2018-08-31;2018-10-14;41 days;Proveedor 19;ES;EUR;Spanish;10 days;False
FFCC183647;2018-10-11;PROV40000500;2018-09-30;2018-10-14;11 days;Proveedor 16;ES;EUR;Spanish;10 days;False
FFCC183651;2018-10-16;PROV2103;2018-09-08;2018-10-19;38 days;Proveedor 929;ES;EUR;Spanish;10 days;False
FFCC183653;2018-10-01;PROV1475;2018-08-18;2018-10-04;44 days;Proveedor 376;CH;USD;Extracommunity;45 days;True
FFCC183658;2018-10-24;PROV1734;2018-09-16;2018-10-27;38 days;Proveedor 593;ES;EUR;Spanish;10 days;False
FFCC183665;2018-10-01;PROV1585;2018-08-14;2018-10-04;48 days;Proveedor 479;CH;USD;Extracommunity;45 days;False
FFCC183668;2018-10-18;PROV1734;2018-10-01;2018-10-21;17 days;Proveedor 593;ES;EUR;Spanish;10 days;False
FFCC183683;2018-10-09;PROV41001401;2018-09-24;2018-10-12;15 days;Proveedor 139;ES;EUR;Spanish;10 days;False
FFCC183696;2018-10-25;PROV40002720;2018-10-12;2018-10-28;13 days;Proveedor 38;ES;EUR;Spanish;10 days;False
FFCC183698;2018-10-22;PROV1014;2018-09-21;2018-10-25;31 days;Proveedor 171;ES;EUR;Spanish;10 days;False
FFCC183700;2018-10-12;PROV1428;2018-08-24;2018-10-15;49 days;Proveedor 341;CH;USD;Extracommunity;45 days;False
FFCC183704;2018-10-02;PROV1558;2018-09-04;2018-10-05;28 days;Proveedor 453;ES;EUR;Spanish;10 days;False
FFCC183706;2018-10-24;PROV1876;2018-09-12;2018-10-27;42 days;Proveedor 712;ES;EUR;Spanish;10 days;False
FFCC183707;2018-10-24;PROV1876;2018-10-20;2018-10-27;4 days;Proveedor 712;ES;EUR;Spanish;10 days;True
FFCC183712;2018-10-15;PROV1129;2018-09-12;2018-10-18;33 days;Proveedor 207;ES;EUR;Spanish;10 days;False
FFCC183714;2018-10-01;PROV1968;2018-08-28;2018-10-04;34 days;Proveedor 796;CH;USD;Extracommunity;45 days;True
FFCC183717;2018-10-01;PROV1585;2018-08-20;2018-10-04;42 days;Proveedor 479;CH;USD;Extracommunity;45 days;True
FFCC183734;2018-10-25;PROV2047;2018-09-28;2018-10-28;27 days;Proveedor 873;ES;EUR;Spanish;10 days;False
FFCC183735;2018-10-20;PROV1465;2018-10-01;2018-10-23;19 days;Proveedor 368;ES;EUR;Spanish;10 days;False
FFCC183744;2018-10-26;PROV40000520;2018-10-04;2018-10-29;22 days;Proveedor 17;ES;EUR;Spanish;10 days;False
FFCC183760;2018-10-17;PROV1976;2018-08-29;2018-10-20;49 days;Proveedor 804;IN;USD;Extracommunity;45 days;False
FFCC183762;2018-10-10;PROV40000187;2018-09-16;2018-10-13;24 days;Proveedor 13;ES;EUR;Spanish;10 days;False
FFCC183763;2018-10-31;PROV40000520;2018-09-23;2018-11-03;38 days;Proveedor 17;ES;EUR;Spanish;10 days;False
FFCC183767;2018-10-31;PROV1129;2018-10-07;2018-11-03;24 days;Proveedor 207;ES;EUR;Spanish;10 days;False
FFCC183778;2018-10-26;PROV1485;2018-10-23;2018-10-29;3 days;Proveedor 386;IE;EUR;Intracommunity;20 days;True
FFCC183790;2018-10-30;PROV40000010;2018-09-13;2018-11-02;47 days;Proveedor 12;ES;EUR;Spanish;10 days;False
FFCC183840;2018-10-01;PROV1585;2018-09-15;2018-10-04;16 days;Proveedor 479;CH;USD;Extracommunity;45 days;True
FFCC183843;2018-11-07;PROV1734;2018-09-27;2018-11-10;41 days;Proveedor 593;ES;EUR;Spanish;10 days;False
FFCC183852;2018-10-20;PROV40000187;2018-10-13;2018-10-23;7 days;Proveedor 13;ES;EUR;Spanish;10 days;True
FFCC183853;2018-10-01;PROV1398;2018-09-09;2018-10-04;22 days;Proveedor 322;CH;USD;Extracommunity;45 days;True
FFCC183857;2018-10-19;PROV40001825;2018-08-31;2018-10-22;49 days;Proveedor 29;ES;EUR;Spanish;10 days;False
FFCC183873;2018-10-31;PROV40002065;2018-10-16;2018-11-03;15 days;Proveedor 30;ES;EUR;Spanish;10 days;False
FFCC183879;2018-10-29;PROV1441;2018-09-21;2018-11-01;38 days;Proveedor 349;ES;EUR;Spanish;10 days;False
FFCC183881;2018-10-15;PROV1003;2018-09-15;2018-10-18;30 days;Proveedor 165;CN;USD;Extracommunity;45 days;True
FFCC183882;2018-10-24;PROV1003;2018-10-06;2018-10-27;18 days;Proveedor 165;CN;USD;Extracommunity;45 days;True
FFCC183883;2018-10-01;PROV1936;2018-08-27;2018-10-04;35 days;Proveedor 766;CH;USD;Extracommunity;45 days;True
FFCC183891;2018-10-25;PROV40000187;2018-09-09;2018-10-28;46 days;Proveedor 13;ES;EUR;Spanish;10 days;False
FFCC183896;2018-10-30;PROV40001000;2018-10-19;2018-11-02;11 days;Proveedor 24;FR;EUR;Intracommunity;20 days;True
FFCC183917;2018-10-26;PROV40002220;2018-10-05;2018-10-29;21 days;Proveedor 36;ES;EUR;Spanish;10 days;False
FFCC183926;2018-11-15;PROV1900;2018-10-11;2018-11-18;35 days;Proveedor 732;ES;EUR;Spanish;10 days;False
FFCC183929;2018-11-01;PROV1475;2018-10-06;2018-11-04;26 days;Proveedor 376;CH;USD;Extracommunity;45 days;True
FFCC183932;2018-11-01;PROV1475;2018-09-18;2018-11-04;44 days;Proveedor 376;CH;USD;Extracommunity;45 days;True
FFCC183935;2018-11-15;PROV40001470;2018-10-19;2018-11-18;27 days;Proveedor 26;ES;EUR;Spanish;10 days;False
FFCC183936;2018-11-09;PROV40000500;2018-10-09;2018-11-12;31 days;Proveedor 16;ES;EUR;Spanish;10 days;False
FFCC183937;2018-11-09;PROV40000850;2018-10-15;2018-11-12;25 days;Proveedor 21;ES;EUR;Spanish;10 days;False
FFCC183938;2018-11-09;PROV40000520;2018-09-27;2018-11-12;43 days;Proveedor 17;ES;EUR;Spanish;10 days;False
FFCC183939;2018-11-15;PROV1734;2018-10-10;2018-11-18;36 days;Proveedor 593;ES;EUR;Spanish;10 days;False
FFCC183940;2018-11-17;PROV1734;2018-10-10;2018-11-20;38 days;Proveedor 593;ES;EUR;Spanish;10 days;False
FFCC183941;2018-11-02;PROV40001000;2018-09-26;2018-11-05;37 days;Proveedor 24;FR;EUR;Intracommunity;20 days;False
FFCC183943;2018-11-16;PROV40000520;2018-11-01;2018-11-19;15 days;Proveedor 17;ES;EUR;Spanish;10 days;False
FFCC183950;2018-11-15;PROV1129;2018-10-20;2018-11-18;26 days;Proveedor 207;ES;EUR;Spanish;10 days;False
FFCC183959;2018-11-01;PROV1485;2018-09-15;2018-11-04;47 days;Proveedor 386;IE;EUR;Intracommunity;20 days;False
FFCC183978;2018-11-01;PROV1875;2018-10-02;2018-11-04;30 days;Proveedor 711;CH;USD;Extracommunity;45 days;True
FFCC183997;2018-11-01;PROV2017;2018-09-25;2018-11-04;37 days;Proveedor 843;CH;USD;Extracommunity;45 days;True
FFCC184006;2018-11-16;PROV40000850;2018-10-30;2018-11-19;17 days;Proveedor 21;ES;EUR;Spanish;10 days;False
FFCC184010;2018-11-01;PROV1968;2018-10-14;2018-11-04;18 days;Proveedor 796;CH;USD;Extracommunity;45 days;True
FFCC184016;2018-11-06;PROV1014;2018-09-18;2018-11-09;49 days;Proveedor 171;ES;EUR;Spanish;10 days;False
FFCC184017;2018-11-15;PROV40002180;2018-10-29;2018-11-18;17 days;Proveedor 34;ES;EUR;Spanish;10 days;False
FFCC184018;2018-11-15;PROV1027;2018-10-11;2018-11-18;35 days;Proveedor 178;ES;EUR;Spanish;10 days;False
FFCC184019;2018-11-12;PROV1027;2018-09-25;2018-11-15;48 days;Proveedor 178;ES;EUR;Spanish;10 days;False
FFCC184027;2018-11-05;PROV1558;2018-09-14;2018-11-08;52 days;Proveedor 453;ES;EUR;Spanish;10 days;False
FFCC184034;2018-11-01;PROV1398;2018-09-26;2018-11-04;36 days;Proveedor 322;CH;USD;Extracommunity;45 days;True
FFCC184037;2018-11-01;PROV1816;2018-09-25;2018-11-04;37 days;Proveedor 661;CH;USD;Extracommunity;45 days;True
FFCC184039;2018-11-13;PROV1756;2018-10-25;2018-11-16;19 days;Proveedor 603;IN;USD;Extracommunity;45 days;True
FFCC184040;2018-11-06;PROV1428;2018-10-20;2018-11-09;17 days;Proveedor 341;CH;USD;Extracommunity;45 days;True
FFCC184043;2018-11-25;PROV40002720;2018-10-25;2018-11-28;31 days;Proveedor 38;ES;EUR;Spanish;10 days;False
FFCC184044;2018-11-10;PROV40002330;2018-10-17;2018-11-13;24 days;Proveedor 37;ES;EUR;Spanish;10 days;False
FFCC184045;2018-11-17;PROV40002330;2018-10-20;2018-11-20;28 days;Proveedor 37;ES;EUR;Spanish;10 days;False
FFCC184046;2018-11-01;PROV1964;2018-10-01;2018-11-04;31 days;Proveedor 792;CH;USD;Extracommunity;45 days;True
FFCC184049;2018-11-15;PROV40000735;2018-11-01;2018-11-18;14 days;Proveedor 19;ES;EUR;Spanish;10 days;False
FFCC184074;2018-11-16;PROV1938;2018-10-10;2018-11-19;37 days;Proveedor 768;ES;EUR;Spanish;10 days;False
FFCC184089;2018-11-23;PROV40000520;2018-11-15;2018-11-26;8 days;Proveedor 17;ES;EUR;Spanish;10 days;True
FFCC184098;2018-11-01;PROV1585;2018-10-04;2018-11-04;28 days;Proveedor 479;CH;USD;Extracommunity;45 days;True
FFCC184101;2018-11-01;PROV1585;2018-10-11;2018-11-04;21 days;Proveedor 479;CH;USD;Extracommunity;45 days;True
FFCC184104;2018-11-21;PROV1502;2018-11-01;2018-11-24;20 days;Proveedor 401;ES;EUR;Spanish;10 days;False
FFCC184106;2018-11-01;PROV1964;2018-09-13;2018-11-04;49 days;Proveedor 792;CH;USD;Extracommunity;45 days;False
FFCC184109;2018-11-20;PROV40002330;2018-11-05;2018-11-23;15 days;Proveedor 37;ES;EUR;Spanish;10 days;False
FFCC184112;2018-11-30;PROV40002065;2018-10-27;2018-12-03;34 days;Proveedor 30;ES;EUR;Spanish;10 days;False
FFCC184114;2018-11-19;PROV1014;2018-10-30;2018-11-22;20 days;Proveedor 171;ES;EUR;Spanish;10 days;False
FFCC184118;2018-11-23;PROV40002330;2018-11-04;2018-11-26;19 days;Proveedor 37;ES;EUR;Spanish;10 days;False
FFCC184130;2018-11-01;PROV1875;2018-09-25;2018-11-04;37 days;Proveedor 711;CH;USD;Extracommunity;45 days;True
FFCC184133;2018-11-01;PROV1475;2018-10-20;2018-11-04;12 days;Proveedor 376;CH;USD;Extracommunity;45 days;True
FFCC184136;2018-11-01;PROV1475;2018-09-06;2018-11-04;56 days;Proveedor 376;CH;USD;Extracommunity;45 days;False
FFCC184196;2018-11-05;PROV40000187;2018-10-06;2018-11-08;30 days;Proveedor 13;ES;EUR;Spanish;10 days;False
FFCC184197;2018-11-25;PROV40000187;2018-10-19;2018-11-28;37 days;Proveedor 13;ES;EUR;Spanish;10 days;False
FFCC184198;2018-11-14;PROV1441;2018-11-01;2018-11-17;13 days;Proveedor 349;ES;EUR;Spanish;10 days;False
FFCC184199;2018-11-28;PROV1441;2018-10-27;2018-12-01;32 days;Proveedor 349;ES;EUR;Spanish;10 days;False
FFCC184210;2018-11-01;PROV1485;2018-10-29;2018-11-04;3 days;Proveedor 386;IE;EUR;Intracommunity;20 days;True
FFCC184224;2018-11-21;PROV1649;2018-10-12;2018-11-24;40 days;Proveedor 538;ES;EUR;Spanish;10 days;False
FFCC184225;2018-11-23;PROV40000500;2018-10-13;2018-11-26;41 days;Proveedor 16;ES;EUR;Spanish;10 days;False
FFCC184226;2018-11-30;PROV40001470;2018-10-10;2018-12-03;51 days;Proveedor 26;ES;EUR;Spanish;10 days;False
FFCC184227;2018-11-30;PROV40000850;2018-10-26;2018-12-03;35 days;Proveedor 21;ES;EUR;Spanish;10 days;False
FFCC184228;2018-11-30;PROV41000980;2018-11-12;2018-12-03;18 days;Proveedor 110;ES;EUR;Spanish;10 days;False
FFCC184230;2018-11-01;PROV1936;2018-09-20;2018-11-04;42 days;Proveedor 766;CH;USD;Extracommunity;45 days;True
FFCC184233;2018-11-01;PROV1485;2018-10-12;2018-11-04;20 days;Proveedor 386;IE;EUR;Intracommunity;20 days;True
FFCC184235;2018-11-01;PROV2017;2018-10-03;2018-11-04;29 days;Proveedor 843;CH;USD;Extracommunity;45 days;True
FFCC184238;2018-11-01;PROV1485;2018-10-06;2018-11-04;26 days;Proveedor 386;IE;EUR;Intracommunity;20 days;False
FFCC184278;2018-11-25;PROV2164;2018-11-14;2018-11-28;11 days;Proveedor 988;CH;USD;Extracommunity;45 days;True
FFCC184279;2018-11-01;PROV1585;2018-09-27;2018-11-04;35 days;Proveedor 479;CH;USD;Extracommunity;45 days;True
FFCC184282;2018-11-30;PROV1465;2018-11-02;2018-12-03;28 days;Proveedor 368;ES;EUR;Spanish;10 days;False
FFCC184311;2018-12-10;PROV40000520;2018-11-05;2018-12-13;35 days;Proveedor 17;ES;EUR;Spanish;10 days;False
FFCC184316;2018-11-19;PROV1976;2018-09-28;2018-11-22;52 days;Proveedor 804;IN;USD;Extracommunity;45 days;False
FFCC184317;2018-11-12;PROV1876;2018-10-26;2018-11-15;17 days;Proveedor 712;ES;EUR;Spanish;10 days;False
FFCC184320;2018-11-19;PROV1485;2018-10-08;2018-11-22;42 days;Proveedor 386;IE;EUR;Intracommunity;20 days;False
FFCC184322;2018-11-08;PROV1585;2018-09-17;2018-11-11;52 days;Proveedor 479;CH;USD;Extracommunity;45 days;False
FFCC184323;2018-11-05;PROV1027;2018-09-21;2018-11-08;45 days;Proveedor 178;ES;EUR;Spanish;10 days;False
FFCC184330;2018-11-27;PROV1876;2018-10-13;2018-11-30;45 days;Proveedor 712;ES;EUR;Spanish;10 days;False
FFCC184331;2018-12-07;PROV1876;2018-10-23;2018-12-10;45 days;Proveedor 712;ES;EUR;Spanish;10 days;False
FFCC184332;2018-11-12;PROV2025;2018-10-31;2018-11-15;12 days;Proveedor 851;ES;EUR;Spanish;10 days;False
FFCC184363;2018-11-30;PROV40000520;2018-10-20;2018-12-03;41 days;Proveedor 17;ES;EUR;Spanish;10 days;False
FFCC184382;2018-12-05;PROV40002330;2018-10-26;2018-12-08;40 days;Proveedor 37;ES;EUR;Spanish;10 days;False
FFCC184384;2018-12-04;PROV40002330;2018-10-19;2018-12-07;46 days;Proveedor 37;ES;EUR;Spanish;10 days;False
FFCC184385;2018-12-10;PROV1938;2018-11-26;2018-12-13;14 days;Proveedor 768;ES;EUR;Spanish;10 days;False
FFCC184401;2018-12-01;PROV1485;2018-10-04;2018-12-04;58 days;Proveedor 386;IE;EUR;Intracommunity;20 days;False
FFCC184407;2018-12-01;PROV1475;2018-10-30;2018-12-04;32 days;Proveedor 376;CH;USD;Extracommunity;45 days;True
FFCC184411;2018-12-12;PROV1441;2018-11-16;2018-12-15;26 days;Proveedor 349;ES;EUR;Spanish;10 days;False
FFCC184416;2018-12-30;PROV40002065;2018-12-19;2019-01-02;11 days;Proveedor 30;ES;EUR;Spanish;10 days;False
FFCC184417;2018-12-17;PROV1027;2018-12-02;2018-12-20;15 days;Proveedor 178;ES;EUR;Spanish;10 days;False
FFCC184418;2018-12-19;PROV1484;2018-11-21;2018-12-22;28 days;Proveedor 385;ES;EUR;Spanish;10 days;False
FFCC184440;2018-12-19;PROV1443;2018-10-28;2018-12-22;52 days;Proveedor 351;ES;EUR;Spanish;10 days;False
FFCC184464;2018-12-15;PROV40000187;2018-12-06;2018-12-18;9 days;Proveedor 13;ES;EUR;Spanish;10 days;True
FFCC184490;2018-12-01;PROV1816;2018-10-12;2018-12-04;50 days;Proveedor 661;CH;USD;Extracommunity;45 days;False
FFCC184497;2018-12-21;PROV40002720;2018-12-07;2018-12-24;14 days;Proveedor 38;ES;EUR;Spanish;10 days;False
FFCC184499;2018-12-14;PROV40000200;2018-11-27;2018-12-17;17 days;Proveedor 14;ES;EUR;Spanish;10 days;False
FFCC184504;2018-12-15;PROV1465;2018-11-08;2018-12-18;37 days;Proveedor 368;ES;EUR;Spanish;10 days;False
FFCC184505;2018-12-01;PROV1585;2018-10-27;2018-12-04;35 days;Proveedor 479;CH;USD;Extracommunity;45 days;True
FFCC184512;2018-12-15;PROV1129;2018-11-25;2018-12-18;20 days;Proveedor 207;ES;EUR;Spanish;10 days;False
FFCC184514;2018-12-14;PROV1650;2018-11-27;2018-12-17;17 days;Proveedor 539;ES;EUR;Spanish;10 days;False
FFCC184517;2018-12-07;PROV1014;2018-11-22;2018-12-10;15 days;Proveedor 171;ES;EUR;Spanish;10 days;False
FFCC184518;2018-12-15;PROV40002330;2018-10-31;2018-12-18;45 days;Proveedor 37;ES;EUR;Spanish;10 days;False
FFCC184519;2018-12-01;PROV1875;2018-10-10;2018-12-04;52 days;Proveedor 711;CH;USD;Extracommunity;45 days;False
FFCC184535;2018-12-01;PROV1733;2018-11-11;2018-12-04;20 days;Proveedor 592;CH;USD;Extracommunity;45 days;True
FFCC184569;2018-12-01;PROV1475;2018-11-20;2018-12-04;11 days;Proveedor 376;CH;USD;Extracommunity;45 days;True
FFCC184576;2018-12-30;PROV40002220;2018-12-22;2019-01-02;8 days;Proveedor 36;ES;EUR;Spanish;10 days;True
FFCC184577;2018-12-01;PROV1003;2018-11-21;2018-12-04;10 days;Proveedor 165;CN;USD;Extracommunity;45 days;True
FFCC184582;2018-12-03;PROV1397;2018-10-20;2018-12-06;44 days;Proveedor 321;PE;USD;Extracommunity;45 days;True
FFCC184583;2018-12-03;PROV1397;2018-11-12;2018-12-06;21 days;Proveedor 321;PE;USD;Extracommunity;45 days;True
FFCC184584;2018-12-10;PROV1485;2018-11-03;2018-12-13;37 days;Proveedor 386;IE;EUR;Intracommunity;20 days;False
FFCC184599;2018-12-30;PROV2047;2018-11-28;2019-01-02;32 days;Proveedor 873;ES;EUR;Spanish;10 days;False
FFCC184620;2018-12-30;PROV1876;2018-11-01;2019-01-02;59 days;Proveedor 712;ES;EUR;Spanish;10 days;False
FFCC184635;2018-12-26;PROV1790;2018-12-15;2018-12-29;11 days;Proveedor 637;ES;EUR;Spanish;10 days;False
FFCC190014;2019-01-10;PROV1650;2018-12-17;2019-01-13;24 days;Proveedor 539;ES;EUR;Spanish;10 days;False
FFCC190015;2019-01-02;PROV1940;2018-11-15;2019-01-05;48 days;Proveedor 770;CH;USD;Extracommunity;45 days;False
FFCC190018;2019-01-04;PROV1485;2018-12-18;2019-01-07;17 days;Proveedor 386;IE;EUR;Intracommunity;20 days;True
FFCC190020;2019-01-03;PROV1940;2018-12-18;2019-01-06;16 days;Proveedor 770;CH;USD;Extracommunity;45 days;True
FFCC190024;2019-01-02;PROV1398;2018-12-17;2019-01-05;16 days;Proveedor 322;CH;USD;Extracommunity;45 days;True
FFCC190028;2019-01-15;PROV40001470;2018-12-30;2019-01-18;16 days;Proveedor 26;ES;EUR;Spanish;10 days;False
FFCC190030;2019-01-02;PROV40002330;2018-12-01;2019-01-05;32 days;Proveedor 37;ES;EUR;Spanish;10 days;False
FFCC190033;2019-01-04;PROV1397;2018-12-15;2019-01-07;20 days;Proveedor 321;PE;USD;Extracommunity;45 days;True
FFCC190035;2019-01-04;PROV40000850;2018-12-12;2019-01-07;23 days;Proveedor 21;ES;EUR;Spanish;10 days;False
FFCC190041;2019-01-02;PROV1585;2018-12-27;2019-01-05;6 days;Proveedor 479;CH;USD;Extracommunity;45 days;True
FFCC190042;2019-01-07;PROV1756;2018-12-26;2019-01-10;12 days;Proveedor 603;IN;USD;Extracommunity;45 days;True
FFCC190045;2019-01-08;PROV1938;2018-12-04;2019-01-11;35 days;Proveedor 768;ES;EUR;Spanish;10 days;False
FFCC190046;2019-01-04;PROV1734;2018-12-05;2019-01-07;30 days;Proveedor 593;ES;EUR;Spanish;10 days;False
FFCC190047;2019-01-02;PROV40001000;2018-11-20;2019-01-05;43 days;Proveedor 24;FR;EUR;Intracommunity;20 days;False
FFCC190048;2019-01-02;PROV40001000;2018-12-28;2019-01-05;5 days;Proveedor 24;FR;EUR;Intracommunity;20 days;True
FFCC190064;2019-01-12;PROV40002330;2018-11-15;2019-01-15;58 days;Proveedor 37;ES;EUR;Spanish;10 days;False
FFCC190065;2019-01-11;PROV40000850;2018-12-07;2019-01-14;35 days;Proveedor 21;ES;EUR;Spanish;10 days;False
FFCC190069;2019-01-02;PROV40000235;2018-12-24;2019-01-05;9 days;Proveedor 15;ES;EUR;Spanish;10 days;True
FFCC190093;2019-01-03;PROV40001825;2018-12-25;2019-01-06;9 days;Proveedor 29;ES;EUR;Spanish;10 days;True
FFCC190095;2019-01-15;PROV1129;2018-12-22;2019-01-18;24 days;Proveedor 207;ES;EUR;Spanish;10 days;False
FFCC190096;2019-01-15;PROV1900;2018-11-19;2019-01-18;57 days;Proveedor 732;ES;EUR;Spanish;10 days;False
FFCC190097;2019-01-11;PROV1976;2018-12-31;2019-01-14;11 days;Proveedor 804;IN;USD;Extracommunity;45 days;True
FFCC190107;2019-01-11;PROV40000500;2018-12-21;2019-01-14;21 days;Proveedor 16;ES;EUR;Spanish;10 days;False
FFCC190116;2019-01-14;PROV1014;2018-12-22;2019-01-17;23 days;Proveedor 171;ES;EUR;Spanish;10 days;False
FFCC190117;2019-01-03;PROV40001825;2018-11-11;2019-01-06;53 days;Proveedor 29;ES;EUR;Spanish;10 days;False
FFCC190118;2019-01-04;PROV40001825;2018-11-17;2019-01-07;48 days;Proveedor 29;ES;EUR;Spanish;10 days;False
FFCC190119;2019-01-04;PROV40001825;2018-12-16;2019-01-07;19 days;Proveedor 29;ES;EUR;Spanish;10 days;False
FFCC190120;2019-01-14;PROV1876;2018-12-26;2019-01-17;19 days;Proveedor 712;ES;EUR;Spanish;10 days;False
FFCC190124;2019-01-15;PROV1465;2018-11-26;2019-01-18;50 days;Proveedor 368;ES;EUR;Spanish;10 days;False
FFCC190125;2019-01-18;PROV1876;2018-12-21;2019-01-21;28 days;Proveedor 712;ES;EUR;Spanish;10 days;False
FFCC190126;2019-01-02;PROV1936;2018-12-17;2019-01-05;16 days;Proveedor 766;CH;USD;Extracommunity;45 days;True
FFCC190129;2019-01-11;PROV1397;2018-12-13;2019-01-14;29 days;Proveedor 321;PE;USD;Extracommunity;45 days;True
FFCC190130;2019-01-02;PROV1475;2018-11-27;2019-01-05;36 days;Proveedor 376;CH;USD;Extracommunity;45 days;True
FFCC190133;2019-01-02;PROV1475;2018-12-12;2019-01-05;21 days;Proveedor 376;CH;USD;Extracommunity;45 days;True
FFCC190153;2019-01-02;PROV1585;2018-12-06;2019-01-05;27 days;Proveedor 479;CH;USD;Extracommunity;45 days;True
FFCC190159;2019-01-02;PROV2164;2018-11-21;2019-01-05;42 days;Proveedor 988;CH;USD;Extracommunity;45 days;True
FFCC190166;2019-01-25;PROV40002720;2018-12-14;2019-01-28;42 days;Proveedor 38;ES;EUR;Spanish;10 days;False
FFCC190168;2019-01-23;PROV1441;2018-12-10;2019-01-26;44 days;Proveedor 349;ES;EUR;Spanish;10 days;False
FFCC190170;2019-01-17;PROV1014;2019-01-06;2019-01-20;11 days;Proveedor 171;ES;EUR;Spanish;10 days;False
FFCC190172;2019-01-17;PROV1938;2018-12-16;2019-01-20;32 days;Proveedor 768;ES;EUR;Spanish;10 days;False
FFCC190174;2019-01-02;PROV1964;2018-12-21;2019-01-05;12 days;Proveedor 792;CH;USD;Extracommunity;45 days;True
FFCC190193;2019-01-02;PROV1585;2018-12-11;2019-01-05;22 days;Proveedor 479;CH;USD;Extracommunity;45 days;True
FFCC190196;2019-01-02;PROV1398;2018-11-26;2019-01-05;37 days;Proveedor 322;CH;USD;Extracommunity;45 days;True
FFCC190201;2019-01-02;PROV1485;2018-11-09;2019-01-05;54 days;Proveedor 386;IE;EUR;Intracommunity;20 days;False
FFCC190203;2019-01-02;PROV1485;2018-11-10;2019-01-05;53 days;Proveedor 386;IE;EUR;Intracommunity;20 days;False
FFCC190239;2019-01-18;PROV1027;2019-01-12;2019-01-21;6 days;Proveedor 178;ES;EUR;Spanish;10 days;True
FFCC190243;2019-01-24;PROV1876;2019-01-16;2019-01-27;8 days;Proveedor 712;ES;EUR;Spanish;10 days;True
FFCC190248;2019-01-25;PROV40000520;2018-12-29;2019-01-28;27 days;Proveedor 17;ES;EUR;Spanish;10 days;False
FFCC190272;2019-01-02;PROV1475;2018-12-03;2019-01-05;30 days;Proveedor 376;CH;USD;Extracommunity;45 days;True
FFCC190276;2019-01-16;PROV1428;2018-12-06;2019-01-19;41 days;Proveedor 341;CH;USD;Extracommunity;45 days;True
FFCC190289;2019-01-10;PROV40000187;2018-12-18;2019-01-13;23 days;Proveedor 13;ES;EUR;Spanish;10 days;False
FFCC190290;2019-01-10;PROV40000187;2018-11-16;2019-01-13;55 days;Proveedor 13;ES;EUR;Spanish;10 days;False
FFCC190293;2019-01-30;PROV1876;2019-01-11;2019-02-02;19 days;Proveedor 712;ES;EUR;Spanish;10 days;False
FFCC190294;2019-01-26;PROV40002330;2018-12-22;2019-01-29;35 days;Proveedor 37;ES;EUR;Spanish;10 days;False
FFCC190295;2019-01-29;PROV40002330;2019-01-08;2019-02-01;21 days;Proveedor 37;ES;EUR;Spanish;10 days;False
FFCC190298;2019-01-19;PROV1734;2019-01-06;2019-01-22;13 days;Proveedor 593;ES;EUR;Spanish;10 days;False
FFCC190321;2019-01-02;PROV1968;2018-12-17;2019-01-05;16 days;Proveedor 796;CH;USD;Extracommunity;45 days;True
FFCC190324;2019-01-21;PROV1485;2018-12-11;2019-01-24;41 days;Proveedor 386;IE;EUR;Intracommunity;20 days;False
FFCC190349;2019-01-02;PROV1816;2018-11-28;2019-01-05;35 days;Proveedor 661;CH;USD;Extracommunity;45 days;True
FFCC190353;2019-01-31;PROV40000850;2018-12-05;2019-02-03;57 days;Proveedor 21;ES;EUR;Spanish;10 days;False
FFCC190355;2019-01-08;PROV1936;2018-12-24;2019-01-11;15 days;Proveedor 766;CH;USD;Extracommunity;45 days;True
FFCC190370;2019-01-31;PROV40002065;2019-01-11;2019-02-03;20 days;Proveedor 30;ES;EUR;Spanish;10 days;False
FFCC190372;2019-01-02;PROV1875;2018-12-14;2019-01-05;19 days;Proveedor 711;CH;USD;Extracommunity;45 days;True
FFCC190374;2019-01-31;PROV41000980;2019-01-16;2019-02-03;15 days;Proveedor 110;ES;EUR;Spanish;10 days;False
FFCC190403;2019-02-02;PROV40002330;2019-01-10;2019-02-05;23 days;Proveedor 37;ES;EUR;Spanish;10 days;False
FFCC190422;2019-01-22;PROV2164;2018-12-10;2019-01-25;43 days;Proveedor 988;CH;USD;Extracommunity;45 days;True
FFCC190429;2019-01-25;PROV40000850;2018-12-31;2019-01-28;25 days;Proveedor 21;ES;EUR;Spanish;10 days;False
FFCC190445;2019-01-02;PROV1585;2018-11-29;2019-01-05;34 days;Proveedor 479;CH;USD;Extracommunity;45 days;True
FFCC190465;2019-01-11;PROV1585;2018-12-09;2019-01-14;33 days;Proveedor 479;CH;USD;Extracommunity;45 days;True
FFCC190466;2019-01-02;PROV1475;2018-11-28;2019-01-05;35 days;Proveedor 376;CH;USD;Extracommunity;45 days;True
FFCC190480;2019-01-31;PROV40000520;2018-12-28;2019-02-03;34 days;Proveedor 17;ES;EUR;Spanish;10 days;False
FFCC190481;2019-01-18;PROV40000520;2018-11-29;2019-01-21;50 days;Proveedor 17;ES;EUR;Spanish;10 days;False
FFCC190486;2019-01-31;PROV40000500;2019-01-15;2019-02-03;16 days;Proveedor 16;ES;EUR;Spanish;10 days;False
FFCC190487;2019-02-08;PROV40000500;2019-01-16;2019-02-11;23 days;Proveedor 16;ES;EUR;Spanish;10 days;False
FFCC190491;2019-02-01;PROV1756;2018-12-24;2019-02-04;39 days;Proveedor 603;IN;USD;Extracommunity;45 days;True
FFCC190492;2019-02-01;PROV1014;2019-01-15;2019-02-04;17 days;Proveedor 171;ES;EUR;Spanish;10 days;False
FFCC190493;2019-02-01;PROV40001000;2018-12-19;2019-02-04;44 days;Proveedor 24;FR;EUR;Intracommunity;20 days;False
FFCC190494;2019-02-01;PROV40001000;2019-01-10;2019-02-04;22 days;Proveedor 24;FR;EUR;Intracommunity;20 days;False
FFCC190496;2019-02-01;PROV1585;2019-01-17;2019-02-04;15 days;Proveedor 479;CH;USD;Extracommunity;45 days;True
FFCC190503;2019-02-11;PROV1650;2019-01-11;2019-02-14;31 days;Proveedor 539;ES;EUR;Spanish;10 days;False
FFCC190504;2019-02-01;PROV1585;2018-12-16;2019-02-04;47 days;Proveedor 479;CH;USD;Extracommunity;45 days;False
FFCC190507;2019-02-06;PROV1441;2019-01-22;2019-02-09;15 days;Proveedor 349;ES;EUR;Spanish;10 days;False
FFCC190525;2019-02-01;PROV40001825;2018-12-11;2019-02-04;52 days;Proveedor 29;ES;EUR;Spanish;10 days;False
FFCC190539;2019-02-08;PROV1484;2018-12-25;2019-02-11;45 days;Proveedor 385;ES;EUR;Spanish;10 days;False
FFCC190554;2019-02-15;PROV1900;2019-01-15;2019-02-18;31 days;Proveedor 732;ES;EUR;Spanish;10 days;False
FFCC190555;2019-02-01;PROV1475;2019-01-19;2019-02-04;13 days;Proveedor 376;CH;USD;Extracommunity;45 days;True
FFCC190558;2019-02-01;PROV1475;2019-01-08;2019-02-04;24 days;Proveedor 376;CH;USD;Extracommunity;45 days;True
FFCC190561;2019-02-15;PROV1129;2019-01-02;2019-02-18;44 days;Proveedor 207;ES;EUR;Spanish;10 days;False
FFCC190573;2019-02-15;PROV40001470;2019-01-09;2019-02-18;37 days;Proveedor 26;ES;EUR;Spanish;10 days;False
FFCC190576;2019-02-15;PROV40000850;2019-01-15;2019-02-18;31 days;Proveedor 21;ES;EUR;Spanish;10 days;False
FFCC190580;2019-02-01;PROV1485;2019-01-17;2019-02-04;15 days;Proveedor 386;IE;EUR;Intracommunity;20 days;True
FFCC190588;2019-02-13;PROV1485;2018-12-22;2019-02-16;53 days;Proveedor 386;IE;EUR;Intracommunity;20 days;False
FFCC190594;2019-02-15;PROV1465;2018-12-23;2019-02-18;54 days;Proveedor 368;ES;EUR;Spanish;10 days;False
FFCC190608;2019-02-08;PROV1976;2019-01-21;2019-02-11;18 days;Proveedor 804;IN;USD;Extracommunity;45 days;True
FFCC190639;2019-02-26;PROV1485;2019-02-06;2019-03-01;20 days;Proveedor 386;IE;EUR;Intracommunity;20 days;True
FFCC190640;2019-02-01;PROV1978;2019-01-06;2019-02-04;26 days;Proveedor 805;ES;EUR;Spanish;10 days;False
FFCC190649;2019-02-22;PROV40000520;2019-02-01;2019-02-25;21 days;Proveedor 17;ES;EUR;Spanish;10 days;False
FFCC190651;2019-02-16;PROV40002330;2019-01-28;2019-02-19;19 days;Proveedor 37;ES;EUR;Spanish;10 days;False
FFCC190669;2019-02-11;PROV1014;2018-12-22;2019-02-14;51 days;Proveedor 171;ES;EUR;Spanish;10 days;False
FFCC190670;2019-02-13;PROV1014;2019-01-17;2019-02-16;27 days;Proveedor 171;ES;EUR;Spanish;10 days;False
FFCC190671;2019-02-15;PROV40000520;2019-01-19;2019-02-18;27 days;Proveedor 17;ES;EUR;Spanish;10 days;False
FFCC190688;2019-02-25;PROV40002720;2019-01-13;2019-02-28;43 days;Proveedor 38;ES;EUR;Spanish;10 days;False
FFCC190695;2019-02-27;PROV1650;2019-01-30;2019-03-02;28 days;Proveedor 539;ES;EUR;Spanish;10 days;False
FFCC190700;2019-02-23;PROV40002330;2019-01-09;2019-02-26;45 days;Proveedor 37;ES;EUR;Spanish;10 days;False
FFCC190724;2019-02-10;PROV40000187;2018-12-24;2019-02-13;48 days;Proveedor 13;ES;EUR;Spanish;10 days;False
FFCC190725;2019-02-25;PROV40000187;2019-01-07;2019-02-28;49 days;Proveedor 13;ES;EUR;Spanish;10 days;False
FFCC190726;2019-02-10;PROV40000187;2018-12-23;2019-02-13;49 days;Proveedor 13;ES;EUR;Spanish;10 days;False
FFCC190733;2019-02-15;PROV40000500;2019-01-01;2019-02-18;45 days;Proveedor 16;ES;EUR;Spanish;10 days;False
FFCC190734;2019-02-22;PROV40000850;2019-02-10;2019-02-25;12 days;Proveedor 21;ES;EUR;Spanish;10 days;False
FFCC190739;2019-02-19;PROV1428;2019-02-02;2019-02-22;17 days;Proveedor 341;CH;USD;Extracommunity;45 days;True
FFCC190742;2019-02-01;PROV1816;2018-12-23;2019-02-04;40 days;Proveedor 661;CH;USD;Extracommunity;45 days;True
FFCC190745;2019-02-22;PROV1485;2019-01-07;2019-02-25;46 days;Proveedor 386;IE;EUR;Intracommunity;20 days;False
FFCC190748;2019-02-19;PROV1876;2019-01-04;2019-02-22;46 days;Proveedor 712;ES;EUR;Spanish;10 days;False
FFCC190751;2019-02-25;PROV40000200;2019-01-18;2019-02-28;38 days;Proveedor 14;ES;EUR;Spanish;10 days;False
FFCC190761;2019-02-28;PROV1441;2019-01-24;2019-03-03;35 days;Proveedor 349;ES;EUR;Spanish;10 days;False
FFCC190762;2019-02-28;PROV40000520;2019-01-06;2019-03-03;53 days;Proveedor 17;ES;EUR;Spanish;10 days;False
FFCC190766;2019-02-28;PROV40000187;2019-01-02;2019-03-03;57 days;Proveedor 13;ES;EUR;Spanish;10 days;False
FFCC190780;2019-02-14;PROV1938;2019-01-01;2019-02-17;44 days;Proveedor 768;ES;EUR;Spanish;10 days;False
FFCC190782;2019-03-01;PROV1650;2019-01-24;2019-03-04;36 days;Proveedor 539;ES;EUR;Spanish;10 days;False
FFCC190783;2019-02-07;PROV1397;2018-12-31;2019-02-10;38 days;Proveedor 321;PE;USD;Extracommunity;45 days;True
FFCC190784;2019-02-28;PROV40002065;2019-01-25;2019-03-03;34 days;Proveedor 30;ES;EUR;Spanish;10 days;False
FFCC190785;2019-02-28;PROV41000980;2019-02-03;2019-03-03;25 days;Proveedor 110;ES;EUR;Spanish;10 days;False
FFCC190786;2019-02-06;PROV40002220;2019-01-21;2019-02-09;16 days;Proveedor 36;ES;EUR;Spanish;10 days;False
FFCC190800;2019-02-28;PROV1876;2019-02-02;2019-03-03;26 days;Proveedor 712;ES;EUR;Spanish;10 days;False
FFCC190809;2019-02-15;PROV1014;2019-01-08;2019-02-18;38 days;Proveedor 171;ES;EUR;Spanish;10 days;False
FFCC190822;2019-02-01;PROV1585;2019-01-05;2019-02-04;27 days;Proveedor 479;CH;USD;Extracommunity;45 days;True
FFCC190824;2019-03-02;PROV40002330;2019-02-04;2019-03-05;26 days;Proveedor 37;ES;EUR;Spanish;10 days;False
FFCC190826;2019-02-28;PROV40000500;2019-02-10;2019-03-03;18 days;Proveedor 16;ES;EUR;Spanish;10 days;False
FFCC190829;2019-03-06;PROV1650;2019-01-22;2019-03-09;43 days;Proveedor 539;ES;EUR;Spanish;10 days;False
FFCC190832;2019-03-01;PROV1003;2019-02-10;2019-03-04;19 days;Proveedor 165;CN;USD;Extracommunity;45 days;True
FFCC190833;2019-03-01;PROV1003;2019-02-21;2019-03-04;8 days;Proveedor 165;CN;USD;Extracommunity;45 days;True
FFCC190834;2019-02-28;PROV1443;2019-02-15;2019-03-03;13 days;Proveedor 351;ES;EUR;Spanish;10 days;False
FFCC190842;2019-02-08;PROV40000520;2018-12-29;2019-02-11;41 days;Proveedor 17;ES;EUR;Spanish;10 days;False
FFCC190847;2019-02-01;PROV1585;2018-12-18;2019-02-04;45 days;Proveedor 479;CH;USD;Extracommunity;45 days;True
FFCC190850;2019-02-26;PROV1875;2019-01-04;2019-03-01;53 days;Proveedor 711;CH;USD;Extracommunity;45 days;False
FFCC190855;2019-02-28;PROV1485;2019-01-21;2019-03-03;38 days;Proveedor 386;IE;EUR;Intracommunity;20 days;False
FFCC190861;2019-03-08;PROV1027;2019-02-11;2019-03-11;25 days;Proveedor 178;ES;EUR;Spanish;10 days;False
FFCC190872;2019-02-28;PROV1184;2019-02-14;2019-03-03;14 days;Proveedor 223;ES;EUR;Spanish;10 days;False
FFCC190893;2019-03-05;PROV1027;2019-02-15;2019-03-08;18 days;Proveedor 178;ES;EUR;Spanish;10 days;False
FFCC190903;2019-02-28;PROV2047;2019-02-17;2019-03-03;11 days;Proveedor 873;ES;EUR;Spanish;10 days;False
FFCC190904;2019-03-08;PROV40000520;2019-02-08;2019-03-11;28 days;Proveedor 17;ES;EUR;Spanish;10 days;False
FFCC190927;2019-03-15;PROV40001470;2019-01-29;2019-03-18;45 days;Proveedor 26;ES;EUR;Spanish;10 days;False
FFCC190938;2019-03-15;PROV1900;2019-02-02;2019-03-18;41 days;Proveedor 732;ES;EUR;Spanish;10 days;False
FFCC190953;2019-03-09;PROV40002330;2019-03-03;2019-03-12;6 days;Proveedor 37;ES;EUR;Spanish;10 days;True
FFCC190954;2019-03-08;PROV40000850;2019-02-12;2019-03-11;24 days;Proveedor 21;ES;EUR;Spanish;10 days;False
FFCC190955;2019-03-15;PROV40000520;2019-02-26;2019-03-18;17 days;Proveedor 17;ES;EUR;Spanish;10 days;False
FFCC190956;2019-03-07;PROV40000235;2019-02-07;2019-03-10;28 days;Proveedor 15;ES;EUR;Spanish;10 days;False
FFCC190957;2019-03-15;PROV1734;2019-02-17;2019-03-18;26 days;Proveedor 593;ES;EUR;Spanish;10 days;False
FFCC190960;2019-03-15;PROV40000850;2019-02-05;2019-03-18;38 days;Proveedor 21;ES;EUR;Spanish;10 days;False
FFCC190961;2019-03-01;PROV1964;2019-02-20;2019-03-04;9 days;Proveedor 792;CH;USD;Extracommunity;45 days;True
FFCC190984;2019-03-15;PROV1129;2019-03-03;2019-03-18;12 days;Proveedor 207;ES;EUR;Spanish;10 days;False
FFCC190990;2019-03-12;PROV1014;2019-01-19;2019-03-15;52 days;Proveedor 171;ES;EUR;Spanish;10 days;False
FFCC190991;2019-03-15;PROV1027;2019-01-21;2019-03-18;53 days;Proveedor 178;ES;EUR;Spanish;10 days;False
FFCC190992;2019-03-01;PROV1875;2019-02-24;2019-03-04;5 days;Proveedor 711;CH;USD;Extracommunity;45 days;True
FFCC191001;2019-03-18;PROV40002330;2019-02-08;2019-03-21;38 days;Proveedor 37;ES;EUR;Spanish;10 days;False
FFCC191013;2019-03-21;PROV1441;2019-01-31;2019-03-24;49 days;Proveedor 349;ES;EUR;Spanish;10 days;False
FFCC191016;2019-03-21;PROV1650;2019-02-19;2019-03-24;30 days;Proveedor 539;ES;EUR;Spanish;10 days;False
FFCC191017;2019-03-22;PROV1734;2019-01-25;2019-03-25;56 days;Proveedor 593;ES;EUR;Spanish;10 days;False
FFCC191019;2019-03-19;PROV1964;2019-02-06;2019-03-22;41 days;Proveedor 792;CH;USD;Extracommunity;45 days;True
FFCC191026;2019-03-01;PROV1756;2019-01-12;2019-03-04;48 days;Proveedor 603;IN;USD;Extracommunity;45 days;False
FFCC191027;2019-03-13;PROV1976;2019-03-04;2019-03-16;9 days;Proveedor 804;IN;USD;Extracommunity;45 days;True
FFCC191047;2019-03-22;PROV40000520;2019-01-30;2019-03-25;51 days;Proveedor 17;ES;EUR;Spanish;10 days;False
FFCC191048;2019-03-21;PROV1014;2019-02-13;2019-03-24;36 days;Proveedor 171;ES;EUR;Spanish;10 days;False
FFCC191056;2019-03-01;PROV1485;2019-02-18;2019-03-04;11 days;Proveedor 386;IE;EUR;Intracommunity;20 days;True
FFCC191059;2019-03-22;PROV1876;2019-02-02;2019-03-25;48 days;Proveedor 712;ES;EUR;Spanish;10 days;False
FFCC191060;2019-03-22;PROV40000850;2019-02-20;2019-03-25;30 days;Proveedor 21;ES;EUR;Spanish;10 days;False
FFCC191064;2019-03-05;PROV40002220;2019-01-12;2019-03-08;52 days;Proveedor 36;ES;EUR;Spanish;10 days;False
FFCC191081;2019-03-11;PROV40001825;2019-02-27;2019-03-14;12 days;Proveedor 29;ES;EUR;Spanish;10 days;False
FFCC191083;2019-03-25;PROV1027;2019-02-19;2019-03-28;34 days;Proveedor 178;ES;EUR;Spanish;10 days;False
FFCC191087;2019-03-09;PROV1428;2019-02-26;2019-03-12;11 days;Proveedor 341;CH;USD;Extracommunity;45 days;True
FFCC191094;2019-03-01;PROV1816;2019-02-14;2019-03-04;15 days;Proveedor 661;CH;USD;Extracommunity;45 days;True
FFCC191097;2019-03-01;PROV2164;2019-01-15;2019-03-04;45 days;Proveedor 988;CH;USD;Extracommunity;45 days;True
FFCC191101;2019-03-01;PROV1940;2019-01-29;2019-03-04;31 days;Proveedor 770;CH;USD;Extracommunity;45 days;True
FFCC191103;2019-03-22;PROV1938;2019-03-15;2019-03-25;7 days;Proveedor 768;ES;EUR;Spanish;10 days;True
FFCC191118;2019-03-31;PROV40002065;2019-03-18;2019-04-03;13 days;Proveedor 30;ES;EUR;Spanish;10 days;False
FFCC191138;2019-03-07;PROV1441;2019-02-04;2019-03-10;31 days;Proveedor 349;ES;EUR;Spanish;10 days;False
FFCC191139;2019-03-29;PROV1027;2019-03-02;2019-04-01;27 days;Proveedor 178;ES;EUR;Spanish;10 days;False
FFCC191153;2019-03-15;PROV40000187;2019-03-12;2019-03-18;3 days;Proveedor 13;ES;EUR;Spanish;10 days;True
FFCC191155;2019-03-20;PROV40000187;2019-03-04;2019-03-23;16 days;Proveedor 13;ES;EUR;Spanish;10 days;False
FFCC191159;2019-03-30;PROV40002720;2019-03-15;2019-04-02;15 days;Proveedor 38;ES;EUR;Spanish;10 days;False
FFCC191163;2019-03-22;PROV1014;2019-03-10;2019-03-25;12 days;Proveedor 171;ES;EUR;Spanish;10 days;False
FFCC191164;2019-03-22;PROV1014;2019-03-01;2019-03-25;21 days;Proveedor 171;ES;EUR;Spanish;10 days;False
FFCC191167;2019-03-15;PROV40000500;2019-02-04;2019-03-18;39 days;Proveedor 16;ES;EUR;Spanish;10 days;False
FFCC191178;2019-03-01;PROV1475;2019-02-04;2019-03-04;25 days;Proveedor 376;CH;USD;Extracommunity;45 days;True
FFCC191181;2019-03-01;PROV1475;2019-02-13;2019-03-04;16 days;Proveedor 376;CH;USD;Extracommunity;45 days;True
FFCC191185;2019-03-18;PROV1485;2019-03-11;2019-03-21;7 days;Proveedor 386;IE;EUR;Intracommunity;20 days;True
FFCC191198;2019-03-26;PROV1976;2019-02-26;2019-03-29;28 days;Proveedor 804;IN;USD;Extracommunity;45 days;True
FFCC191220;2019-03-27;PROV1441;2019-02-17;2019-03-30;38 days;Proveedor 349;ES;EUR;Spanish;10 days;False
FFCC191225;2019-03-31;PROV41000980;2019-02-27;2019-04-03;32 days;Proveedor 110;ES;EUR;Spanish;10 days;False
FFCC191228;2019-03-08;PROV40000500;2019-02-05;2019-03-11;31 days;Proveedor 16;ES;EUR;Spanish;10 days;False
FFCC191249;2019-03-29;PROV1014;2019-03-01;2019-04-01;28 days;Proveedor 171;ES;EUR;Spanish;10 days;False
FFCC191254;2019-03-24;PROV40002220;2019-02-25;2019-03-27;27 days;Proveedor 36;ES;EUR;Spanish;10 days;False
FFCC191255;2019-04-01;PROV40002330;2019-03-22;2019-04-04;10 days;Proveedor 37;ES;EUR;Spanish;10 days;True
FFCC191277;2019-03-20;PROV2164;2019-03-07;2019-03-23;13 days;Proveedor 988;CH;USD;Extracommunity;45 days;True
FFCC191278;2019-03-27;PROV1428;2019-03-25;2019-03-30;2 days;Proveedor 341;CH;USD;Extracommunity;45 days;True
FFCC191281;2019-03-28;PROV1397;2019-02-17;2019-03-31;39 days;Proveedor 321;PE;USD;Extracommunity;45 days;True
FFCC191283;2019-03-01;PROV1485;2019-01-06;2019-03-04;54 days;Proveedor 386;IE;EUR;Intracommunity;20 days;False
FFCC191285;2019-04-05;PROV40000500;2019-03-09;2019-04-08;27 days;Proveedor 16;ES;EUR;Spanish;10 days;False
FFCC191290;2019-03-22;PROV1756;2019-02-13;2019-03-25;37 days;Proveedor 603;IN;USD;Extracommunity;45 days;True
FFCC191293;2019-03-01;PROV1585;2019-01-17;2019-03-04;43 days;Proveedor 479;CH;USD;Extracommunity;45 days;True
FFCC191297;2019-04-06;PROV40002330;2019-03-15;2019-04-09;22 days;Proveedor 37;ES;EUR;Spanish;10 days;False
FFCC191298;2019-04-05;PROV40000850;2019-03-03;2019-04-08;33 days;Proveedor 21;ES;EUR;Spanish;10 days;False
FFCC191300;2019-04-03;PROV1485;2019-02-09;2019-04-06;53 days;Proveedor 386;IE;EUR;Intracommunity;20 days;False
FFCC191316;2019-04-08;PROV1895;2019-03-10;2019-04-11;29 days;Proveedor 8;ES;EUR;Spanish;10 days;False
FFCC191318;2019-03-06;PROV40001000;2019-02-17;2019-03-09;17 days;Proveedor 24;FR;EUR;Intracommunity;20 days;True
FFCC191323;2019-04-02;PROV40001000;2019-03-01;2019-04-05;32 days;Proveedor 24;FR;EUR;Intracommunity;20 days;False
FFCC191329;2019-03-01;PROV1014;2019-02-16;2019-03-04;13 days;Proveedor 171;ES;EUR;Spanish;10 days;False
FFCC191331;2019-03-01;PROV41000232;2019-01-16;2019-03-04;44 days;Proveedor 61;ES;EUR;Spanish;10 days;False
FFCC191335;2019-04-05;PROV1465;2019-02-24;2019-04-08;40 days;Proveedor 368;ES;EUR;Spanish;10 days;False
FFCC191338;2019-04-06;PROV1875;2019-03-01;2019-04-09;36 days;Proveedor 711;CH;USD;Extracommunity;45 days;True
FFCC191367;2019-04-15;PROV1900;2019-03-05;2019-04-18;41 days;Proveedor 732;ES;EUR;Spanish;10 days;False
FFCC191371;2019-04-12;PROV40000850;2019-03-30;2019-04-15;13 days;Proveedor 21;ES;EUR;Spanish;10 days;False
FFCC191377;2019-04-03;PROV1484;2019-02-10;2019-04-06;52 days;Proveedor 385;ES;EUR;Spanish;10 days;False
FFCC191381;2019-04-12;PROV40000520;2019-02-23;2019-04-15;48 days;Proveedor 17;ES;EUR;Spanish;10 days;False
FFCC191403;2019-04-12;PROV1734;2019-03-30;2019-04-15;13 days;Proveedor 593;ES;EUR;Spanish;10 days;False
FFCC191404;2019-04-11;PROV1938;2019-02-26;2019-04-14;44 days;Proveedor 768;ES;EUR;Spanish;10 days;False
FFCC191422;2019-04-15;PROV2128;2019-03-15;2019-04-18;31 days;Proveedor 954;ES;EUR;Spanish;10 days;False
FFCC191424;2019-04-03;PROV40001000;2019-02-23;2019-04-06;39 days;Proveedor 24;FR;EUR;Intracommunity;20 days;False
FFCC191433;2019-04-15;PROV1129;2019-04-05;2019-04-18;10 days;Proveedor 207;ES;EUR;Spanish;10 days;True
FFCC191435;2019-04-12;PROV1876;2019-02-26;2019-04-15;45 days;Proveedor 712;ES;EUR;Spanish;10 days;False
FFCC191437;2019-04-16;PROV40002330;2019-03-08;2019-04-19;39 days;Proveedor 37;ES;EUR;Spanish;10 days;False
FFCC191438;2019-04-15;PROV40002330;2019-04-01;2019-04-18;14 days;Proveedor 37;ES;EUR;Spanish;10 days;False
FFCC191439;2019-04-16;PROV1650;2019-03-28;2019-04-19;19 days;Proveedor 539;ES;EUR;Spanish;10 days;False
FFCC191452;2019-04-23;PROV1191;2019-03-02;2019-04-26;52 days;Proveedor 227;ES;EUR;Spanish;10 days;False
FFCC191454;2019-04-05;PROV40000520;2019-02-27;2019-04-08;37 days;Proveedor 17;ES;EUR;Spanish;10 days;False
FFCC191461;2019-04-10;PROV1014;2019-03-02;2019-04-13;39 days;Proveedor 171;ES;EUR;Spanish;10 days;False
FFCC191462;2019-04-10;PROV1397;2019-03-22;2019-04-13;19 days;Proveedor 321;PE;USD;Extracommunity;45 days;True
FFCC191463;2019-04-25;PROV40000520;2019-03-20;2019-04-28;36 days;Proveedor 17;ES;EUR;Spanish;10 days;False
FFCC191464;2019-04-25;PROV40002720;2019-03-22;2019-04-28;34 days;Proveedor 38;ES;EUR;Spanish;10 days;False
FFCC191465;2019-04-19;PROV1027;2019-03-07;2019-04-22;43 days;Proveedor 178;ES;EUR;Spanish;10 days;False
FFCC191466;2019-04-22;PROV1876;2019-04-01;2019-04-25;21 days;Proveedor 712;ES;EUR;Spanish;10 days;False
FFCC191490;2019-04-17;PROV1976;2019-04-02;2019-04-20;15 days;Proveedor 804;IN;USD;Extracommunity;45 days;True
FFCC191492;2019-04-01;PROV1585;2019-03-12;2019-04-04;20 days;Proveedor 479;CH;USD;Extracommunity;45 days;True
FFCC191496;2019-04-01;PROV1485;2019-02-07;2019-04-04;53 days;Proveedor 386;IE;EUR;Intracommunity;20 days;False
FFCC191500;2019-04-15;PROV1003;2019-03-11;2019-04-18;35 days;Proveedor 165;CN;USD;Extracommunity;45 days;True
FFCC191501;2019-04-02;PROV1003;2019-03-12;2019-04-05;21 days;Proveedor 165;CN;USD;Extracommunity;45 days;True
FFCC191533;2019-04-25;PROV1441;2019-03-28;2019-04-28;28 days;Proveedor 349;ES;EUR;Spanish;10 days;False
FFCC191534;2019-04-30;PROV41000980;2019-03-25;2019-05-03;36 days;Proveedor 110;ES;EUR;Spanish;10 days;False
FFCC191536;2019-04-25;PROV1876;2019-03-02;2019-04-28;54 days;Proveedor 712;ES;EUR;Spanish;10 days;False
FFCC191540;2019-04-10;PROV40000187;2019-02-24;2019-04-13;45 days;Proveedor 13;ES;EUR;Spanish;10 days;False
FFCC191541;2019-04-10;PROV40000187;2019-03-01;2019-04-13;40 days;Proveedor 13;ES;EUR;Spanish;10 days;False
FFCC191548;2019-04-27;PROV40002330;2019-03-16;2019-04-30;42 days;Proveedor 37;ES;EUR;Spanish;10 days;False
FFCC191549;2019-04-30;PROV40000520;2019-04-10;2019-05-03;20 days;Proveedor 17;ES;EUR;Spanish;10 days;False
FFCC191578;2019-04-30;PROV40002065;2019-04-07;2019-05-03;23 days;Proveedor 30;ES;EUR;Spanish;10 days;False
FFCC191626;2019-04-30;PROV1465;2019-03-22;2019-05-03;39 days;Proveedor 368;ES;EUR;Spanish;10 days;False
FFCC191636;2019-04-01;PROV1397;2019-02-27;2019-04-04;33 days;Proveedor 321;PE;USD;Extracommunity;45 days;True
FFCC191637;2019-04-01;PROV1475;2019-03-24;2019-04-04;8 days;Proveedor 376;CH;USD;Extracommunity;45 days;True
FFCC191646;2019-04-23;PROV40001825;2019-03-10;2019-04-26;44 days;Proveedor 29;ES;EUR;Spanish;10 days;False
FFCC191647;2019-04-30;PROV40000500;2019-03-28;2019-05-03;33 days;Proveedor 16;ES;EUR;Spanish;10 days;False
FFCC191648;2019-05-02;PROV1938;2019-04-09;2019-05-05;23 days;Proveedor 768;ES;EUR;Spanish;10 days;False
FFCC191650;2019-04-01;PROV1756;2019-03-05;2019-04-04;27 days;Proveedor 603;IN;USD;Extracommunity;45 days;True
FFCC191698;2019-05-13;PROV1003;2019-05-01;2019-05-16;12 days;Proveedor 165;CN;USD;Extracommunity;45 days;True
FFCC191702;2019-05-01;PROV1428;2019-03-06;2019-05-04;56 days;Proveedor 341;CH;USD;Extracommunity;45 days;False
FFCC191705;2019-05-07;PROV1734;2019-04-28;2019-05-10;9 days;Proveedor 593;ES;EUR;Spanish;10 days;True
FFCC191708;2019-05-01;PROV1756;2019-04-13;2019-05-04;18 days;Proveedor 603;IN;USD;Extracommunity;45 days;True
FFCC191709;2019-05-01;PROV1398;2019-03-23;2019-05-04;39 days;Proveedor 322;CH;USD;Extracommunity;45 days;True
FFCC191712;2019-05-01;PROV1014;2019-03-09;2019-05-04;53 days;Proveedor 171;ES;EUR;Spanish;10 days;False
FFCC191713;2019-05-01;PROV1014;2019-04-04;2019-05-04;27 days;Proveedor 171;ES;EUR;Spanish;10 days;False
FFCC191715;2019-05-06;PROV40002330;2019-04-08;2019-05-09;28 days;Proveedor 37;ES;EUR;Spanish;10 days;False
FFCC191717;2019-05-01;PROV1397;2019-03-27;2019-05-04;35 days;Proveedor 321;PE;USD;Extracommunity;45 days;True
FFCC191720;2019-05-10;PROV40000500;2019-04-14;2019-05-13;26 days;Proveedor 16;ES;EUR;Spanish;10 days;False
FFCC191732;2019-05-15;PROV40001470;2019-04-01;2019-05-18;44 days;Proveedor 26;ES;EUR;Spanish;10 days;False
FFCC191735;2019-05-01;PROV1485;2019-04-11;2019-05-04;20 days;Proveedor 386;IE;EUR;Intracommunity;20 days;True
FFCC191739;2019-05-01;PROV1485;2019-03-15;2019-05-04;47 days;Proveedor 386;IE;EUR;Intracommunity;20 days;False
FFCC191761;2019-05-10;PROV1027;2019-04-16;2019-05-13;24 days;Proveedor 178;ES;EUR;Spanish;10 days;False
FFCC191762;2019-05-15;PROV1900;2019-03-31;2019-05-18;45 days;Proveedor 732;ES;EUR;Spanish;10 days;False
FFCC191766;2019-05-11;PROV40002330;2019-03-29;2019-05-14;43 days;Proveedor 37;ES;EUR;Spanish;10 days;False
FFCC191768;2019-05-01;PROV40000735;2019-03-11;2019-05-04;51 days;Proveedor 19;ES;EUR;Spanish;10 days;False
FFCC191769;2019-05-01;PROV40001000;2019-03-23;2019-05-04;39 days;Proveedor 24;FR;EUR;Intracommunity;20 days;False
FFCC191771;2019-05-08;PROV1976;2019-03-16;2019-05-11;53 days;Proveedor 804;IN;USD;Extracommunity;45 days;False
FFCC191773;2019-05-15;PROV1129;2019-05-01;2019-05-18;14 days;Proveedor 207;ES;EUR;Spanish;10 days;False
FFCC191785;2019-05-17;PROV1734;2019-04-03;2019-05-20;44 days;Proveedor 593;ES;EUR;Spanish;10 days;False
FFCC191794;2019-05-17;PROV40000520;2019-05-06;2019-05-20;11 days;Proveedor 17;ES;EUR;Spanish;10 days;False
FFCC191797;2019-05-15;PROV1443;2019-05-07;2019-05-18;8 days;Proveedor 351;ES;EUR;Spanish;10 days;True
FFCC191798;2019-05-14;PROV40000735;2019-03-31;2019-05-17;44 days;Proveedor 19;ES;EUR;Spanish;10 days;False
FFCC191815;2019-05-15;PROV40000882;2019-04-12;2019-05-18;33 days;Proveedor 22;ES;EUR;Spanish;10 days;False
FFCC191818;2019-05-13;PROV1756;2019-05-08;2019-05-16;5 days;Proveedor 603;IN;USD;Extracommunity;45 days;True
FFCC191819;2019-05-01;PROV1585;2019-03-26;2019-05-04;36 days;Proveedor 479;CH;USD;Extracommunity;45 days;True
FFCC191822;2019-05-17;PROV1485;2019-04-12;2019-05-20;35 days;Proveedor 386;IE;EUR;Intracommunity;20 days;False
FFCC191824;2019-05-15;PROV2128;2019-04-03;2019-05-18;42 days;Proveedor 954;ES;EUR;Spanish;10 days;False
FFCC191825;2019-05-01;PROV1475;2019-04-12;2019-05-04;19 days;Proveedor 376;CH;USD;Extracommunity;45 days;True
FFCC191830;2019-05-10;PROV40000520;2019-04-13;2019-05-13;27 days;Proveedor 17;ES;EUR;Spanish;10 days;False
FFCC191832;2019-05-01;PROV1585;2019-04-20;2019-05-04;11 days;Proveedor 479;CH;USD;Extracommunity;45 days;True
FFCC191833;2019-05-16;PROV1938;2019-05-04;2019-05-19;12 days;Proveedor 768;ES;EUR;Spanish;10 days;False
FFCC191839;2019-05-17;PROV40000850;2019-04-01;2019-05-20;46 days;Proveedor 21;ES;EUR;Spanish;10 days;False
FFCC191840;2019-05-18;PROV40002330;2019-03-31;2019-05-21;48 days;Proveedor 37;ES;EUR;Spanish;10 days;False
FFCC191857;2019-05-20;PROV1027;2019-04-03;2019-05-23;47 days;Proveedor 178;ES;EUR;Spanish;10 days;False
FFCC191896;2019-05-15;PROV1014;2019-04-01;2019-05-18;44 days;Proveedor 171;ES;EUR;Spanish;10 days;False
FFCC191897;2019-05-17;PROV1014;2019-04-06;2019-05-20;41 days;Proveedor 171;ES;EUR;Spanish;10 days;False
FFCC191901;2019-05-25;PROV40002720;2019-04-21;2019-05-28;34 days;Proveedor 38;ES;EUR;Spanish;10 days;False
FFCC191903;2019-05-01;PROV40002220;2019-03-30;2019-05-04;32 days;Proveedor 36;ES;EUR;Spanish;10 days;False
FFCC191905;2019-05-01;PROV40001000;2019-03-24;2019-05-04;38 days;Proveedor 24;FR;EUR;Intracommunity;20 days;False
FFCC191920;2019-05-01;PROV1936;2019-04-04;2019-05-04;27 days;Proveedor 766;CH;USD;Extracommunity;45 days;True
FFCC191924;2019-05-24;PROV40000520;2019-05-05;2019-05-27;19 days;Proveedor 17;ES;EUR;Spanish;10 days;False
FFCC191954;2019-05-28;PROV1650;2019-04-11;2019-05-31;47 days;Proveedor 539;ES;EUR;Spanish;10 days;False
FFCC191981;2019-05-31;PROV40002065;2019-04-23;2019-06-03;38 days;Proveedor 30;ES;EUR;Spanish;10 days;False
FFCC191983;2019-05-24;PROV1027;2019-05-18;2019-05-27;6 days;Proveedor 178;ES;EUR;Spanish;10 days;True
FFCC191997;2019-05-31;PROV41000980;2019-04-11;2019-06-03;50 days;Proveedor 110;ES;EUR;Spanish;10 days;False
FFCC191999;2019-05-31;PROV40000520;2019-04-29;2019-06-03;32 days;Proveedor 17;ES;EUR;Spanish;10 days;False
FFCC192000;2019-05-25;PROV40000187;2019-04-17;2019-05-28;38 days;Proveedor 13;ES;EUR;Spanish;10 days;False
FFCC192001;2019-05-15;PROV40000187;2019-04-23;2019-05-18;22 days;Proveedor 13;ES;EUR;Spanish;10 days;False
FFCC192002;2019-05-10;PROV40000187;2019-04-24;2019-05-13;16 days;Proveedor 13;ES;EUR;Spanish;10 days;False
FFCC192018;2019-05-01;PROV1485;2019-03-11;2019-05-04;51 days;Proveedor 386;IE;EUR;Intracommunity;20 days;False
FFCC192021;2019-05-30;PROV1027;2019-04-11;2019-06-02;49 days;Proveedor 178;ES;EUR;Spanish;10 days;False
FFCC192029;2019-05-31;PROV1976;2019-04-03;2019-06-03;58 days;Proveedor 804;IN;USD;Extracommunity;45 days;False
FFCC192052;2019-05-01;PROV1475;2019-04-15;2019-05-04;16 days;Proveedor 376;CH;USD;Extracommunity;45 days;True
FFCC192056;2019-05-30;PROV40002720;2019-04-10;2019-06-02;50 days;Proveedor 38;ES;EUR;Spanish;10 days;False
FFCC192062;2019-05-25;PROV2128;2019-05-03;2019-05-28;22 days;Proveedor 954;ES;EUR;Spanish;10 days;False
FFCC192064;2019-05-01;PROV1003;2019-04-04;2019-05-04;27 days;Proveedor 165;CN;USD;Extracommunity;45 days;True
FFCC192082;2019-05-01;PROV1475;2019-03-30;2019-05-04;32 days;Proveedor 376;CH;USD;Extracommunity;45 days;True
FFCC192095;2019-05-31;PROV40002330;2019-04-08;2019-06-03;53 days;Proveedor 37;ES;EUR;Spanish;10 days;False
FFCC192108;2019-06-01;PROV1756;2019-04-23;2019-06-04;39 days;Proveedor 603;IN;USD;Extracommunity;45 days;True
FFCC192109;2019-05-20;PROV1649;2019-04-30;2019-05-23;20 days;Proveedor 538;ES;EUR;Spanish;10 days;False
FFCC192110;2019-05-31;PROV1649;2019-05-13;2019-06-03;18 days;Proveedor 538;ES;EUR;Spanish;10 days;False
FFCC192111;2019-05-15;PROV1649;2019-04-12;2019-05-18;33 days;Proveedor 538;ES;EUR;Spanish;10 days;False
FFCC192112;2019-05-27;PROV1014;2019-05-12;2019-05-30;15 days;Proveedor 171;ES;EUR;Spanish;10 days;False
FFCC192117;2019-06-05;PROV1650;2019-04-24;2019-06-08;42 days;Proveedor 539;ES;EUR;Spanish;10 days;False
FFCC192118;2019-05-30;PROV1441;2019-05-18;2019-06-02;12 days;Proveedor 349;ES;EUR;Spanish;10 days;False
FFCC192127;2019-05-01;PROV1940;2019-03-26;2019-05-04;36 days;Proveedor 770;CH;USD;Extracommunity;45 days;True
FFCC192131;2019-05-01;PROV1485;2019-04-20;2019-05-04;11 days;Proveedor 386;IE;EUR;Intracommunity;20 days;True
FFCC192138;2019-05-01;PROV1968;2019-03-24;2019-05-04;38 days;Proveedor 796;CH;USD;Extracommunity;45 days;True
FFCC192141;2019-06-07;PROV40000500;2019-05-11;2019-06-10;27 days;Proveedor 16;ES;EUR;Spanish;10 days;False
FFCC192142;2019-06-05;PROV1484;2019-05-24;2019-06-08;12 days;Proveedor 385;ES;EUR;Spanish;10 days;False
FFCC192155;2019-05-27;PROV40002330;2019-05-14;2019-05-30;13 days;Proveedor 37;ES;EUR;Spanish;10 days;False
FFCC192157;2019-05-14;PROV1485;2019-04-08;2019-05-17;36 days;Proveedor 386;IE;EUR;Intracommunity;20 days;False
FFCC192179;2019-06-01;PROV40001000;2019-05-17;2019-06-04;15 days;Proveedor 24;FR;EUR;Intracommunity;20 days;True
FFCC192181;2019-06-07;PROV40000520;2019-04-26;2019-06-10;42 days;Proveedor 17;ES;EUR;Spanish;10 days;False
FFCC192215;2019-06-03;PROV40001825;2019-05-08;2019-06-06;26 days;Proveedor 29;ES;EUR;Spanish;10 days;False
FFCC192216;2019-06-03;PROV40001825;2019-04-16;2019-06-06;48 days;Proveedor 29;ES;EUR;Spanish;10 days;False
FFCC192218;2019-06-08;PROV40002330;2019-04-22;2019-06-11;47 days;Proveedor 37;ES;EUR;Spanish;10 days;False
FFCC192221;2019-06-01;PROV1398;2019-05-21;2019-06-04;11 days;Proveedor 322;CH;USD;Extracommunity;45 days;True
FFCC192224;2019-06-15;PROV1900;2019-04-29;2019-06-18;47 days;Proveedor 732;ES;EUR;Spanish;10 days;False
FFCC192225;2019-06-13;PROV1650;2019-06-01;2019-06-16;12 days;Proveedor 539;ES;EUR;Spanish;10 days;False
FFCC192235;2019-06-10;PROV1027;2019-04-18;2019-06-13;53 days;Proveedor 178;ES;EUR;Spanish;10 days;False
FFCC192237;2019-06-15;PROV1129;2019-05-25;2019-06-18;21 days;Proveedor 207;ES;EUR;Spanish;10 days;False
FFCC192238;2019-06-10;PROV1465;2019-05-28;2019-06-13;13 days;Proveedor 368;ES;EUR;Spanish;10 days;False
FFCC192257;2019-06-15;PROV40002330;2019-05-09;2019-06-18;37 days;Proveedor 37;ES;EUR;Spanish;10 days;False
FFCC192263;2019-06-15;PROV2128;2019-05-27;2019-06-18;19 days;Proveedor 954;ES;EUR;Spanish;10 days;False
FFCC192268;2019-06-01;PROV40001000;2019-05-13;2019-06-04;19 days;Proveedor 24;FR;EUR;Intracommunity;20 days;True
FFCC192270;2019-06-07;PROV1756;2019-05-13;2019-06-10;25 days;Proveedor 603;IN;USD;Extracommunity;45 days;True
FFCC192272;2019-06-14;PROV1027;2019-06-02;2019-06-17;12 days;Proveedor 178;ES;EUR;Spanish;10 days;False
FFCC192277;2019-06-14;PROV1976;2019-05-27;2019-06-17;18 days;Proveedor 804;IN;USD;Extracommunity;45 days;True
FFCC192281;2019-06-01;PROV1475;2019-05-15;2019-06-04;17 days;Proveedor 376;CH;USD;Extracommunity;45 days;True
FFCC192285;2019-06-01;PROV1585;2019-04-27;2019-06-04;35 days;Proveedor 479;CH;USD;Extracommunity;45 days;True
FFCC192294;2019-06-19;PROV1734;2019-05-15;2019-06-22;35 days;Proveedor 593;ES;EUR;Spanish;10 days;False
FFCC192295;2019-06-14;PROV1734;2019-05-17;2019-06-17;28 days;Proveedor 593;ES;EUR;Spanish;10 days;False
FFCC192298;2019-06-21;PROV40000520;2019-05-04;2019-06-24;48 days;Proveedor 17;ES;EUR;Spanish;10 days;False
FFCC192300;2019-06-01;PROV1485;2019-04-15;2019-06-04;47 days;Proveedor 386;IE;EUR;Intracommunity;20 days;False
FFCC192307;2019-06-19;PROV40002330;2019-05-06;2019-06-22;44 days;Proveedor 37;ES;EUR;Spanish;10 days;False
FFCC192314;2019-06-22;PROV40002330;2019-05-09;2019-06-25;44 days;Proveedor 37;ES;EUR;Spanish;10 days;False
FFCC192319;2019-06-14;PROV40000500;2019-05-09;2019-06-17;36 days;Proveedor 16;ES;EUR;Spanish;10 days;False
FFCC192320;2019-06-01;PROV40002220;2019-04-26;2019-06-04;36 days;Proveedor 36;ES;EUR;Spanish;10 days;False
FFCC192329;2019-06-25;PROV40002720;2019-06-14;2019-06-28;11 days;Proveedor 38;ES;EUR;Spanish;10 days;False
FFCC192331;2019-06-05;PROV1585;2019-05-12;2019-06-08;24 days;Proveedor 479;CH;USD;Extracommunity;45 days;True
FFCC192342;2019-06-25;PROV1650;2019-05-24;2019-06-28;32 days;Proveedor 539;ES;EUR;Spanish;10 days;False
FFCC192348;2019-06-20;PROV1465;2019-05-07;2019-06-23;44 days;Proveedor 368;ES;EUR;Spanish;10 days;False
FFCC192352;2019-06-30;PROV40000520;2019-05-23;2019-07-03;38 days;Proveedor 17;ES;EUR;Spanish;10 days;False
FFCC192365;2019-06-10;PROV40000187;2019-05-17;2019-06-13;24 days;Proveedor 13;ES;EUR;Spanish;10 days;False
FFCC192366;2019-06-20;PROV1428;2019-06-09;2019-06-23;11 days;Proveedor 341;CH;USD;Extracommunity;45 days;True
FFCC192368;2019-06-01;PROV1475;2019-04-28;2019-06-04;34 days;Proveedor 376;CH;USD;Extracommunity;45 days;True
FFCC192372;2019-06-15;PROV40000187;2019-05-07;2019-06-18;39 days;Proveedor 13;ES;EUR;Spanish;10 days;False
FFCC192381;2019-06-30;PROV1129;2019-05-30;2019-07-03;31 days;Proveedor 207;ES;EUR;Spanish;10 days;False
FFCC192399;2019-06-19;PROV1756;2019-06-10;2019-06-22;9 days;Proveedor 603;IN;USD;Extracommunity;45 days;True
FFCC192400;2019-06-01;PROV1875;2019-05-16;2019-06-04;16 days;Proveedor 711;CH;USD;Extracommunity;45 days;True
FFCC192404;2019-06-30;PROV40002065;2019-06-04;2019-07-03;26 days;Proveedor 30;ES;EUR;Spanish;10 days;False
FFCC192416;2019-06-24;PROV1014;2019-06-03;2019-06-27;21 days;Proveedor 171;ES;EUR;Spanish;10 days;False
FFCC192417;2019-06-28;PROV1528;2019-06-15;2019-07-01;13 days;Proveedor 425;ES;EUR;Spanish;10 days;False
FFCC192425;2019-06-25;PROV1976;2019-05-19;2019-06-28;37 days;Proveedor 804;IN;USD;Extracommunity;45 days;True
FFCC192427;2019-06-30;PROV40000187;2019-06-02;2019-07-03;28 days;Proveedor 13;ES;EUR;Spanish;10 days;False
FFCC192437;2019-06-11;PROV1649;2019-05-22;2019-06-14;20 days;Proveedor 538;ES;EUR;Spanish;10 days;False
FFCC192502;2019-06-01;PROV2164;2019-04-15;2019-06-04;47 days;Proveedor 988;CH;USD;Extracommunity;45 days;False
FFCC192505;2019-06-01;PROV1003;2019-05-12;2019-06-04;20 days;Proveedor 165;CN;USD;Extracommunity;45 days;True
FFCC192506;2019-06-25;PROV2128;2019-05-09;2019-06-28;47 days;Proveedor 954;ES;EUR;Spanish;10 days;False
FFCC192537;2019-06-27;PROV1938;2019-05-21;2019-06-30;37 days;Proveedor 768;ES;EUR;Spanish;10 days;False
FFCC192543;2019-06-01;PROV1964;2019-04-12;2019-06-04;50 days;Proveedor 792;CH;USD;Extracommunity;45 days;False
FFCC192552;2019-06-29;PROV40002330;2019-06-01;2019-07-02;28 days;Proveedor 37;ES;EUR;Spanish;10 days;False
FFCC192561;2019-06-30;PROV41000980;2019-05-27;2019-07-03;34 days;Proveedor 110;ES;EUR;Spanish;10 days;False
FFCC192562;2019-06-28;PROV1441;2019-05-29;2019-07-01;30 days;Proveedor 349;ES;EUR;Spanish;10 days;False
FFCC192563;2019-06-30;PROV1875;2019-06-04;2019-07-03;26 days;Proveedor 711;CH;USD;Extracommunity;45 days;True
FFCC192564;2019-06-30;PROV1585;2019-05-19;2019-07-03;42 days;Proveedor 479;CH;USD;Extracommunity;45 days;True
FFCC192570;2019-07-10;PROV40000187;2019-05-16;2019-07-13;55 days;Proveedor 13;ES;EUR;Spanish;10 days;False
FFCC192584;2019-07-01;PROV1485;2019-05-03;2019-07-04;59 days;Proveedor 386;IE;EUR;Intracommunity;20 days;False
FFCC192586;2019-07-01;PROV1585;2019-06-13;2019-07-04;18 days;Proveedor 479;CH;USD;Extracommunity;45 days;True
FFCC192589;2019-07-01;PROV1014;2019-05-24;2019-07-04;38 days;Proveedor 171;ES;EUR;Spanish;10 days;False
FFCC192592;2019-07-02;PROV1649;2019-05-29;2019-07-05;34 days;Proveedor 538;ES;EUR;Spanish;10 days;False
FFCC192596;2019-07-10;PROV40002330;2019-06-19;2019-07-13;21 days;Proveedor 37;ES;EUR;Spanish;10 days;False
FFCC192609;2019-07-10;PROV1027;2019-05-28;2019-07-13;43 days;Proveedor 178;ES;EUR;Spanish;10 days;False
FFCC192617;2019-07-01;PROV1398;2019-06-16;2019-07-04;15 days;Proveedor 322;CH;USD;Extracommunity;45 days;True
FFCC192620;2019-07-15;PROV1027;2019-06-15;2019-07-18;30 days;Proveedor 178;ES;EUR;Spanish;10 days;False
FFCC192621;2019-07-01;PROV1551;2019-06-01;2019-07-04;30 days;Proveedor 447;CH;USD;Extracommunity;45 days;True
FFCC192649;2019-07-01;PROV1585;2019-05-13;2019-07-04;49 days;Proveedor 479;CH;USD;Extracommunity;45 days;False
FFCC192652;2019-07-15;PROV1129;2019-06-02;2019-07-18;43 days;Proveedor 207;ES;EUR;Spanish;10 days;False
FFCC192653;2019-07-15;PROV40002330;2019-05-28;2019-07-18;48 days;Proveedor 37;ES;EUR;Spanish;10 days;False
FFCC192657;2019-07-08;PROV1397;2019-05-16;2019-07-11;53 days;Proveedor 321;PE;USD;Extracommunity;45 days;False
FFCC192666;2019-07-01;PROV1585;2019-05-31;2019-07-04;31 days;Proveedor 479;CH;USD;Extracommunity;45 days;True
FFCC192692;2019-07-15;PROV40001470;2019-06-06;2019-07-18;39 days;Proveedor 26;ES;EUR;Spanish;10 days;False
FFCC192696;2019-07-15;PROV2128;2019-07-13;2019-07-18;2 days;Proveedor 954;ES;EUR;Spanish;10 days;True
FFCC192706;2019-07-05;PROV40000520;2019-06-11;2019-07-08;24 days;Proveedor 17;ES;EUR;Spanish;10 days;False
FFCC192709;2019-07-16;PROV1014;2019-06-16;2019-07-19;30 days;Proveedor 171;ES;EUR;Spanish;10 days;False
FFCC192711;2019-07-10;PROV40001000;2019-06-16;2019-07-13;24 days;Proveedor 24;FR;EUR;Intracommunity;20 days;False
FFCC192713;2019-07-17;PROV1976;2019-06-13;2019-07-20;34 days;Proveedor 804;IN;USD;Extracommunity;45 days;True
FFCC192714;2019-07-18;PROV1441;2019-07-07;2019-07-21;11 days;Proveedor 349;ES;EUR;Spanish;10 days;False
FFCC192715;2019-07-18;PROV1938;2019-05-31;2019-07-21;48 days;Proveedor 768;ES;EUR;Spanish;10 days;False
FFCC192723;2019-07-08;PROV40001000;2019-06-18;2019-07-11;20 days;Proveedor 24;FR;EUR;Intracommunity;20 days;True
FFCC192736;2019-07-15;PROV1465;2019-06-19;2019-07-18;26 days;Proveedor 368;ES;EUR;Spanish;10 days;False
FFCC192765;2019-07-20;PROV1734;2019-06-20;2019-07-23;30 days;Proveedor 593;ES;EUR;Spanish;10 days;False
FFCC192766;2019-07-26;PROV1734;2019-06-13;2019-07-29;43 days;Proveedor 593;ES;EUR;Spanish;10 days;False
FFCC192768;2019-07-26;PROV40000500;2019-07-01;2019-07-29;25 days;Proveedor 16;ES;EUR;Spanish;10 days;False
FFCC192769;2019-07-01;PROV1875;2019-06-24;2019-07-04;7 days;Proveedor 711;CH;USD;Extracommunity;45 days;True
FFCC192770;2019-07-20;PROV40002330;2019-07-06;2019-07-23;14 days;Proveedor 37;ES;EUR;Spanish;10 days;False
FFCC192774;2019-07-26;PROV40000520;2019-06-27;2019-07-29;29 days;Proveedor 17;ES;EUR;Spanish;10 days;False
FFCC192775;2019-07-19;PROV40000520;2019-06-04;2019-07-22;45 days;Proveedor 17;ES;EUR;Spanish;10 days;False
FFCC192782;2019-07-25;PROV40002720;2019-07-08;2019-07-28;17 days;Proveedor 38;ES;EUR;Spanish;10 days;False
FFCC192786;2019-07-26;PROV1875;2019-07-06;2019-07-29;20 days;Proveedor 711;CH;USD;Extracommunity;45 days;True
FFCC192792;2019-07-26;PROV40002330;2019-07-19;2019-07-29;7 days;Proveedor 37;ES;EUR;Spanish;10 days;True
FFCC192808;2019-07-31;PROV40002065;2019-07-05;2019-08-03;26 days;Proveedor 30;ES;EUR;Spanish;10 days;False
FFCC192829;2019-07-26;PROV1485;2019-06-09;2019-07-29;47 days;Proveedor 386;IE;EUR;Intracommunity;20 days;False
FFCC192833;2019-07-31;PROV41000980;2019-06-13;2019-08-03;48 days;Proveedor 110;ES;EUR;Spanish;10 days;False
FFCC192852;2019-07-24;PROV40000735;2019-07-08;2019-07-27;16 days;Proveedor 19;ES;EUR;Spanish;10 days;False
FFCC192861;2019-07-29;PROV1895;2019-07-06;2019-08-01;23 days;Proveedor 8;ES;EUR;Spanish;10 days;False
FFCC192863;2019-07-31;PROV1129;2019-06-23;2019-08-03;38 days;Proveedor 207;ES;EUR;Spanish;10 days;False
FFCC192870;2019-07-31;PROV2128;2019-06-10;2019-08-03;51 days;Proveedor 954;ES;EUR;Spanish;10 days;False
FFCC192871;2019-07-01;PROV1816;2019-05-19;2019-07-04;43 days;Proveedor 661;CH;USD;Extracommunity;45 days;True
FFCC192878;2019-07-01;PROV2164;2019-06-03;2019-07-04;28 days;Proveedor 988;CH;USD;Extracommunity;45 days;True
FFCC192880;2019-07-26;PROV1976;2019-07-14;2019-07-29;12 days;Proveedor 804;IN;USD;Extracommunity;45 days;True
FFCC192882;2019-07-22;PROV1756;2019-07-10;2019-07-25;12 days;Proveedor 603;IN;USD;Extracommunity;45 days;True
FFCC192883;2019-07-12;PROV1649;2019-06-06;2019-07-15;36 days;Proveedor 538;ES;EUR;Spanish;10 days;False
FFCC192887;2019-07-05;PROV40002220;2019-05-31;2019-07-08;35 days;Proveedor 36;ES;EUR;Spanish;10 days;False
FFCC192895;2019-07-31;PROV40002220;2019-07-10;2019-08-03;21 days;Proveedor 36;ES;EUR;Spanish;10 days;False
FFCC192896;2019-07-19;PROV1003;2019-06-17;2019-07-22;32 days;Proveedor 165;CN;USD;Extracommunity;45 days;True
FFCC192897;2019-07-01;PROV1585;2019-05-08;2019-07-04;54 days;Proveedor 479;CH;USD;Extracommunity;45 days;False
FFCC192898;2019-07-01;PROV1968;2019-06-23;2019-07-04;8 days;Proveedor 796;CH;USD;Extracommunity;45 days;True
FFCC192906;2019-07-01;PROV1475;2019-06-22;2019-07-04;9 days;Proveedor 376;CH;USD;Extracommunity;45 days;True
FFCC192951;2019-08-15;PROV40001470;2019-07-21;2019-08-18;25 days;Proveedor 26;ES;EUR;Spanish;10 days;False
FFCC192953;2019-08-03;PROV40002330;2019-06-21;2019-08-06;43 days;Proveedor 37;ES;EUR;Spanish;10 days;False
FFCC192954;2019-08-01;PROV1585;2019-06-24;2019-08-04;38 days;Proveedor 479;CH;USD;Extracommunity;45 days;True
FFCC192980;2019-07-30;PROV40001000;2019-07-07;2019-08-02;23 days;Proveedor 24;FR;EUR;Intracommunity;20 days;False
FFCC192981;2019-08-07;PROV40001000;2019-07-11;2019-08-10;27 days;Proveedor 24;FR;EUR;Intracommunity;20 days;False
FFCC192982;2019-08-01;PROV1428;2019-07-11;2019-08-04;21 days;Proveedor 341;CH;USD;Extracommunity;45 days;True
FFCC192985;2019-08-02;PROV40000500;2019-07-08;2019-08-05;25 days;Proveedor 16;ES;EUR;Spanish;10 days;False
FFCC192989;2019-08-07;PROV1650;2019-06-16;2019-08-10;52 days;Proveedor 539;ES;EUR;Spanish;10 days;False
FFCC192990;2019-08-08;PROV1650;2019-06-29;2019-08-11;40 days;Proveedor 539;ES;EUR;Spanish;10 days;False
FFCC193003;2019-08-01;PROV1936;2019-06-10;2019-08-04;52 days;Proveedor 766;CH;USD;Extracommunity;45 days;False
FFCC193013;2019-08-09;PROV1734;2019-06-18;2019-08-12;52 days;Proveedor 593;ES;EUR;Spanish;10 days;False
FFCC193032;2019-08-09;PROV1976;2019-07-06;2019-08-12;34 days;Proveedor 804;IN;USD;Extracommunity;45 days;True
FFCC193033;2019-08-08;PROV1014;2019-07-07;2019-08-11;32 days;Proveedor 171;ES;EUR;Spanish;10 days;False
FFCC193041;2019-08-15;PROV1323;2019-07-25;2019-08-18;21 days;Proveedor 281;ES;EUR;Spanish;10 days;False
FFCC193042;2019-08-01;PROV1485;2019-07-08;2019-08-04;24 days;Proveedor 386;IE;EUR;Intracommunity;20 days;False
FFCC193052;2019-08-01;PROV1398;2019-07-24;2019-08-04;8 days;Proveedor 322;CH;USD;Extracommunity;45 days;True
FFCC193056;2019-08-22;PROV1397;2019-07-01;2019-08-25;52 days;Proveedor 321;PE;USD;Extracommunity;45 days;False
FFCC193082;2019-08-19;PROV1938;2019-08-06;2019-08-22;13 days;Proveedor 768;ES;EUR;Spanish;10 days;False
FFCC193086;2019-08-01;PROV40001825;2019-07-23;2019-08-04;9 days;Proveedor 29;ES;EUR;Spanish;10 days;True
FFCC193092;2019-08-01;PROV1585;2019-06-28;2019-08-04;34 days;Proveedor 479;CH;USD;Extracommunity;45 days;True
FFCC193103;2019-08-26;PROV2128;2019-07-23;2019-08-29;34 days;Proveedor 954;ES;EUR;Spanish;10 days;False
FFCC193105;2019-08-01;PROV1475;2019-07-22;2019-08-04;10 days;Proveedor 376;CH;USD;Extracommunity;45 days;True
FFCC193108;2019-08-01;PROV1475;2019-06-09;2019-08-04;53 days;Proveedor 376;CH;USD;Extracommunity;45 days;False
FFCC193112;2019-08-01;PROV1585;2019-06-21;2019-08-04;41 days;Proveedor 479;CH;USD;Extracommunity;45 days;True
FFCC193115;2019-08-15;PROV40002330;2019-08-10;2019-08-18;5 days;Proveedor 37;ES;EUR;Spanish;10 days;True
FFCC193116;2019-08-15;PROV40002330;2019-06-30;2019-08-18;46 days;Proveedor 37;ES;EUR;Spanish;10 days;False
FFCC193125;2019-08-01;PROV1940;2019-07-03;2019-08-04;29 days;Proveedor 770;CH;USD;Extracommunity;45 days;True
FFCC193129;2019-08-15;PROV1428;2019-07-22;2019-08-18;24 days;Proveedor 341;CH;USD;Extracommunity;45 days;True
FFCC193131;2019-08-01;PROV1875;2019-06-17;2019-08-04;45 days;Proveedor 711;CH;USD;Extracommunity;45 days;True
FFCC193140;2019-08-22;PROV1027;2019-08-02;2019-08-25;20 days;Proveedor 178;ES;EUR;Spanish;10 days;False
FFCC193165;2019-08-01;PROV1816;2019-06-15;2019-08-04;47 days;Proveedor 661;CH;USD;Extracommunity;45 days;False
FFCC193168;2019-08-01;PROV1964;2019-07-07;2019-08-04;25 days;Proveedor 792;CH;USD;Extracommunity;45 days;True
FFCC193171;2019-08-19;PROV1441;2019-07-25;2019-08-22;25 days;Proveedor 349;ES;EUR;Spanish;10 days;False
FFCC193175;2019-08-10;PROV40000187;2019-07-24;2019-08-13;17 days;Proveedor 13;ES;EUR;Spanish;10 days;False
FFCC193176;2019-08-10;PROV40000187;2019-07-26;2019-08-13;15 days;Proveedor 13;ES;EUR;Spanish;10 days;False
FFCC193211;2019-08-31;PROV41000980;2019-08-13;2019-09-03;18 days;Proveedor 110;ES;EUR;Spanish;10 days;False
FFCC193231;2019-08-26;PROV40002330;2019-07-16;2019-08-29;41 days;Proveedor 37;ES;EUR;Spanish;10 days;False
FFCC193232;2019-08-31;PROV1781;2019-08-19;2019-09-03;12 days;Proveedor 628;ES;EUR;Spanish;10 days;False
FFCC193233;2019-08-31;PROV40002065;2019-07-25;2019-09-03;37 days;Proveedor 30;ES;EUR;Spanish;10 days;False
FFCC193243;2019-08-31;PROV1129;2019-08-05;2019-09-03;26 days;Proveedor 207;ES;EUR;Spanish;10 days;False
FFCC193247;2019-08-28;PROV1756;2019-07-26;2019-08-31;33 days;Proveedor 603;IN;USD;Extracommunity;45 days;True
FFCC193249;2019-08-01;PROV1485;2019-06-16;2019-08-04;46 days;Proveedor 386;IE;EUR;Intracommunity;20 days;False
FFCC193251;2019-08-14;PROV1485;2019-07-14;2019-08-17;31 days;Proveedor 386;IE;EUR;Intracommunity;20 days;False
FFCC193252;2019-08-31;PROV40000520;2019-08-08;2019-09-03;23 days;Proveedor 17;ES;EUR;Spanish;10 days;False
FFCC193269;2019-08-22;PROV1397;2019-08-15;2019-08-25;7 days;Proveedor 321;PE;USD;Extracommunity;45 days;True
FFCC193289;2019-08-08;PROV1014;2019-06-29;2019-08-11;40 days;Proveedor 171;ES;EUR;Spanish;10 days;False
FFCC193295;2019-08-30;PROV1900;2019-07-27;2019-09-02;34 days;Proveedor 732;ES;EUR;Spanish;10 days;False
FFCC193297;2019-09-03;PROV40002330;2019-07-16;2019-09-06;49 days;Proveedor 37;ES;EUR;Spanish;10 days;False
FFCC193298;2019-09-01;PROV1398;2019-08-24;2019-09-04;8 days;Proveedor 322;CH;USD;Extracommunity;45 days;True
FFCC193302;2019-09-01;PROV1816;2019-07-23;2019-09-04;40 days;Proveedor 661;CH;USD;Extracommunity;45 days;True
FFCC193305;2019-09-01;PROV1485;2019-08-15;2019-09-04;17 days;Proveedor 386;IE;EUR;Intracommunity;20 days;True
FFCC193313;2019-09-06;PROV40000520;2019-08-21;2019-09-09;16 days;Proveedor 17;ES;EUR;Spanish;10 days;False
FFCC193320;2019-09-02;PROV1014;2019-07-22;2019-09-05;42 days;Proveedor 171;ES;EUR;Spanish;10 days;False
FFCC193321;2019-09-04;PROV1014;2019-07-11;2019-09-07;55 days;Proveedor 171;ES;EUR;Spanish;10 days;False
FFCC193356;2019-09-15;PROV1900;2019-08-07;2019-09-18;39 days;Proveedor 732;ES;EUR;Spanish;10 days;False
FFCC193358;2019-09-15;PROV40001470;2019-08-14;2019-09-18;32 days;Proveedor 26;ES;EUR;Spanish;10 days;False
FFCC193359;2019-09-11;PROV1650;2019-08-04;2019-09-14;38 days;Proveedor 539;ES;EUR;Spanish;10 days;False
FFCC193360;2019-09-12;PROV1650;2019-08-08;2019-09-15;35 days;Proveedor 539;ES;EUR;Spanish;10 days;False
FFCC193366;2019-09-07;PROV40002330;2019-08-21;2019-09-10;17 days;Proveedor 37;ES;EUR;Spanish;10 days;False
FFCC193367;2019-09-05;PROV1465;2019-08-09;2019-09-08;27 days;Proveedor 368;ES;EUR;Spanish;10 days;False
FFCC193368;2019-09-10;PROV1465;2019-08-12;2019-09-13;29 days;Proveedor 368;ES;EUR;Spanish;10 days;False
FFCC193370;2019-09-04;PROV1484;2019-07-31;2019-09-07;35 days;Proveedor 385;ES;EUR;Spanish;10 days;False
FFCC193371;2019-09-06;PROV1484;2019-08-13;2019-09-09;24 days;Proveedor 385;ES;EUR;Spanish;10 days;False
FFCC193372;2019-09-01;PROV1875;2019-07-25;2019-09-04;38 days;Proveedor 711;CH;USD;Extracommunity;45 days;True
FFCC193376;2019-09-01;PROV1968;2019-08-07;2019-09-04;25 days;Proveedor 796;CH;USD;Extracommunity;45 days;True
FFCC193379;2019-09-01;PROV40001825;2019-08-15;2019-09-04;17 days;Proveedor 29;ES;EUR;Spanish;10 days;False
FFCC193380;2019-09-15;PROV40000850;2019-08-08;2019-09-18;38 days;Proveedor 21;ES;EUR;Spanish;10 days;False
FFCC193384;2019-09-01;PROV1585;2019-08-30;2019-09-04;2 days;Proveedor 479;CH;USD;Extracommunity;45 days;True
FFCC193398;2019-09-13;PROV1976;2019-08-26;2019-09-16;18 days;Proveedor 804;IN;USD;Extracommunity;45 days;True
FFCC193399;2019-09-16;PROV1756;2019-08-21;2019-09-19;26 days;Proveedor 603;IN;USD;Extracommunity;45 days;True
FFCC193431;2019-09-01;PROV1585;2019-08-22;2019-09-04;10 days;Proveedor 479;CH;USD;Extracommunity;45 days;True
FFCC193434;2019-09-18;PROV1895;2019-08-25;2019-09-21;24 days;Proveedor 8;ES;EUR;Spanish;10 days;False
FFCC193435;2019-09-13;PROV40000200;2019-07-31;2019-09-16;44 days;Proveedor 14;ES;EUR;Spanish;10 days;False
FFCC193436;2019-09-15;PROV40002720;2019-08-05;2019-09-18;41 days;Proveedor 38;ES;EUR;Spanish;10 days;False
FFCC193437;2019-09-15;PROV2128;2019-09-01;2019-09-18;14 days;Proveedor 954;ES;EUR;Spanish;10 days;False
FFCC193438;2019-09-12;PROV40002220;2019-08-25;2019-09-15;18 days;Proveedor 36;ES;EUR;Spanish;10 days;False
FFCC193439;2019-09-16;PROV1014;2019-08-10;2019-09-19;37 days;Proveedor 171;ES;EUR;Spanish;10 days;False
FFCC193440;2019-09-16;PROV1014;2019-08-18;2019-09-19;29 days;Proveedor 171;ES;EUR;Spanish;10 days;False
FFCC193483;2019-09-13;PROV40000520;2019-08-17;2019-09-16;27 days;Proveedor 17;ES;EUR;Spanish;10 days;False
FFCC193488;2019-09-10;PROV40001000;2019-08-28;2019-09-13;13 days;Proveedor 24;FR;EUR;Intracommunity;20 days;True
FFCC193489;2019-09-05;PROV40001000;2019-08-24;2019-09-08;12 days;Proveedor 24;FR;EUR;Intracommunity;20 days;True
FFCC193495;2019-09-01;PROV1475;2019-07-27;2019-09-04;36 days;Proveedor 376;CH;USD;Extracommunity;45 days;True
FFCC193524;2019-09-13;PROV1397;2019-09-07;2019-09-16;6 days;Proveedor 321;PE;USD;Extracommunity;45 days;True
FFCC193529;2019-09-30;PROV40002065;2019-08-16;2019-10-03;45 days;Proveedor 30;ES;EUR;Spanish;10 days;False
FFCC193536;2019-09-05;PROV40000187;2019-07-30;2019-09-08;37 days;Proveedor 13;ES;EUR;Spanish;10 days;False
FFCC193537;2019-09-25;PROV40000187;2019-09-04;2019-09-28;21 days;Proveedor 13;ES;EUR;Spanish;10 days;False
FFCC193539;2019-09-25;PROV1938;2019-09-03;2019-09-28;22 days;Proveedor 768;ES;EUR;Spanish;10 days;False
FFCC193569;2019-09-01;PROV1003;2019-08-08;2019-09-04;24 days;Proveedor 165;CN;USD;Extracommunity;45 days;True
FFCC193570;2019-09-27;PROV1003;2019-09-01;2019-09-30;26 days;Proveedor 165;CN;USD;Extracommunity;45 days;True
FFCC193583;2019-09-25;PROV2128;2019-09-06;2019-09-28;19 days;Proveedor 954;ES;EUR;Spanish;10 days;False
FFCC193622;2019-09-01;PROV1475;2019-08-08;2019-09-04;24 days;Proveedor 376;CH;USD;Extracommunity;45 days;True
FFCC193638;2019-09-26;PROV1397;2019-09-14;2019-09-29;12 days;Proveedor 321;PE;USD;Extracommunity;45 days;True
FFCC193639;2019-09-26;PROV1397;2019-08-16;2019-09-29;41 days;Proveedor 321;PE;USD;Extracommunity;45 days;True
FFCC193640;2019-09-26;PROV1397;2019-08-23;2019-09-29;34 days;Proveedor 321;PE;USD;Extracommunity;45 days;True
FFCC193641;2019-09-26;PROV1976;2019-08-31;2019-09-29;26 days;Proveedor 804;IN;USD;Extracommunity;45 days;True
FFCC193653;2019-09-20;PROV40002330;2019-09-06;2019-09-23;14 days;Proveedor 37;ES;EUR;Spanish;10 days;False
FFCC193657;2019-10-01;PROV1398;2019-09-07;2019-10-04;24 days;Proveedor 322;CH;USD;Extracommunity;45 days;True
FFCC193661;2019-09-19;PROV1441;2019-09-01;2019-09-22;18 days;Proveedor 349;ES;EUR;Spanish;10 days;False
FFCC193664;2019-09-20;PROV41001142;2019-08-10;2019-09-23;41 days;Proveedor 123;ES;EUR;Spanish;10 days;False
FFCC193666;2019-09-01;PROV1964;2019-08-11;2019-09-04;21 days;Proveedor 792;CH;USD;Extracommunity;45 days;True
FFCC193670;2019-09-01;PROV1940;2019-08-24;2019-09-04;8 days;Proveedor 770;CH;USD;Extracommunity;45 days;True
FFCC193674;2019-09-20;PROV40000520;2019-08-26;2019-09-23;25 days;Proveedor 17;ES;EUR;Spanish;10 days;False
FFCC193688;2019-10-01;PROV40002330;2019-08-27;2019-10-04;35 days;Proveedor 37;ES;EUR;Spanish;10 days;False
FFCC193689;2019-10-01;PROV40002330;2019-09-13;2019-10-04;18 days;Proveedor 37;ES;EUR;Spanish;10 days;False
FFCC193699;2019-10-04;PROV1976;2019-09-03;2019-10-07;31 days;Proveedor 804;IN;USD;Extracommunity;45 days;True
FFCC193704;2019-10-02;PROV1756;2019-08-31;2019-10-05;32 days;Proveedor 603;IN;USD;Extracommunity;45 days;True
FFCC193739;2019-10-09;PROV40002330;2019-09-20;2019-10-12;19 days;Proveedor 37;ES;EUR;Spanish;10 days;False
FFCC193742;2019-10-01;PROV40002220;2019-08-22;2019-10-04;40 days;Proveedor 36;ES;EUR;Spanish;10 days;False
FFCC193743;2019-10-04;PROV40000520;2019-08-31;2019-10-07;34 days;Proveedor 17;ES;EUR;Spanish;10 days;False
FFCC193760;2019-10-08;PROV40002330;2019-09-18;2019-10-11;20 days;Proveedor 37;ES;EUR;Spanish;10 days;False
FFCC193762;2019-10-08;PROV1756;2019-09-16;2019-10-11;22 days;Proveedor 603;IN;USD;Extracommunity;45 days;True
FFCC193769;2019-10-10;PROV1027;2019-09-01;2019-10-13;39 days;Proveedor 178;ES;EUR;Spanish;10 days;False
FFCC193781;2019-10-15;PROV1129;2019-09-23;2019-10-18;22 days;Proveedor 207;ES;EUR;Spanish;10 days;False
FFCC193782;2019-10-14;PROV1938;2019-09-24;2019-10-17;20 days;Proveedor 768;ES;EUR;Spanish;10 days;False
FFCC193785;2019-10-15;PROV1323;2019-09-22;2019-10-18;23 days;Proveedor 281;ES;EUR;Spanish;10 days;False
FFCC193794;2019-10-11;PROV40000500;2019-09-18;2019-10-14;23 days;Proveedor 16;ES;EUR;Spanish;10 days;False
FFCC193795;2019-10-14;PROV1014;2019-10-11;2019-10-17;3 days;Proveedor 171;ES;EUR;Spanish;10 days;True
FFCC193796;2019-10-04;PROV40000500;2019-09-05;2019-10-07;29 days;Proveedor 16;ES;EUR;Spanish;10 days;False
FFCC193797;2019-10-17;PROV1441;2019-08-23;2019-10-20;55 days;Proveedor 349;ES;EUR;Spanish;10 days;False
FFCC193799;2019-10-01;PROV1398;2019-09-10;2019-10-04;21 days;Proveedor 322;CH;USD;Extracommunity;45 days;True
FFCC193825;2019-10-12;PROV40002330;2019-09-02;2019-10-15;40 days;Proveedor 37;ES;EUR;Spanish;10 days;False
FFCC193830;2019-10-01;PROV1585;2019-08-08;2019-10-04;54 days;Proveedor 479;CH;USD;Extracommunity;45 days;False
FFCC193836;2019-10-01;PROV1816;2019-08-20;2019-10-04;42 days;Proveedor 661;CH;USD;Extracommunity;45 days;True
FFCC193839;2019-10-22;PROV40002330;2019-09-22;2019-10-25;30 days;Proveedor 37;ES;EUR;Spanish;10 days;False
FFCC193842;2019-10-01;PROV1485;2019-09-09;2019-10-04;22 days;Proveedor 386;IE;EUR;Intracommunity;20 days;False
FFCC193844;2019-10-11;PROV40000520;2019-08-28;2019-10-14;44 days;Proveedor 17;ES;EUR;Spanish;10 days;False
FFCC193855;2019-10-01;PROV2164;2019-08-14;2019-10-04;48 days;Proveedor 988;CH;USD;Extracommunity;45 days;False
FFCC193890;2019-10-01;PROV2197;2019-09-08;2019-10-04;23 days;Proveedor 1021;CH;USD;Extracommunity;45 days;True
FFCC193895;2019-10-25;PROV40002720;2019-09-16;2019-10-28;39 days;Proveedor 38;ES;EUR;Spanish;10 days;False
FFCC193907;2019-10-28;PROV1003;2019-10-20;2019-10-31;8 days;Proveedor 165;CN;USD;Extracommunity;45 days;True
FFCC193924;2019-10-21;PROV1014;2019-10-09;2019-10-24;12 days;Proveedor 171;ES;EUR;Spanish;10 days;False
FFCC193933;2019-10-28;PROV1876;2019-09-07;2019-10-31;51 days;Proveedor 712;ES;EUR;Spanish;10 days;False
FFCC193935;2019-10-31;PROV40002065;2019-09-30;2019-11-03;31 days;Proveedor 30;ES;EUR;Spanish;10 days;False
FFCC193940;2019-10-22;PROV1940;2019-09-11;2019-10-25;41 days;Proveedor 770;CH;USD;Extracommunity;45 days;True
FFCC193943;2019-10-22;PROV1936;2019-10-02;2019-10-25;20 days;Proveedor 766;CH;USD;Extracommunity;45 days;True
FFCC193949;2019-10-21;PROV1397;2019-10-04;2019-10-24;17 days;Proveedor 321;PE;USD;Extracommunity;45 days;True
FFCC193950;2019-10-15;PROV40000187;2019-10-02;2019-10-18;13 days;Proveedor 13;ES;EUR;Spanish;10 days;False
FFCC193951;2019-10-24;PROV1441;2019-09-07;2019-10-27;47 days;Proveedor 349;ES;EUR;Spanish;10 days;False
FFCC193953;2019-10-31;PROV40002220;2019-10-09;2019-11-03;22 days;Proveedor 36;ES;EUR;Spanish;10 days;False
FFCC193977;2019-10-31;PROV1129;2019-10-18;2019-11-03;13 days;Proveedor 207;ES;EUR;Spanish;10 days;False
FFCC193980;2019-10-29;PROV1876;2019-09-17;2019-11-01;42 days;Proveedor 712;ES;EUR;Spanish;10 days;False
FFCC193998;2019-10-10;PROV40000187;2019-09-15;2019-10-13;25 days;Proveedor 13;ES;EUR;Spanish;10 days;False
FFCC194001;2019-10-28;PROV1756;2019-10-10;2019-10-31;18 days;Proveedor 603;IN;USD;Extracommunity;45 days;True
FFCC194015;2019-10-25;PROV40000520;2019-09-08;2019-10-28;47 days;Proveedor 17;ES;EUR;Spanish;10 days;False
FFCC194028;2019-10-30;PROV1465;2019-10-05;2019-11-02;25 days;Proveedor 368;ES;EUR;Spanish;10 days;False
FFCC194031;2019-11-07;PROV40001825;2019-09-24;2019-11-10;44 days;Proveedor 29;ES;EUR;Spanish;10 days;False
FFCC194036;2019-11-01;PROV1398;2019-09-26;2019-11-04;36 days;Proveedor 322;CH;USD;Extracommunity;45 days;True
FFCC194039;2019-10-01;PROV1875;2019-08-15;2019-10-04;47 days;Proveedor 711;CH;USD;Extracommunity;45 days;False
FFCC194047;2019-10-19;PROV1428;2019-10-07;2019-10-22;12 days;Proveedor 341;CH;USD;Extracommunity;45 days;True
FFCC194057;2019-10-31;PROV2128;2019-10-07;2019-11-03;24 days;Proveedor 954;ES;EUR;Spanish;10 days;False
FFCC194094;2019-10-01;PROV1475;2019-08-14;2019-10-04;48 days;Proveedor 376;CH;USD;Extracommunity;45 days;False
FFCC194097;2019-10-01;PROV1968;2019-09-05;2019-10-04;26 days;Proveedor 796;CH;USD;Extracommunity;45 days;True
FFCC194106;2019-10-01;PROV1585;2019-08-31;2019-10-04;31 days;Proveedor 479;CH;USD;Extracommunity;45 days;True
FFCC194109;2019-10-31;PROV41000980;2019-09-23;2019-11-03;38 days;Proveedor 110;ES;EUR;Spanish;10 days;False
FFCC194125;2019-11-01;PROV2197;2019-09-20;2019-11-04;42 days;Proveedor 1021;CH;USD;Extracommunity;45 days;True
FFCC194127;2019-11-08;PROV40000520;2019-10-06;2019-11-11;33 days;Proveedor 17;ES;EUR;Spanish;10 days;False
FFCC194131;2019-11-05;PROV40001000;2019-09-22;2019-11-08;44 days;Proveedor 24;FR;EUR;Intracommunity;20 days;False
FFCC194132;2019-11-11;PROV1027;2019-09-18;2019-11-14;54 days;Proveedor 178;ES;EUR;Spanish;10 days;False
FFCC194133;2019-11-08;PROV40000500;2019-09-24;2019-11-11;45 days;Proveedor 16;ES;EUR;Spanish;10 days;False
FFCC194145;2019-11-01;PROV1936;2019-10-09;2019-11-04;23 days;Proveedor 766;CH;USD;Extracommunity;45 days;True
FFCC194148;2019-11-01;PROV1816;2019-10-08;2019-11-04;24 days;Proveedor 661;CH;USD;Extracommunity;45 days;True
FFCC194151;2019-11-15;PROV40001470;2019-10-25;2019-11-18;21 days;Proveedor 26;ES;EUR;Spanish;10 days;False
FFCC194152;2019-11-01;PROV1441;2019-09-24;2019-11-04;38 days;Proveedor 349;ES;EUR;Spanish;10 days;False
FFCC194176;2019-11-08;PROV1027;2019-10-11;2019-11-11;28 days;Proveedor 178;ES;EUR;Spanish;10 days;False
FFCC194177;2019-11-12;PROV1397;2019-10-14;2019-11-15;29 days;Proveedor 321;PE;USD;Extracommunity;45 days;True
FFCC194178;2019-11-01;PROV1585;2019-09-21;2019-11-04;41 days;Proveedor 479;CH;USD;Extracommunity;45 days;True
FFCC194183;2019-11-15;PROV1129;2019-10-22;2019-11-18;24 days;Proveedor 207;ES;EUR;Spanish;10 days;False
FFCC194193;2019-11-01;PROV1485;2019-10-21;2019-11-04;11 days;Proveedor 386;IE;EUR;Intracommunity;20 days;True
FFCC194199;2019-11-09;PROV40002330;2019-09-23;2019-11-12;47 days;Proveedor 37;ES;EUR;Spanish;10 days;False
FFCC194200;2019-11-16;PROV40002330;2019-10-03;2019-11-19;44 days;Proveedor 37;ES;EUR;Spanish;10 days;False
FFCC194210;2019-11-04;PROV40002220;2019-10-15;2019-11-07;20 days;Proveedor 36;ES;EUR;Spanish;10 days;False
FFCC194219;2019-11-15;PROV1976;2019-11-05;2019-11-18;10 days;Proveedor 804;IN;USD;Extracommunity;45 days;True
FFCC194220;2019-11-20;PROV1255;2019-09-27;2019-11-23;54 days;Proveedor 252;ES;EUR;Spanish;10 days;False
FFCC194221;2019-11-01;PROV1816;2019-09-17;2019-11-04;45 days;Proveedor 661;CH;USD;Extracommunity;45 days;True
FFCC194225;2019-11-04;PROV1938;2019-09-20;2019-11-07;45 days;Proveedor 768;ES;EUR;Spanish;10 days;False
FFCC194226;2019-11-05;PROV1484;2019-10-17;2019-11-08;19 days;Proveedor 385;ES;EUR;Spanish;10 days;False
FFCC194230;2019-11-15;PROV2128;2019-10-20;2019-11-18;26 days;Proveedor 954;ES;EUR;Spanish;10 days;False
FFCC194250;2019-11-01;PROV1875;2019-09-25;2019-11-04;37 days;Proveedor 711;CH;USD;Extracommunity;45 days;True
FFCC194253;2019-11-01;PROV1964;2019-09-23;2019-11-04;39 days;Proveedor 792;CH;USD;Extracommunity;45 days;True
FFCC194256;2019-11-14;PROV1014;2019-10-07;2019-11-17;38 days;Proveedor 171;ES;EUR;Spanish;10 days;False
FFCC194258;2019-11-21;PROV1485;2019-10-15;2019-11-24;37 days;Proveedor 386;IE;EUR;Intracommunity;20 days;False
FFCC194263;2019-11-15;PROV40000520;2019-10-30;2019-11-18;16 days;Proveedor 17;ES;EUR;Spanish;10 days;False
FFCC194265;2019-11-22;PROV40000520;2019-11-08;2019-11-25;14 days;Proveedor 17;ES;EUR;Spanish;10 days;False
FFCC194287;2019-11-01;PROV1585;2019-10-10;2019-11-04;22 days;Proveedor 479;CH;USD;Extracommunity;45 days;True
FFCC194291;2019-11-15;PROV40000500;2019-10-06;2019-11-18;40 days;Proveedor 16;ES;EUR;Spanish;10 days;False
FFCC194299;2019-11-23;PROV40002330;2019-11-12;2019-11-26;11 days;Proveedor 37;ES;EUR;Spanish;10 days;False
FFCC194300;2019-11-10;PROV1465;2019-10-09;2019-11-13;32 days;Proveedor 368;ES;EUR;Spanish;10 days;False
FFCC194308;2019-11-01;PROV1475;2019-10-06;2019-11-04;26 days;Proveedor 376;CH;USD;Extracommunity;45 days;True
FFCC194317;2019-11-25;PROV1255;2019-10-09;2019-11-28;47 days;Proveedor 252;ES;EUR;Spanish;10 days;False
FFCC194320;2019-11-25;PROV1876;2019-10-07;2019-11-28;49 days;Proveedor 712;ES;EUR;Spanish;10 days;False
FFCC194321;2019-11-20;PROV1756;2019-11-06;2019-11-23;14 days;Proveedor 603;IN;USD;Extracommunity;45 days;True
FFCC194326;2019-11-27;PROV1938;2019-10-29;2019-11-30;29 days;Proveedor 768;ES;EUR;Spanish;10 days;False
FFCC194327;2019-11-30;PROV40002065;2019-10-09;2019-12-03;52 days;Proveedor 30;ES;EUR;Spanish;10 days;False
FFCC194329;2019-11-29;PROV1465;2019-11-05;2019-12-02;24 days;Proveedor 368;ES;EUR;Spanish;10 days;False
FFCC194330;2019-11-22;PROV1014;2019-10-24;2019-11-25;29 days;Proveedor 171;ES;EUR;Spanish;10 days;False
FFCC194332;2019-11-21;PROV1441;2019-11-09;2019-11-24;12 days;Proveedor 349;ES;EUR;Spanish;10 days;False
FFCC194333;2019-11-25;PROV40002720;2019-11-07;2019-11-28;18 days;Proveedor 38;ES;EUR;Spanish;10 days;False
FFCC194335;2019-11-30;PROV40000520;2019-11-06;2019-12-03;24 days;Proveedor 17;ES;EUR;Spanish;10 days;False
FFCC194336;2019-11-10;PROV40000187;2019-09-29;2019-11-13;42 days;Proveedor 13;ES;EUR;Spanish;10 days;False
FFCC194413;2019-12-03;PROV40002330;2019-11-10;2019-12-06;23 days;Proveedor 37;ES;EUR;Spanish;10 days;False
FFCC194419;2019-11-01;PROV1585;2019-09-10;2019-11-04;52 days;Proveedor 479;CH;USD;Extracommunity;45 days;False
FFCC194423;2019-12-05;PROV40000520;2019-11-09;2019-12-08;26 days;Proveedor 17;ES;EUR;Spanish;10 days;False
FFCC194425;2019-11-11;PROV1003;2019-09-29;2019-11-14;43 days;Proveedor 165;CN;USD;Extracommunity;45 days;True
FFCC194426;2019-11-11;PROV1003;2019-10-08;2019-11-14;34 days;Proveedor 165;CN;USD;Extracommunity;45 days;True
FFCC194427;2019-11-27;PROV1003;2019-10-28;2019-11-30;30 days;Proveedor 165;CN;USD;Extracommunity;45 days;True
FFCC194436;2019-11-01;PROV40001000;2019-09-21;2019-11-04;41 days;Proveedor 24;FR;EUR;Intracommunity;20 days;False
FFCC194438;2019-11-26;PROV40001825;2019-11-07;2019-11-29;19 days;Proveedor 29;ES;EUR;Spanish;10 days;False
FFCC194443;2019-11-30;PROV40000187;2019-11-23;2019-12-03;7 days;Proveedor 13;ES;EUR;Spanish;10 days;True
FFCC194444;2019-11-30;PROV40000187;2019-10-31;2019-12-03;30 days;Proveedor 13;ES;EUR;Spanish;10 days;False
FFCC194445;2019-11-30;PROV41000980;2019-11-06;2019-12-03;24 days;Proveedor 110;ES;EUR;Spanish;10 days;False
FFCC194455;2019-11-06;PROV41001142;2019-10-02;2019-11-09;35 days;Proveedor 123;ES;EUR;Spanish;10 days;False
FFCC194486;2019-12-01;PROV1485;2019-10-17;2019-12-04;45 days;Proveedor 386;IE;EUR;Intracommunity;20 days;False
FFCC194492;2019-12-01;PROV1585;2019-10-20;2019-12-04;42 days;Proveedor 479;CH;USD;Extracommunity;45 days;True
FFCC194499;2019-12-06;PROV1976;2019-11-08;2019-12-09;28 days;Proveedor 804;IN;USD;Extracommunity;45 days;True
FFCC194500;2019-12-15;PROV1129;2019-11-16;2019-12-18;29 days;Proveedor 207;ES;EUR;Spanish;10 days;False
FFCC194501;2019-12-09;PROV1650;2019-11-24;2019-12-12;15 days;Proveedor 539;ES;EUR;Spanish;10 days;False
FFCC194509;2019-12-01;PROV1875;2019-11-03;2019-12-04;28 days;Proveedor 711;CH;USD;Extracommunity;45 days;True
FFCC194514;2019-12-13;PROV40000500;2019-11-26;2019-12-16;17 days;Proveedor 16;ES;EUR;Spanish;10 days;False
FFCC194516;2019-12-13;PROV1876;2019-11-13;2019-12-16;30 days;Proveedor 712;ES;EUR;Spanish;10 days;False
FFCC194550;2019-12-15;PROV1323;2019-12-01;2019-12-18;14 days;Proveedor 281;ES;EUR;Spanish;10 days;False
FFCC194551;2019-12-20;PROV40002720;2019-11-28;2019-12-23;22 days;Proveedor 38;ES;EUR;Spanish;10 days;False
FFCC194552;2019-12-16;PROV40000735;2019-11-12;2019-12-19;34 days;Proveedor 19;ES;EUR;Spanish;10 days;False
FFCC194553;2019-12-31;PROV40002065;2019-12-19;2020-01-03;12 days;Proveedor 30;ES;EUR;Spanish;10 days;False
FFCC194567;2019-12-31;PROV40000520;2019-11-21;2020-01-03;40 days;Proveedor 17;ES;EUR;Spanish;10 days;False
FFCC194569;2019-12-31;PROV1650;2019-12-09;2020-01-03;22 days;Proveedor 539;ES;EUR;Spanish;10 days;False
FFCC194571;2019-12-01;PROV1585;2019-11-22;2019-12-04;9 days;Proveedor 479;CH;USD;Extracommunity;45 days;True
FFCC194572;2019-12-01;PROV1964;2019-11-11;2019-12-04;20 days;Proveedor 792;CH;USD;Extracommunity;45 days;True
FFCC194575;2019-12-01;PROV1428;2019-11-13;2019-12-04;18 days;Proveedor 341;CH;USD;Extracommunity;45 days;True
FFCC194579;2019-12-22;PROV40002220;2019-12-06;2019-12-25;16 days;Proveedor 36;ES;EUR;Spanish;10 days;False
FFCC194590;2019-12-30;PROV1876;2019-12-01;2020-01-02;29 days;Proveedor 712;ES;EUR;Spanish;10 days;False
FFCC194642;2019-12-12;PROV1003;2019-10-23;2019-12-15;50 days;Proveedor 165;CN;USD;Extracommunity;45 days;False
FFCC194643;2019-12-01;PROV2197;2019-10-10;2019-12-04;52 days;Proveedor 1021;CH;USD;Extracommunity;45 days;False
FFCC194647;2019-12-05;PROV1756;2019-11-06;2019-12-08;29 days;Proveedor 603;IN;USD;Extracommunity;45 days;True
FFCC194659;2019-12-13;PROV40000187;2019-11-18;2019-12-16;25 days;Proveedor 13;ES;EUR;Spanish;10 days;False
FFCC194705;2019-12-01;PROV1475;2019-11-13;2019-12-04;18 days;Proveedor 376;CH;USD;Extracommunity;45 days;True
FFCC194721;2019-12-09;PROV2293;2019-11-16;2019-12-12;23 days;Proveedor 1117;ES;EUR;Spanish;10 days;False
FFCC200001;2020-01-03;PROV1938;2019-11-14;2020-01-06;50 days;Proveedor 768;ES;EUR;Spanish;10 days;False
FFCC200035;2020-01-02;PROV40001000;2019-11-29;2020-01-05;34 days;Proveedor 24;FR;EUR;Intracommunity;20 days;False
FFCC200036;2020-01-10;PROV1876;2019-11-25;2020-01-13;46 days;Proveedor 712;ES;EUR;Spanish;10 days;False
FFCC200037;2020-01-02;PROV40001000;2019-12-05;2020-01-05;28 days;Proveedor 24;FR;EUR;Intracommunity;20 days;False
FFCC200043;2020-01-07;PROV1756;2019-11-14;2020-01-10;54 days;Proveedor 603;IN;USD;Extracommunity;45 days;False
FFCC200046;2020-01-09;PROV1876;2019-12-21;2020-01-12;19 days;Proveedor 712;ES;EUR;Spanish;10 days;False
FFCC200047;2020-01-02;PROV1398;2019-12-15;2020-01-05;18 days;Proveedor 322;CH;USD;Extracommunity;45 days;True
FFCC200053;2020-01-14;PROV1650;2019-12-01;2020-01-17;44 days;Proveedor 539;ES;EUR;Spanish;10 days;False
FFCC200054;2020-01-09;PROV1014;2019-11-30;2020-01-12;40 days;Proveedor 171;ES;EUR;Spanish;10 days;False
FFCC200055;2020-01-09;PROV1014;2019-12-27;2020-01-12;13 days;Proveedor 171;ES;EUR;Spanish;10 days;False
FFCC200056;2020-01-15;PROV1129;2019-12-31;2020-01-18;15 days;Proveedor 207;ES;EUR;Spanish;10 days;False
FFCC200061;2020-01-15;PROV1027;2019-11-29;2020-01-18;47 days;Proveedor 178;ES;EUR;Spanish;10 days;False
FFCC200064;2020-01-15;PROV1650;2019-12-01;2020-01-18;45 days;Proveedor 539;ES;EUR;Spanish;10 days;False
FFCC200065;2020-01-10;PROV40000520;2019-12-16;2020-01-13;25 days;Proveedor 17;ES;EUR;Spanish;10 days;False
FFCC200085;2020-01-02;PROV1816;2019-11-24;2020-01-05;39 days;Proveedor 661;CH;USD;Extracommunity;45 days;True
FFCC200086;2020-01-02;PROV1964;2019-12-11;2020-01-05;22 days;Proveedor 792;CH;USD;Extracommunity;45 days;True
FFCC200087;2020-01-02;PROV1585;2019-11-14;2020-01-05;49 days;Proveedor 479;CH;USD;Extracommunity;45 days;False
FFCC200090;2020-01-15;PROV2128;2019-12-26;2020-01-18;20 days;Proveedor 954;ES;EUR;Spanish;10 days;False
FFCC200091;2020-01-02;PROV1485;2019-12-21;2020-01-05;12 days;Proveedor 386;IE;EUR;Intracommunity;20 days;True
FFCC200093;2020-01-02;PROV1475;2019-11-27;2020-01-05;36 days;Proveedor 376;CH;USD;Extracommunity;45 days;True
FFCC200096;2020-01-14;PROV1397;2019-12-19;2020-01-17;26 days;Proveedor 321;PE;USD;Extracommunity;45 days;True
FFCC200097;2020-01-02;PROV1936;2019-12-27;2020-01-05;6 days;Proveedor 766;CH;USD;Extracommunity;45 days;True
FFCC200100;2020-01-02;PROV1816;2019-12-14;2020-01-05;19 days;Proveedor 661;CH;USD;Extracommunity;45 days;True
FFCC200108;2020-01-21;PROV1895;2019-12-06;2020-01-24;46 days;Proveedor 8;ES;EUR;Spanish;10 days;False
FFCC200110;2020-01-02;PROV1875;2019-12-07;2020-01-05;26 days;Proveedor 711;CH;USD;Extracommunity;45 days;True
FFCC200119;2020-01-17;PROV1558;2020-01-01;2020-01-20;16 days;Proveedor 453;ES;EUR;Spanish;10 days;False
FFCC200121;2020-01-25;PROV40002720;2020-01-09;2020-01-28;16 days;Proveedor 38;ES;EUR;Spanish;10 days;False
FFCC200148;2020-01-09;PROV1027;2019-12-21;2020-01-12;19 days;Proveedor 178;ES;EUR;Spanish;10 days;False
FFCC200149;2020-01-02;PROV1027;2019-12-18;2020-01-05;15 days;Proveedor 178;ES;EUR;Spanish;10 days;False
FFCC200161;2020-01-02;PROV1585;2019-12-06;2020-01-05;27 days;Proveedor 479;CH;USD;Extracommunity;45 days;True
FFCC200164;2020-01-02;PROV2164;2019-12-26;2020-01-05;7 days;Proveedor 988;CH;USD;Extracommunity;45 days;True
FFCC200167;2020-01-28;PROV40001825;2020-01-25;2020-01-31;3 days;Proveedor 29;ES;EUR;Spanish;10 days;True
FFCC200169;2020-01-20;PROV1465;2019-11-26;2020-01-23;55 days;Proveedor 368;ES;EUR;Spanish;10 days;False
FFCC200170;2020-01-27;PROV1876;2019-12-26;2020-01-30;32 days;Proveedor 712;ES;EUR;Spanish;10 days;False
FFCC200173;2020-01-10;PROV1976;2019-12-17;2020-01-13;24 days;Proveedor 804;IN;USD;Extracommunity;45 days;True
FFCC200181;2020-01-17;PROV40000500;2020-01-05;2020-01-20;12 days;Proveedor 16;ES;EUR;Spanish;10 days;False
FFCC200182;2020-01-27;PROV1876;2019-12-22;2020-01-30;36 days;Proveedor 712;ES;EUR;Spanish;10 days;False
FFCC200186;2020-01-31;PROV40002065;2020-01-23;2020-02-03;8 days;Proveedor 30;ES;EUR;Spanish;10 days;True
FFCC200187;2020-01-31;PROV40002065;2019-12-29;2020-02-03;33 days;Proveedor 30;ES;EUR;Spanish;10 days;False
FFCC200191;2020-02-01;PROV1585;2019-12-18;2020-02-04;45 days;Proveedor 479;CH;USD;Extracommunity;45 days;True
FFCC200200;2020-01-30;PROV1441;2020-01-11;2020-02-02;19 days;Proveedor 349;ES;EUR;Spanish;10 days;False
FFCC200201;2020-01-10;PROV40000187;2019-12-19;2020-01-13;22 days;Proveedor 13;ES;EUR;Spanish;10 days;False
FFCC200235;2020-01-02;PROV1968;2019-12-06;2020-01-05;27 days;Proveedor 796;CH;USD;Extracommunity;45 days;True
FFCC200238;2020-01-24;PROV40000520;2020-01-08;2020-01-27;16 days;Proveedor 17;ES;EUR;Spanish;10 days;False
FFCC200256;2020-01-23;PROV40002330;2020-01-12;2020-01-26;11 days;Proveedor 37;ES;EUR;Spanish;10 days;False
FFCC200271;2020-01-07;PROV40000735;2019-11-16;2020-01-10;52 days;Proveedor 19;ES;EUR;Spanish;10 days;False
FFCC200310;2020-01-25;PROV2128;2020-01-04;2020-01-28;21 days;Proveedor 954;ES;EUR;Spanish;10 days;False
FFCC200312;2020-02-03;PROV40000235;2020-01-23;2020-02-06;11 days;Proveedor 15;ES;EUR;Spanish;10 days;False
FFCC200331;2020-01-27;PROV1014;2019-12-27;2020-01-30;31 days;Proveedor 171;ES;EUR;Spanish;10 days;False
FFCC200339;2020-02-01;PROV1475;2019-12-29;2020-02-04;34 days;Proveedor 376;CH;USD;Extracommunity;45 days;True
FFCC200342;2020-01-30;PROV40000520;2019-12-29;2020-02-02;32 days;Proveedor 17;ES;EUR;Spanish;10 days;False
FFCC200349;2020-02-03;PROV40001000;2019-12-24;2020-02-06;41 days;Proveedor 24;FR;EUR;Intracommunity;20 days;False
FFCC200374;2020-02-05;PROV1938;2020-01-14;2020-02-08;22 days;Proveedor 768;ES;EUR;Spanish;10 days;False
FFCC200376;2020-02-01;PROV1398;2019-12-11;2020-02-04;52 days;Proveedor 322;CH;USD;Extracommunity;45 days;False
FFCC200385;2020-01-27;PROV1976;2019-12-25;2020-01-30;33 days;Proveedor 804;IN;USD;Extracommunity;45 days;True
FFCC200387;2020-01-31;PROV41000980;2019-12-13;2020-02-03;49 days;Proveedor 110;ES;EUR;Spanish;10 days;False
FFCC200403;2020-01-20;PROV1003;2019-12-18;2020-01-23;33 days;Proveedor 165;CN;USD;Extracommunity;45 days;True
FFCC200404;2020-01-02;PROV1485;2019-12-07;2020-01-05;26 days;Proveedor 386;IE;EUR;Intracommunity;20 days;False
FFCC200408;2020-01-23;PROV1485;2020-01-02;2020-01-26;21 days;Proveedor 386;IE;EUR;Intracommunity;20 days;False
FFCC200411;2020-02-01;PROV40002330;2019-12-16;2020-02-04;47 days;Proveedor 37;ES;EUR;Spanish;10 days;False
FFCC200413;2020-02-03;PROV40002220;2019-12-15;2020-02-06;50 days;Proveedor 36;ES;EUR;Spanish;10 days;False
FFCC200414;2020-01-27;PROV40001000;2019-12-01;2020-01-30;57 days;Proveedor 24;FR;EUR;Intracommunity;20 days;False
FFCC200418;2020-02-06;PROV1876;2020-01-13;2020-02-09;24 days;Proveedor 712;ES;EUR;Spanish;10 days;False
FFCC200432;2020-01-31;PROV40000520;2020-01-20;2020-02-03;11 days;Proveedor 17;ES;EUR;Spanish;10 days;False
FFCC200434;2020-02-03;PROV1756;2020-01-04;2020-02-06;30 days;Proveedor 603;IN;USD;Extracommunity;45 days;True
FFCC200462;2020-02-15;PROV1900;2020-02-04;2020-02-18;11 days;Proveedor 732;ES;EUR;Spanish;10 days;False
FFCC200467;2020-02-07;PROV40000520;2020-01-11;2020-02-10;27 days;Proveedor 17;ES;EUR;Spanish;10 days;False
FFCC200500;2020-02-01;PROV1964;2019-12-14;2020-02-04;49 days;Proveedor 792;CH;USD;Extracommunity;45 days;False
FFCC200504;2020-02-01;PROV1585;2019-12-19;2020-02-04;44 days;Proveedor 479;CH;USD;Extracommunity;45 days;True
FFCC200508;2020-02-15;PROV2128;2020-01-06;2020-02-18;40 days;Proveedor 954;ES;EUR;Spanish;10 days;False
FFCC200510;2020-02-14;PROV1876;2019-12-27;2020-02-17;49 days;Proveedor 712;ES;EUR;Spanish;10 days;False
FFCC200511;2020-02-15;PROV1465;2020-01-05;2020-02-18;41 days;Proveedor 368;ES;EUR;Spanish;10 days;False
FFCC200514;2020-02-11;PROV1014;2020-01-04;2020-02-14;38 days;Proveedor 171;ES;EUR;Spanish;10 days;False
FFCC200517;2020-02-10;PROV1976;2019-12-28;2020-02-13;44 days;Proveedor 804;IN;USD;Extracommunity;45 days;True
FFCC200519;2020-02-01;PROV1875;2019-12-13;2020-02-04;50 days;Proveedor 711;CH;USD;Extracommunity;45 days;False
FFCC200522;2020-02-01;PROV1816;2019-12-16;2020-02-04;47 days;Proveedor 661;CH;USD;Extracommunity;45 days;False
FFCC200523;2020-02-14;PROV1650;2020-01-09;2020-02-17;36 days;Proveedor 539;ES;EUR;Spanish;10 days;False
FFCC200524;2020-02-17;PROV1650;2020-02-10;2020-02-20;7 days;Proveedor 539;ES;EUR;Spanish;10 days;True
FFCC200526;2020-02-14;PROV40000520;2020-01-02;2020-02-17;43 days;Proveedor 17;ES;EUR;Spanish;10 days;False
FFCC200527;2020-02-01;PROV1940;2019-12-29;2020-02-04;34 days;Proveedor 770;CH;USD;Extracommunity;45 days;True
FFCC200529;2020-02-10;PROV40002330;2019-12-25;2020-02-13;47 days;Proveedor 37;ES;EUR;Spanish;10 days;False
FFCC200549;2020-02-10;PROV1485;2019-12-26;2020-02-13;46 days;Proveedor 386;IE;EUR;Intracommunity;20 days;False
FFCC200554;2020-02-01;PROV1398;2020-01-16;2020-02-04;16 days;Proveedor 322;CH;USD;Extracommunity;45 days;True
FFCC200615;2020-02-01;PROV1397;2019-12-13;2020-02-04;50 days;Proveedor 321;PE;USD;Extracommunity;45 days;False
FFCC200626;2020-02-25;PROV40002720;2020-02-16;2020-02-28;9 days;Proveedor 38;ES;EUR;Spanish;10 days;True
FFCC200640;2020-02-19;PROV1756;2020-02-02;2020-02-22;17 days;Proveedor 603;IN;USD;Extracommunity;45 days;True
FFCC200642;2020-02-20;PROV1976;2020-01-15;2020-02-23;36 days;Proveedor 804;IN;USD;Extracommunity;45 days;True
FFCC200643;2020-02-20;PROV1014;2020-01-02;2020-02-23;49 days;Proveedor 171;ES;EUR;Spanish;10 days;False
FFCC200644;2020-02-10;PROV40000187;2019-12-24;2020-02-13;48 days;Proveedor 13;ES;EUR;Spanish;10 days;False
FFCC200645;2020-02-28;PROV40002065;2020-01-09;2020-03-02;50 days;Proveedor 30;ES;EUR;Spanish;10 days;False
FFCC200646;2020-02-28;PROV40002065;2020-01-31;2020-03-02;28 days;Proveedor 30;ES;EUR;Spanish;10 days;False
FFCC200673;2020-02-21;PROV1397;2020-01-27;2020-02-24;25 days;Proveedor 321;PE;USD;Extracommunity;45 days;True
FFCC200674;2020-02-21;PROV40000520;2019-12-26;2020-02-24;57 days;Proveedor 17;ES;EUR;Spanish;10 days;False
FFCC200677;2020-02-01;PROV1475;2020-01-18;2020-02-04;14 days;Proveedor 376;CH;USD;Extracommunity;45 days;True
FFCC200689;2020-02-25;PROV40000187;2020-01-08;2020-02-28;48 days;Proveedor 13;ES;EUR;Spanish;10 days;False
FFCC200695;2020-02-26;PROV40001000;2020-02-09;2020-02-29;17 days;Proveedor 24;FR;EUR;Intracommunity;20 days;True
FFCC200707;2020-02-14;PROV1441;2020-01-08;2020-02-17;37 days;Proveedor 349;ES;EUR;Spanish;10 days;False
FFCC200708;2020-02-20;PROV1485;2020-01-19;2020-02-23;32 days;Proveedor 386;IE;EUR;Intracommunity;20 days;False
FFCC200709;2020-02-21;PROV40000520;2020-01-04;2020-02-24;48 days;Proveedor 17;ES;EUR;Spanish;10 days;False
FFCC200713;2020-02-28;PROV40000500;2020-01-25;2020-03-02;34 days;Proveedor 16;ES;EUR;Spanish;10 days;False
FFCC200717;2020-02-01;PROV1968;2020-01-16;2020-02-04;16 days;Proveedor 796;CH;USD;Extracommunity;45 days;True
FFCC200720;2020-02-15;PROV1129;2020-01-21;2020-02-18;25 days;Proveedor 207;ES;EUR;Spanish;10 days;False
FFCC200746;2020-02-29;PROV41000980;2020-02-02;2020-03-03;27 days;Proveedor 110;ES;EUR;Spanish;10 days;False
FFCC200755;2020-02-01;PROV2197;2019-12-22;2020-02-04;41 days;Proveedor 1021;CH;USD;Extracommunity;45 days;True
FFCC200770;2020-02-10;PROV41001142;2020-01-02;2020-02-13;39 days;Proveedor 123;ES;EUR;Spanish;10 days;False
FFCC200776;2020-02-29;PROV40002330;2020-02-28;2020-03-03;1 days;Proveedor 37;ES;EUR;Spanish;10 days;True
FFCC200777;2020-02-28;PROV40000010;2020-02-06;2020-03-02;22 days;Proveedor 12;ES;EUR;Spanish;10 days;False
FFCC200778;2020-02-17;PROV1027;2020-01-21;2020-02-20;27 days;Proveedor 178;ES;EUR;Spanish;10 days;False
FFCC200788;2020-03-01;PROV1936;2020-02-23;2020-03-04;7 days;Proveedor 766;CH;USD;Extracommunity;45 days;True
FFCC200794;2020-02-25;PROV1479;2020-01-04;2020-02-28;52 days;Proveedor 380;ES;EUR;Spanish;10 days;False
FFCC200800;2020-03-01;PROV1485;2020-01-23;2020-03-04;38 days;Proveedor 386;IE;EUR;Intracommunity;20 days;False
FFCC200801;2020-03-04;PROV1938;2020-02-01;2020-03-07;32 days;Proveedor 768;ES;EUR;Spanish;10 days;False
FFCC200806;2020-03-06;PROV40000520;2020-01-28;2020-03-09;38 days;Proveedor 17;ES;EUR;Spanish;10 days;False
FFCC200810;2020-03-01;PROV1875;2020-01-21;2020-03-04;40 days;Proveedor 711;CH;USD;Extracommunity;45 days;True
FFCC200851;2020-03-06;PROV40000500;2020-01-29;2020-03-09;37 days;Proveedor 16;ES;EUR;Spanish;10 days;False
FFCC200879;2020-03-11;PROV1027;2020-02-15;2020-03-14;25 days;Proveedor 178;ES;EUR;Spanish;10 days;False
FFCC200880;2020-03-15;PROV40001470;2020-01-19;2020-03-18;56 days;Proveedor 26;ES;EUR;Spanish;10 days;False
FFCC200881;2020-03-15;PROV1900;2020-02-08;2020-03-18;36 days;Proveedor 732;ES;EUR;Spanish;10 days;False
FFCC200888;2020-03-10;PROV1465;2020-02-23;2020-03-13;16 days;Proveedor 368;ES;EUR;Spanish;10 days;False
FFCC200891;2020-03-06;PROV1876;2020-02-18;2020-03-09;17 days;Proveedor 712;ES;EUR;Spanish;10 days;False
FFCC200897;2020-03-20;PROV40000520;2020-02-17;2020-03-23;32 days;Proveedor 17;ES;EUR;Spanish;10 days;False
FFCC200900;2020-03-14;PROV40002330;2020-01-25;2020-03-17;49 days;Proveedor 37;ES;EUR;Spanish;10 days;False
FFCC200901;2020-03-12;PROV1734;2020-02-20;2020-03-15;21 days;Proveedor 593;ES;EUR;Spanish;10 days;False
FFCC200907;2020-03-13;PROV40000520;2020-03-04;2020-03-16;9 days;Proveedor 17;ES;EUR;Spanish;10 days;True
FFCC200910;2020-03-15;PROV1129;2020-02-26;2020-03-18;18 days;Proveedor 207;ES;EUR;Spanish;10 days;False
FFCC200937;2020-03-15;PROV40000850;2020-01-29;2020-03-18;46 days;Proveedor 21;ES;EUR;Spanish;10 days;False
FFCC200938;2020-03-15;PROV2128;2020-02-21;2020-03-18;23 days;Proveedor 954;ES;EUR;Spanish;10 days;False
FFCC200939;2020-03-20;PROV2128;2020-02-24;2020-03-23;25 days;Proveedor 954;ES;EUR;Spanish;10 days;False
FFCC200945;2020-03-25;PROV1938;2020-02-22;2020-03-28;32 days;Proveedor 768;ES;EUR;Spanish;10 days;False
FFCC200966;2020-03-10;PROV1650;2020-01-23;2020-03-13;47 days;Proveedor 539;ES;EUR;Spanish;10 days;False
FFCC200980;2020-03-30;PROV40001470;2020-02-17;2020-04-02;42 days;Proveedor 26;ES;EUR;Spanish;10 days;False
FFCC200983;2020-03-01;PROV40001000;2020-01-31;2020-03-04;30 days;Proveedor 24;FR;EUR;Intracommunity;20 days;False
FFCC200985;2020-03-30;PROV40002065;2020-02-25;2020-04-02;34 days;Proveedor 30;ES;EUR;Spanish;10 days;False
FFCC200987;2020-03-30;PROV40002065;2020-03-07;2020-04-02;23 days;Proveedor 30;ES;EUR;Spanish;10 days;False
FFCC200988;2020-03-31;PROV1129;2020-03-21;2020-04-03;10 days;Proveedor 207;ES;EUR;Spanish;10 days;True
FFCC200991;2020-03-06;PROV40002220;2020-02-02;2020-03-09;33 days;Proveedor 36;ES;EUR;Spanish;10 days;False
FFCC200993;2020-03-01;PROV1475;2020-01-30;2020-03-04;31 days;Proveedor 376;CH;USD;Extracommunity;45 days;True
FFCC200996;2020-03-01;PROV1585;2020-01-27;2020-03-04;34 days;Proveedor 479;CH;USD;Extracommunity;45 days;True
FFCC201042;2020-03-31;PROV1895;2020-03-15;2020-04-03;16 days;Proveedor 8;ES;EUR;Spanish;10 days;False
FFCC201051;2020-03-12;PROV1976;2020-02-08;2020-03-15;33 days;Proveedor 804;IN;USD;Extracommunity;45 days;True
FFCC201053;2020-03-27;PROV40000520;2020-03-16;2020-03-30;11 days;Proveedor 17;ES;EUR;Spanish;10 days;False
FFCC201054;2020-03-25;PROV40002720;2020-03-14;2020-03-28;11 days;Proveedor 38;ES;EUR;Spanish;10 days;False
FFCC201055;2020-03-27;PROV40002330;2020-02-20;2020-03-30;36 days;Proveedor 37;ES;EUR;Spanish;10 days;False
FFCC201056;2020-03-19;PROV40002330;2020-02-17;2020-03-22;31 days;Proveedor 37;ES;EUR;Spanish;10 days;False
FFCC201065;2020-03-25;PROV1027;2020-02-26;2020-03-28;28 days;Proveedor 178;ES;EUR;Spanish;10 days;False
FFCC201067;2020-03-27;PROV1027;2020-01-31;2020-03-30;56 days;Proveedor 178;ES;EUR;Spanish;10 days;False
FFCC201068;2020-03-27;PROV1027;2020-02-09;2020-03-30;47 days;Proveedor 178;ES;EUR;Spanish;10 days;False
FFCC201070;2020-03-01;PROV1485;2020-01-28;2020-03-04;33 days;Proveedor 386;IE;EUR;Intracommunity;20 days;False
FFCC201089;2020-03-01;PROV2164;2020-01-18;2020-03-04;43 days;Proveedor 988;CH;USD;Extracommunity;45 days;True
FFCC201105;2020-03-30;PROV41000980;2020-02-19;2020-04-02;40 days;Proveedor 110;ES;EUR;Spanish;10 days;False
FFCC201129;2020-03-31;PROV40000500;2020-02-17;2020-04-03;43 days;Proveedor 16;ES;EUR;Spanish;10 days;False
FFCC201133;2020-03-30;PROV1441;2020-02-23;2020-04-02;36 days;Proveedor 349;ES;EUR;Spanish;10 days;False
FFCC201136;2020-03-11;PROV1756;2020-02-15;2020-03-14;25 days;Proveedor 603;IN;USD;Extracommunity;45 days;True
FFCC201137;2020-03-16;PROV1397;2020-02-26;2020-03-19;19 days;Proveedor 321;PE;USD;Extracommunity;45 days;True
FFCC201138;2020-03-10;PROV1485;2020-02-14;2020-03-13;25 days;Proveedor 386;IE;EUR;Intracommunity;20 days;False
FFCC201146;2020-04-07;PROV40002330;2020-03-07;2020-04-10;31 days;Proveedor 37;ES;EUR;Spanish;10 days;False
FFCC201169;2020-03-31;PROV1876;2020-03-25;2020-04-03;6 days;Proveedor 712;ES;EUR;Spanish;10 days;True
FFCC201170;2020-03-31;PROV1876;2020-03-13;2020-04-03;18 days;Proveedor 712;ES;EUR;Spanish;10 days;False
FFCC201179;2020-03-12;PROV1027;2020-01-22;2020-03-15;50 days;Proveedor 178;ES;EUR;Spanish;10 days;False
FFCC201181;2020-04-07;PROV40002330;2020-03-06;2020-04-10;32 days;Proveedor 37;ES;EUR;Spanish;10 days;False
FFCC201184;2020-03-31;PROV40002220;2020-02-17;2020-04-03;43 days;Proveedor 36;ES;EUR;Spanish;10 days;False
FFCC201185;2020-03-10;PROV40000187;2020-02-25;2020-03-13;14 days;Proveedor 13;ES;EUR;Spanish;10 days;False
FFCC201188;2020-04-10;PROV40000187;2020-03-09;2020-04-13;32 days;Proveedor 13;ES;EUR;Spanish;10 days;False
FFCC201189;2020-03-24;PROV1003;2020-02-15;2020-03-27;38 days;Proveedor 165;CN;USD;Extracommunity;45 days;True
FFCC201191;2020-03-24;PROV40001000;2020-02-24;2020-03-27;29 days;Proveedor 24;FR;EUR;Intracommunity;20 days;False
FFCC201192;2020-04-06;PROV1027;2020-03-12;2020-04-09;25 days;Proveedor 178;ES;EUR;Spanish;10 days;False
FFCC201195;2020-04-03;PROV40000520;2020-02-18;2020-04-06;45 days;Proveedor 17;ES;EUR;Spanish;10 days;False
FFCC201196;2020-04-01;PROV40001000;2020-02-15;2020-04-04;46 days;Proveedor 24;FR;EUR;Intracommunity;20 days;False
FFCC201198;2020-04-15;PROV40000235;2020-03-10;2020-04-18;36 days;Proveedor 15;ES;EUR;Spanish;10 days;False
FFCC201204;2020-04-01;PROV2318;2020-03-15;2020-04-04;17 days;Proveedor 1141;CH;USD;Extracommunity;45 days;True
FFCC201272;2020-04-08;PROV1585;2020-03-31;2020-04-11;8 days;Proveedor 479;CH;USD;Extracommunity;45 days;True
FFCC201275;2020-04-09;PROV1964;2020-02-28;2020-04-12;41 days;Proveedor 792;CH;USD;Extracommunity;45 days;True
FFCC201278;2020-04-09;PROV2318;2020-03-10;2020-04-12;30 days;Proveedor 1141;CH;USD;Extracommunity;45 days;True
FFCC201281;2020-04-14;PROV1650;2020-04-10;2020-04-17;4 days;Proveedor 539;ES;EUR;Spanish;10 days;True
FFCC201282;2020-04-16;PROV40001000;2020-03-24;2020-04-19;23 days;Proveedor 24;FR;EUR;Intracommunity;20 days;False
FFCC201290;2020-04-01;PROV1485;2020-02-27;2020-04-04;34 days;Proveedor 386;IE;EUR;Intracommunity;20 days;False
FFCC201328;2020-04-15;PROV1129;2020-03-26;2020-04-18;20 days;Proveedor 207;ES;EUR;Spanish;10 days;False
FFCC201334;2020-04-29;PROV40002220;2020-04-05;2020-05-02;24 days;Proveedor 36;ES;EUR;Spanish;10 days;False
FFCC201344;2020-04-10;PROV1465;2020-03-21;2020-04-13;20 days;Proveedor 368;ES;EUR;Spanish;10 days;False
FFCC201384;2020-04-30;PROV2128;2020-03-19;2020-05-03;42 days;Proveedor 954;ES;EUR;Spanish;10 days;False
FFCC201385;2020-04-30;PROV1129;2020-04-18;2020-05-03;12 days;Proveedor 207;ES;EUR;Spanish;10 days;False
FFCC201389;2020-04-30;PROV40002180;2020-04-04;2020-05-03;26 days;Proveedor 34;ES;EUR;Spanish;10 days;False
FFCC201405;2020-04-01;PROV2197;2020-03-17;2020-04-04;15 days;Proveedor 1021;CH;USD;Extracommunity;45 days;True
FFCC201425;2020-04-10;PROV40000500;2020-03-10;2020-04-13;31 days;Proveedor 16;ES;EUR;Spanish;10 days;False
FFCC201442;2020-04-01;PROV1398;2020-02-16;2020-04-04;45 days;Proveedor 322;CH;USD;Extracommunity;45 days;True
FFCC201450;2020-04-30;PROV40002330;2020-04-15;2020-05-03;15 days;Proveedor 37;ES;EUR;Spanish;10 days;False
FFCC201459;2020-05-11;PROV40002330;2020-04-01;2020-05-14;40 days;Proveedor 37;ES;EUR;Spanish;10 days;False
FFCC201464;2020-04-30;PROV40002065;2020-03-05;2020-05-03;56 days;Proveedor 30;ES;EUR;Spanish;10 days;False
FFCC201465;2020-04-01;PROV1397;2020-02-21;2020-04-04;40 days;Proveedor 321;PE;USD;Extracommunity;45 days;True
FFCC201466;2020-05-15;PROV1650;2020-04-05;2020-05-18;40 days;Proveedor 539;ES;EUR;Spanish;10 days;False
FFCC201467;2020-05-15;PROV1255;2020-04-19;2020-05-18;26 days;Proveedor 252;ES;EUR;Spanish;10 days;False
FFCC201468;2020-05-11;PROV1027;2020-04-07;2020-05-14;34 days;Proveedor 178;ES;EUR;Spanish;10 days;False
FFCC201480;2020-04-01;PROV1900;2020-02-28;2020-04-04;33 days;Proveedor 732;ES;EUR;Spanish;10 days;False
FFCC201481;2020-04-01;PROV1968;2020-02-13;2020-04-04;48 days;Proveedor 796;CH;USD;Extracommunity;45 days;False
FFCC201504;2020-05-06;PROV1397;2020-03-25;2020-05-09;42 days;Proveedor 321;PE;USD;Extracommunity;45 days;True
FFCC201506;2020-05-15;PROV40002330;2020-04-17;2020-05-18;28 days;Proveedor 37;ES;EUR;Spanish;10 days;False
FFCC201511;2020-05-13;PROV1938;2020-04-16;2020-05-16;27 days;Proveedor 768;ES;EUR;Spanish;10 days;False
FFCC201543;2020-05-25;PROV2128;2020-05-20;2020-05-28;5 days;Proveedor 954;ES;EUR;Spanish;10 days;True
FFCC201553;2020-05-07;PROV1014;2020-03-18;2020-05-10;50 days;Proveedor 171;ES;EUR;Spanish;10 days;False
FFCC201576;2020-05-19;PROV1428;2020-04-08;2020-05-22;41 days;Proveedor 341;CH;USD;Extracommunity;45 days;True
FFCC201586;2020-05-22;PROV1976;2020-05-15;2020-05-25;7 days;Proveedor 804;IN;USD;Extracommunity;45 days;True
FFCC201642;2020-05-25;PROV1485;2020-04-17;2020-05-28;38 days;Proveedor 386;IE;EUR;Intracommunity;20 days;False
FFCC201643;2020-05-12;PROV1485;2020-05-10;2020-05-15;2 days;Proveedor 386;IE;EUR;Intracommunity;20 days;True
FFCC201646;2020-05-01;PROV1485;2020-03-17;2020-05-04;45 days;Proveedor 386;IE;EUR;Intracommunity;20 days;False
FFCC201649;2020-05-01;PROV1585;2020-04-16;2020-05-04;15 days;Proveedor 479;CH;USD;Extracommunity;45 days;True
FFCC201665;2020-06-05;PROV40000500;2020-05-18;2020-06-08;18 days;Proveedor 16;ES;EUR;Spanish;10 days;False
FFCC201668;2020-05-20;PROV1465;2020-04-04;2020-05-23;46 days;Proveedor 368;ES;EUR;Spanish;10 days;False
FFCC201673;2020-05-25;PROV40002720;2020-05-04;2020-05-28;21 days;Proveedor 38;ES;EUR;Spanish;10 days;False
FFCC201677;2020-05-01;PROV40001000;2020-04-25;2020-05-04;6 days;Proveedor 24;FR;EUR;Intracommunity;20 days;True
FFCC201678;2020-05-22;PROV40002220;2020-04-17;2020-05-25;35 days;Proveedor 36;ES;EUR;Spanish;10 days;False
FFCC201715;2020-05-01;PROV1875;2020-04-19;2020-05-04;12 days;Proveedor 711;CH;USD;Extracommunity;45 days;True
FFCC201718;2020-05-19;PROV1756;2020-04-01;2020-05-22;48 days;Proveedor 603;IN;USD;Extracommunity;45 days;False
FFCC201723;2020-05-20;PROV1014;2020-04-04;2020-05-23;46 days;Proveedor 171;ES;EUR;Spanish;10 days;False
FFCC201724;2020-05-25;PROV1014;2020-04-30;2020-05-28;25 days;Proveedor 171;ES;EUR;Spanish;10 days;False
FFCC201725;2020-05-25;PROV1014;2020-05-23;2020-05-28;2 days;Proveedor 171;ES;EUR;Spanish;10 days;True
FFCC201730;2020-05-04;PROV1976;2020-04-19;2020-05-07;15 days;Proveedor 804;IN;USD;Extracommunity;45 days;True
FFCC201733;2020-05-30;PROV1465;2020-04-24;2020-06-02;36 days;Proveedor 368;ES;EUR;Spanish;10 days;False
FFCC201734;2020-06-05;PROV40002330;2020-05-03;2020-06-08;33 days;Proveedor 37;ES;EUR;Spanish;10 days;False
FFCC201735;2020-06-11;PROV1650;2020-05-31;2020-06-14;11 days;Proveedor 539;ES;EUR;Spanish;10 days;False
FFCC201736;2020-05-31;PROV41000980;2020-04-21;2020-06-03;40 days;Proveedor 110;ES;EUR;Spanish;10 days;False
FFCC201737;2020-06-08;PROV1485;2020-05-04;2020-06-11;35 days;Proveedor 386;IE;EUR;Intracommunity;20 days;False
FFCC201742;2020-06-10;PROV1027;2020-05-30;2020-06-13;11 days;Proveedor 178;ES;EUR;Spanish;10 days;False
FFCC201745;2020-05-01;PROV41001142;2020-03-19;2020-05-04;43 days;Proveedor 123;ES;EUR;Spanish;10 days;False
FFCC201746;2020-05-01;PROV1781;2020-03-30;2020-05-04;32 days;Proveedor 628;ES;EUR;Spanish;10 days;False
FFCC201747;2020-05-25;PROV40000520;2020-05-07;2020-05-28;18 days;Proveedor 17;ES;EUR;Spanish;10 days;False
FFCC201748;2020-05-20;PROV40000520;2020-04-06;2020-05-23;44 days;Proveedor 17;ES;EUR;Spanish;10 days;False
FFCC201751;2020-06-05;PROV40000520;2020-05-23;2020-06-08;13 days;Proveedor 17;ES;EUR;Spanish;10 days;False
FFCC201753;2020-06-08;PROV1014;2020-05-15;2020-06-11;24 days;Proveedor 171;ES;EUR;Spanish;10 days;False
FFCC201763;2020-06-09;PROV1014;2020-05-04;2020-06-12;36 days;Proveedor 171;ES;EUR;Spanish;10 days;False
FFCC201806;2020-06-25;PROV40000520;2020-06-09;2020-06-28;16 days;Proveedor 17;ES;EUR;Spanish;10 days;False
FFCC201810;2020-06-22;PROV1027;2020-05-11;2020-06-25;42 days;Proveedor 178;ES;EUR;Spanish;10 days;False
FFCC201812;2020-06-17;PROV1938;2020-05-18;2020-06-20;30 days;Proveedor 768;ES;EUR;Spanish;10 days;False
FFCC201819;2020-06-16;PROV40002330;2020-05-06;2020-06-19;41 days;Proveedor 37;ES;EUR;Spanish;10 days;False
FFCC201837;2020-06-25;PROV40002720;2020-06-02;2020-06-28;23 days;Proveedor 38;ES;EUR;Spanish;10 days;False
FFCC201861;2020-06-01;PROV1936;2020-05-12;2020-06-04;20 days;Proveedor 766;CH;USD;Extracommunity;45 days;True
FFCC201877;2020-06-06;PROV1585;2020-05-28;2020-06-09;9 days;Proveedor 479;CH;USD;Extracommunity;45 days;True
FFCC201881;2020-06-01;PROV1398;2020-04-13;2020-06-04;49 days;Proveedor 322;CH;USD;Extracommunity;45 days;False
FFCC201889;2020-06-10;PROV40000187;2020-04-22;2020-06-13;49 days;Proveedor 13;ES;EUR;Spanish;10 days;False
FFCC201898;2020-06-01;PROV1475;2020-04-16;2020-06-04;46 days;Proveedor 376;CH;USD;Extracommunity;45 days;False
FFCC201899;2020-06-01;PROV2318;2020-05-15;2020-06-04;17 days;Proveedor 1141;CH;USD;Extracommunity;45 days;True
FFCC201900;2020-06-01;PROV1964;2020-04-18;2020-06-04;44 days;Proveedor 792;CH;USD;Extracommunity;45 days;True
FFCC201906;2020-06-25;PROV41001142;2020-06-06;2020-06-28;19 days;Proveedor 123;ES;EUR;Spanish;10 days;False
FFCC201910;2020-06-01;PROV1585;2020-04-08;2020-06-04;54 days;Proveedor 479;CH;USD;Extracommunity;45 days;False
FFCC201936;2020-06-30;PROV1129;2020-05-29;2020-07-03;32 days;Proveedor 207;ES;EUR;Spanish;10 days;False
FFCC201948;2020-06-23;PROV40001825;2020-05-10;2020-06-26;44 days;Proveedor 29;ES;EUR;Spanish;10 days;False
FFCC201949;2020-06-30;PROV1027;2020-05-22;2020-07-03;39 days;Proveedor 178;ES;EUR;Spanish;10 days;False
FFCC201975;2020-06-30;PROV40000520;2020-05-15;2020-07-03;46 days;Proveedor 17;ES;EUR;Spanish;10 days;False
FFCC201983;2020-06-25;PROV1441;2020-06-18;2020-06-28;7 days;Proveedor 349;ES;EUR;Spanish;10 days;True
FFCC201984;2020-06-26;PROV40002330;2020-05-07;2020-06-29;50 days;Proveedor 37;ES;EUR;Spanish;10 days;False
FFCC201997;2020-07-01;PROV40001825;2020-05-13;2020-07-04;49 days;Proveedor 29;ES;EUR;Spanish;10 days;False
FFCC202011;2020-07-01;PROV1938;2020-06-11;2020-07-04;20 days;Proveedor 768;ES;EUR;Spanish;10 days;False
FFCC202012;2020-07-01;PROV40002330;2020-05-29;2020-07-04;33 days;Proveedor 37;ES;EUR;Spanish;10 days;False
FFCC202013;2020-06-26;PROV40000500;2020-05-13;2020-06-29;44 days;Proveedor 16;ES;EUR;Spanish;10 days;False
FFCC202014;2020-06-30;PROV40000500;2020-05-17;2020-07-03;44 days;Proveedor 16;ES;EUR;Spanish;10 days;False
FFCC202017;2020-07-10;PROV1027;2020-06-22;2020-07-13;18 days;Proveedor 178;ES;EUR;Spanish;10 days;False
FFCC202023;2020-06-30;PROV40000187;2020-06-26;2020-07-03;4 days;Proveedor 13;ES;EUR;Spanish;10 days;True
FFCC202044;2020-07-08;PROV1650;2020-06-17;2020-07-11;21 days;Proveedor 539;ES;EUR;Spanish;10 days;False
FFCC202052;2020-07-15;PROV40001470;2020-06-16;2020-07-18;29 days;Proveedor 26;ES;EUR;Spanish;10 days;False
FFCC202073;2020-07-10;PROV40000520;2020-06-10;2020-07-13;30 days;Proveedor 17;ES;EUR;Spanish;10 days;False
FFCC202077;2020-06-19;PROV1397;2020-06-01;2020-06-22;18 days;Proveedor 321;PE;USD;Extracommunity;45 days;True
FFCC202079;2020-06-19;PROV40000520;2020-04-30;2020-06-22;50 days;Proveedor 17;ES;EUR;Spanish;10 days;False
FFCC202080;2020-07-15;PROV1485;2020-06-04;2020-07-18;41 days;Proveedor 386;IE;EUR;Intracommunity;20 days;False
FFCC202083;2020-06-01;PROV1441;2020-05-16;2020-06-04;16 days;Proveedor 349;ES;EUR;Spanish;10 days;False
FFCC202084;2020-06-20;PROV2128;2020-05-07;2020-06-23;44 days;Proveedor 954;ES;EUR;Spanish;10 days;False
FFCC202085;2020-07-15;PROV2128;2020-06-06;2020-07-18;39 days;Proveedor 954;ES;EUR;Spanish;10 days;False
FFCC202127;2020-06-01;PROV2197;2020-05-02;2020-06-04;30 days;Proveedor 1021;CH;USD;Extracommunity;45 days;True
FFCC202130;2020-07-08;PROV40002330;2020-05-21;2020-07-11;48 days;Proveedor 37;ES;EUR;Spanish;10 days;False
FFCC202132;2020-06-19;PROV40002220;2020-05-18;2020-06-22;32 days;Proveedor 36;ES;EUR;Spanish;10 days;False
FFCC202139;2020-06-02;PROV1003;2020-04-14;2020-06-05;49 days;Proveedor 165;CN;USD;Extracommunity;45 days;False
FFCC202142;2020-06-30;PROV40002065;2020-05-30;2020-07-03;31 days;Proveedor 30;ES;EUR;Spanish;10 days;False
FFCC202145;2020-06-01;PROV40002065;2020-04-28;2020-06-04;34 days;Proveedor 30;ES;EUR;Spanish;10 days;False
FFCC202148;2020-07-15;PROV1129;2020-06-22;2020-07-18;23 days;Proveedor 207;ES;EUR;Spanish;10 days;False
FFCC202170;2020-07-01;PROV40001000;2020-06-20;2020-07-04;11 days;Proveedor 24;FR;EUR;Intracommunity;20 days;True
FFCC202176;2020-07-22;PROV1650;2020-06-03;2020-07-25;49 days;Proveedor 539;ES;EUR;Spanish;10 days;False
FFCC202177;2020-07-21;PROV1650;2020-06-20;2020-07-24;31 days;Proveedor 539;ES;EUR;Spanish;10 days;False
FFCC202179;2020-07-01;PROV1479;2020-06-02;2020-07-04;29 days;Proveedor 380;ES;EUR;Spanish;10 days;False
FFCC202185;2020-07-24;PROV40000520;2020-07-20;2020-07-27;4 days;Proveedor 17;ES;EUR;Spanish;10 days;True
FFCC202187;2020-07-01;PROV1585;2020-06-05;2020-07-04;26 days;Proveedor 479;CH;USD;Extracommunity;45 days;True
FFCC202195;2020-07-01;PROV1875;2020-05-20;2020-07-04;42 days;Proveedor 711;CH;USD;Extracommunity;45 days;True
FFCC202199;2020-07-01;PROV1816;2020-05-10;2020-07-04;52 days;Proveedor 661;CH;USD;Extracommunity;45 days;False
FFCC202206;2020-07-25;PROV40002720;2020-06-23;2020-07-28;32 days;Proveedor 38;ES;EUR;Spanish;10 days;False
FFCC202207;2020-07-01;PROV2164;2020-06-12;2020-07-04;19 days;Proveedor 988;CH;USD;Extracommunity;45 days;True
FFCC202210;2020-07-27;PROV1443;2020-06-11;2020-07-30;46 days;Proveedor 351;ES;EUR;Spanish;10 days;False
FFCC202211;2020-07-16;PROV1976;2020-07-05;2020-07-19;11 days;Proveedor 804;IN;USD;Extracommunity;45 days;True
FFCC202212;2020-07-01;PROV1585;2020-06-23;2020-07-04;8 days;Proveedor 479;CH;USD;Extracommunity;45 days;True
FFCC202215;2020-07-01;PROV1475;2020-06-12;2020-07-04;19 days;Proveedor 376;CH;USD;Extracommunity;45 days;True
FFCC202216;2020-07-02;PROV1756;2020-06-01;2020-07-05;31 days;Proveedor 603;IN;USD;Extracommunity;45 days;True
FFCC202221;2020-07-17;PROV1014;2020-05-24;2020-07-20;54 days;Proveedor 171;ES;EUR;Spanish;10 days;False
FFCC202224;2020-07-01;PROV40002220;2020-05-21;2020-07-04;41 days;Proveedor 36;ES;EUR;Spanish;10 days;False
FFCC202239;2020-07-30;PROV1129;2020-06-09;2020-08-02;51 days;Proveedor 207;ES;EUR;Spanish;10 days;False
FFCC202242;2020-07-31;PROV40002065;2020-06-14;2020-08-03;47 days;Proveedor 30;ES;EUR;Spanish;10 days;False
FFCC202248;2020-07-31;PROV1528;2020-07-13;2020-08-03;18 days;Proveedor 425;ES;EUR;Spanish;10 days;False
FFCC202252;2020-07-01;PROV1428;2020-06-06;2020-07-04;25 days;Proveedor 341;CH;USD;Extracommunity;45 days;True
FFCC202258;2020-07-27;PROV40002330;2020-06-23;2020-07-30;34 days;Proveedor 37;ES;EUR;Spanish;10 days;False
FFCC202259;2020-07-27;PROV40001000;2020-07-10;2020-07-30;17 days;Proveedor 24;FR;EUR;Intracommunity;20 days;True
FFCC202260;2020-07-29;PROV1485;2020-06-17;2020-08-01;42 days;Proveedor 386;IE;EUR;Intracommunity;20 days;False
FFCC202291;2020-07-30;PROV40002720;2020-07-14;2020-08-02;16 days;Proveedor 38;ES;EUR;Spanish;10 days;False
FFCC202293;2020-07-22;PROV1027;2020-07-11;2020-07-25;11 days;Proveedor 178;ES;EUR;Spanish;10 days;False
FFCC202300;2020-07-30;PROV40000520;2020-07-02;2020-08-02;28 days;Proveedor 17;ES;EUR;Spanish;10 days;False
FFCC202318;2020-07-31;PROV40000882;2020-06-17;2020-08-03;44 days;Proveedor 22;ES;EUR;Spanish;10 days;False
FFCC202319;2020-07-30;PROV1465;2020-07-06;2020-08-02;24 days;Proveedor 368;ES;EUR;Spanish;10 days;False
FFCC202339;2020-07-31;PROV40000500;2020-06-24;2020-08-03;37 days;Proveedor 16;ES;EUR;Spanish;10 days;False
FFCC202354;2020-07-21;PROV1014;2020-06-03;2020-07-24;48 days;Proveedor 171;ES;EUR;Spanish;10 days;False
FFCC202362;2020-07-25;PROV40000187;2020-06-06;2020-07-28;49 days;Proveedor 13;ES;EUR;Spanish;10 days;False
FFCC202370;2020-07-01;PROV1485;2020-06-20;2020-07-04;11 days;Proveedor 386;IE;EUR;Intracommunity;20 days;True
FFCC202375;2020-07-10;PROV40002330;2020-05-25;2020-07-13;46 days;Proveedor 37;ES;EUR;Spanish;10 days;False
FFCC202376;2020-07-17;PROV40002330;2020-06-26;2020-07-20;21 days;Proveedor 37;ES;EUR;Spanish;10 days;False
FFCC202391;2020-07-29;PROV1756;2020-07-17;2020-08-01;12 days;Proveedor 603;IN;USD;Extracommunity;45 days;True
FFCC202399;2020-07-01;PROV40001000;2020-05-14;2020-07-04;48 days;Proveedor 24;FR;EUR;Intracommunity;20 days;False
FFCC202401;2020-07-01;PROV1900;2020-06-17;2020-07-04;14 days;Proveedor 732;ES;EUR;Spanish;10 days;False
FFCC202406;2020-08-03;PROV1027;2020-07-14;2020-08-06;20 days;Proveedor 178;ES;EUR;Spanish;10 days;False
FFCC202425;2020-08-10;PROV1255;2020-07-11;2020-08-13;30 days;Proveedor 252;ES;EUR;Spanish;10 days;False
FFCC202433;2020-08-01;PROV1003;2020-07-01;2020-08-04;31 days;Proveedor 165;CN;USD;Extracommunity;45 days;True
FFCC202438;2020-07-20;PROV1485;2020-06-24;2020-07-23;26 days;Proveedor 386;IE;EUR;Intracommunity;20 days;False
FFCC202440;2020-07-31;PROV40002330;2020-07-11;2020-08-03;20 days;Proveedor 37;ES;EUR;Spanish;10 days;False
FFCC202443;2020-07-31;PROV1191;2020-06-20;2020-08-03;41 days;Proveedor 227;ES;EUR;Spanish;10 days;False
FFCC202444;2020-08-13;PROV40002330;2020-07-25;2020-08-16;19 days;Proveedor 37;ES;EUR;Spanish;10 days;False
FFCC202447;2020-08-03;PROV1938;2020-07-07;2020-08-06;27 days;Proveedor 768;ES;EUR;Spanish;10 days;False
FFCC202463;2020-07-01;PROV1968;2020-06-05;2020-07-04;26 days;Proveedor 796;CH;USD;Extracommunity;45 days;True
FFCC202464;2020-07-31;PROV1441;2020-07-15;2020-08-03;16 days;Proveedor 349;ES;EUR;Spanish;10 days;False
FFCC202466;2020-07-01;PROV1485;2020-06-01;2020-07-04;30 days;Proveedor 386;IE;EUR;Intracommunity;20 days;False
FFCC202468;2020-07-24;PROV40002220;2020-06-07;2020-07-27;47 days;Proveedor 36;ES;EUR;Spanish;10 days;False
FFCC202469;2020-08-01;PROV1014;2020-07-08;2020-08-04;24 days;Proveedor 171;ES;EUR;Spanish;10 days;False
FFCC202470;2020-07-30;PROV40000735;2020-07-03;2020-08-02;27 days;Proveedor 19;ES;EUR;Spanish;10 days;False
FFCC202471;2020-07-31;PROV2128;2020-06-26;2020-08-03;35 days;Proveedor 954;ES;EUR;Spanish;10 days;False
FFCC202472;2020-07-15;PROV1585;2020-05-18;2020-07-18;58 days;Proveedor 479;CH;USD;Extracommunity;45 days;False
FFCC202474;2020-08-01;PROV1398;2020-07-02;2020-08-04;30 days;Proveedor 322;CH;USD;Extracommunity;45 days;True
FFCC202479;2020-08-10;PROV1485;2020-07-30;2020-08-13;11 days;Proveedor 386;IE;EUR;Intracommunity;20 days;True
FFCC202481;2020-07-31;PROV41000980;2020-06-06;2020-08-03;55 days;Proveedor 110;ES;EUR;Spanish;10 days;False
FFCC202503;2020-07-01;PROV1585;2020-05-11;2020-07-04;51 days;Proveedor 479;CH;USD;Extracommunity;45 days;False
FFCC202506;2020-07-22;PROV1027;2020-07-10;2020-07-25;12 days;Proveedor 178;ES;EUR;Spanish;10 days;False
FFCC202523;2020-08-14;PROV40002330;2020-08-12;2020-08-17;2 days;Proveedor 37;ES;EUR;Spanish;10 days;True
FFCC202535;2020-08-01;PROV1014;2020-07-21;2020-08-04;11 days;Proveedor 171;ES;EUR;Spanish;10 days;False
FFCC202537;2020-08-15;PROV2128;2020-08-02;2020-08-18;13 days;Proveedor 954;ES;EUR;Spanish;10 days;False
FFCC202543;2020-08-07;PROV1014;2020-06-24;2020-08-10;44 days;Proveedor 171;ES;EUR;Spanish;10 days;False
FFCC202554;2020-08-01;PROV1485;2020-07-27;2020-08-04;5 days;Proveedor 386;IE;EUR;Intracommunity;20 days;True
FFCC202557;2020-08-01;PROV1397;2020-07-08;2020-08-04;24 days;Proveedor 321;PE;USD;Extracommunity;45 days;True
FFCC202558;2020-08-01;PROV1936;2020-06-20;2020-08-04;42 days;Proveedor 766;CH;USD;Extracommunity;45 days;True
FFCC202561;2020-08-01;PROV1585;2020-06-15;2020-08-04;47 days;Proveedor 479;CH;USD;Extracommunity;45 days;False
FFCC202564;2020-08-01;PROV1964;2020-06-27;2020-08-04;35 days;Proveedor 792;CH;USD;Extracommunity;45 days;True
FFCC202565;2020-08-01;PROV1475;2020-07-14;2020-08-04;18 days;Proveedor 376;CH;USD;Extracommunity;45 days;True
FFCC202573;2020-08-01;PROV1875;2020-07-15;2020-08-04;17 days;Proveedor 711;CH;USD;Extracommunity;45 days;True
FFCC202576;2020-08-01;PROV1968;2020-07-11;2020-08-04;21 days;Proveedor 796;CH;USD;Extracommunity;45 days;True
FFCC202579;2020-08-25;PROV2128;2020-08-01;2020-08-28;24 days;Proveedor 954;ES;EUR;Spanish;10 days;False
FFCC202580;2020-08-21;PROV40000500;2020-07-23;2020-08-24;29 days;Proveedor 16;ES;EUR;Spanish;10 days;False
FFCC202581;2020-08-25;PROV40000520;2020-07-28;2020-08-28;28 days;Proveedor 17;ES;EUR;Spanish;10 days;False
FFCC202582;2020-08-26;PROV1650;2020-07-21;2020-08-29;36 days;Proveedor 539;ES;EUR;Spanish;10 days;False
FFCC202583;2020-08-26;PROV40002330;2020-08-04;2020-08-29;22 days;Proveedor 37;ES;EUR;Spanish;10 days;False
FFCC202584;2020-08-26;PROV40002330;2020-07-30;2020-08-29;27 days;Proveedor 37;ES;EUR;Spanish;10 days;False
FFCC202585;2020-08-31;PROV1528;2020-08-05;2020-09-03;26 days;Proveedor 425;ES;EUR;Spanish;10 days;False
FFCC202586;2020-08-07;PROV40001825;2020-07-09;2020-08-10;29 days;Proveedor 29;ES;EUR;Spanish;10 days;False
FFCC202617;2020-08-01;PROV1003;2020-07-05;2020-08-04;27 days;Proveedor 165;CN;USD;Extracommunity;45 days;True
FFCC202630;2020-09-08;PROV1003;2020-08-16;2020-09-11;23 days;Proveedor 165;CN;USD;Extracommunity;45 days;True
FFCC202635;2020-08-01;PROV41001142;2020-07-03;2020-08-04;29 days;Proveedor 123;ES;EUR;Spanish;10 days;False
FFCC202636;2020-08-20;PROV40001000;2020-08-08;2020-08-23;12 days;Proveedor 24;FR;EUR;Intracommunity;20 days;True
FFCC202639;2020-08-01;PROV40000187;2020-06-29;2020-08-04;33 days;Proveedor 13;ES;EUR;Spanish;10 days;False
FFCC202644;2020-08-01;PROV1585;2020-07-10;2020-08-04;22 days;Proveedor 479;CH;USD;Extracommunity;45 days;True
FFCC202649;2020-08-12;PROV1585;2020-07-22;2020-08-15;21 days;Proveedor 479;CH;USD;Extracommunity;45 days;True
FFCC202653;2020-08-26;PROV40002330;2020-08-13;2020-08-29;13 days;Proveedor 37;ES;EUR;Spanish;10 days;False
FFCC202654;2020-08-27;PROV40002330;2020-07-30;2020-08-30;28 days;Proveedor 37;ES;EUR;Spanish;10 days;False
FFCC202655;2020-08-25;PROV1895;2020-07-08;2020-08-28;48 days;Proveedor 8;ES;EUR;Spanish;10 days;False
FFCC202664;2020-09-01;PROV40002330;2020-08-03;2020-09-04;29 days;Proveedor 37;ES;EUR;Spanish;10 days;False
FFCC202668;2020-09-04;PROV40002330;2020-08-04;2020-09-07;31 days;Proveedor 37;ES;EUR;Spanish;10 days;False
FFCC202669;2020-09-04;PROV40000520;2020-08-16;2020-09-07;19 days;Proveedor 17;ES;EUR;Spanish;10 days;False
FFCC202674;2020-08-31;PROV1558;2020-07-29;2020-09-03;33 days;Proveedor 453;ES;EUR;Spanish;10 days;False
FFCC202690;2020-09-08;PROV40000235;2020-08-26;2020-09-11;13 days;Proveedor 15;ES;EUR;Spanish;10 days;False
FFCC202691;2020-09-01;PROV1014;2020-07-23;2020-09-04;40 days;Proveedor 171;ES;EUR;Spanish;10 days;False
FFCC202692;2020-09-07;PROV1014;2020-08-23;2020-09-10;15 days;Proveedor 171;ES;EUR;Spanish;10 days;False
FFCC202693;2020-09-05;PROV1465;2020-08-23;2020-09-08;13 days;Proveedor 368;ES;EUR;Spanish;10 days;False
FFCC202694;2020-09-10;PROV1465;2020-07-23;2020-09-13;49 days;Proveedor 368;ES;EUR;Spanish;10 days;False
FFCC202696;2020-08-06;PROV40000735;2020-07-19;2020-08-09;18 days;Proveedor 19;ES;EUR;Spanish;10 days;False
FFCC202698;2020-09-11;PROV1650;2020-09-01;2020-09-14;10 days;Proveedor 539;ES;EUR;Spanish;10 days;True
FFCC202700;2020-08-01;PROV1014;2020-07-17;2020-08-04;15 days;Proveedor 171;ES;EUR;Spanish;10 days;False
FFCC202740;2020-09-15;PROV1255;2020-08-23;2020-09-18;23 days;Proveedor 252;ES;EUR;Spanish;10 days;False
FFCC202746;2020-08-31;PROV40000520;2020-08-19;2020-09-03;12 days;Proveedor 17;ES;EUR;Spanish;10 days;False
FFCC202748;2020-09-07;PROV40001000;2020-08-15;2020-09-10;23 days;Proveedor 24;FR;EUR;Intracommunity;20 days;False
FFCC202752;2020-09-01;PROV1968;2020-07-11;2020-09-04;52 days;Proveedor 796;CH;USD;Extracommunity;45 days;False
FFCC202756;2020-08-24;PROV1976;2020-07-12;2020-08-27;43 days;Proveedor 804;IN;USD;Extracommunity;45 days;True
FFCC202764;2020-08-06;PROV1968;2020-06-19;2020-08-09;48 days;Proveedor 796;CH;USD;Extracommunity;45 days;False
FFCC202778;2020-09-15;PROV40000235;2020-09-01;2020-09-18;14 days;Proveedor 15;ES;EUR;Spanish;10 days;False
FFCC202779;2020-09-01;PROV1428;2020-07-14;2020-09-04;49 days;Proveedor 341;CH;USD;Extracommunity;45 days;False
FFCC202786;2020-09-15;PROV1900;2020-08-28;2020-09-18;18 days;Proveedor 732;ES;EUR;Spanish;10 days;False
FFCC202788;2020-09-01;PROV1485;2020-08-11;2020-09-04;21 days;Proveedor 386;IE;EUR;Intracommunity;20 days;False
FFCC202790;2020-09-02;PROV1485;2020-07-08;2020-09-05;56 days;Proveedor 386;IE;EUR;Intracommunity;20 days;False
FFCC202799;2020-09-01;PROV1014;2020-08-16;2020-09-04;16 days;Proveedor 171;ES;EUR;Spanish;10 days;False
FFCC202816;2020-09-01;PROV40001825;2020-07-20;2020-09-04;43 days;Proveedor 29;ES;EUR;Spanish;10 days;False
FFCC202817;2020-09-01;PROV40001825;2020-07-14;2020-09-04;49 days;Proveedor 29;ES;EUR;Spanish;10 days;False
FFCC202818;2020-09-09;PROV40001825;2020-07-28;2020-09-12;43 days;Proveedor 29;ES;EUR;Spanish;10 days;False
FFCC202829;2020-09-10;PROV1027;2020-08-28;2020-09-13;13 days;Proveedor 178;ES;EUR;Spanish;10 days;False
FFCC202862;2020-09-01;PROV1441;2020-07-20;2020-09-04;43 days;Proveedor 349;ES;EUR;Spanish;10 days;False
FFCC202863;2020-09-02;PROV1938;2020-08-05;2020-09-05;28 days;Proveedor 768;ES;EUR;Spanish;10 days;False
FFCC202897;2020-09-14;PROV1014;2020-08-30;2020-09-17;15 days;Proveedor 171;ES;EUR;Spanish;10 days;False
FFCC202919;2020-09-01;PROV1398;2020-07-17;2020-09-04;46 days;Proveedor 322;CH;USD;Extracommunity;45 days;False
FFCC202922;2020-09-01;PROV2318;2020-07-17;2020-09-04;46 days;Proveedor 1141;CH;USD;Extracommunity;45 days;False
FFCC202924;2020-09-01;PROV1756;2020-08-01;2020-09-04;31 days;Proveedor 603;IN;USD;Extracommunity;45 days;True
FFCC202925;2020-09-02;PROV1397;2020-07-27;2020-09-05;37 days;Proveedor 321;PE;USD;Extracommunity;45 days;True
FFCC202928;2020-09-16;PROV1938;2020-09-02;2020-09-19;14 days;Proveedor 768;ES;EUR;Spanish;10 days;False
FFCC202930;2020-09-10;PROV1475;2020-08-21;2020-09-13;20 days;Proveedor 376;CH;USD;Extracommunity;45 days;True
FFCC202931;2020-09-25;PROV40002720;2020-08-21;2020-09-28;35 days;Proveedor 38;ES;EUR;Spanish;10 days;False
FFCC202932;2020-09-01;PROV1485;2020-07-26;2020-09-04;37 days;Proveedor 386;IE;EUR;Intracommunity;20 days;False
FFCC202934;2020-09-07;PROV1485;2020-08-14;2020-09-10;24 days;Proveedor 386;IE;EUR;Intracommunity;20 days;False
FFCC202936;2020-09-14;PROV1485;2020-08-25;2020-09-17;20 days;Proveedor 386;IE;EUR;Intracommunity;20 days;True
FFCC202938;2020-09-01;PROV40000187;2020-07-24;2020-09-04;39 days;Proveedor 13;ES;EUR;Spanish;10 days;False
FFCC202941;2020-09-01;PROV1875;2020-08-03;2020-09-04;29 days;Proveedor 711;CH;USD;Extracommunity;45 days;True
FFCC202946;2020-09-30;PROV40001470;2020-09-11;2020-10-03;19 days;Proveedor 26;ES;EUR;Spanish;10 days;False
FFCC202949;2020-09-01;PROV1485;2020-08-15;2020-09-04;17 days;Proveedor 386;IE;EUR;Intracommunity;20 days;True
FFCC202961;2020-09-25;PROV40000520;2020-09-17;2020-09-28;8 days;Proveedor 17;ES;EUR;Spanish;10 days;True
FFCC202962;2020-09-25;PROV40000520;2020-08-21;2020-09-28;35 days;Proveedor 17;ES;EUR;Spanish;10 days;False
FFCC202963;2020-09-19;PROV40002330;2020-07-30;2020-09-22;51 days;Proveedor 37;ES;EUR;Spanish;10 days;False
FFCC202965;2020-09-01;PROV2164;2020-08-13;2020-09-04;19 days;Proveedor 988;CH;USD;Extracommunity;45 days;True
FFCC202968;2020-09-22;PROV1976;2020-08-18;2020-09-25;35 days;Proveedor 804;IN;USD;Extracommunity;45 days;True
FFCC202983;2020-09-30;PROV1027;2020-08-18;2020-10-03;43 days;Proveedor 178;ES;EUR;Spanish;10 days;False
FFCC202996;2020-09-28;PROV40001000;2020-08-26;2020-10-01;33 days;Proveedor 24;FR;EUR;Intracommunity;20 days;False
FFCC203000;2020-09-14;PROV1895;2020-08-10;2020-09-17;35 days;Proveedor 8;ES;EUR;Spanish;10 days;False
FFCC203001;2020-09-15;PROV1129;2020-08-18;2020-09-18;28 days;Proveedor 207;ES;EUR;Spanish;10 days;False
FFCC203002;2020-09-01;PROV1475;2020-08-07;2020-09-04;25 days;Proveedor 376;CH;USD;Extracommunity;45 days;True
FFCC203005;2020-09-15;PROV40002180;2020-08-07;2020-09-18;39 days;Proveedor 34;ES;EUR;Spanish;10 days;False
FFCC203009;2020-09-10;PROV1585;2020-08-11;2020-09-13;30 days;Proveedor 479;CH;USD;Extracommunity;45 days;True
FFCC203018;2020-09-01;PROV1816;2020-08-14;2020-09-04;18 days;Proveedor 661;CH;USD;Extracommunity;45 days;True
FFCC203021;2020-09-30;PROV41000980;2020-08-15;2020-10-03;46 days;Proveedor 110;ES;EUR;Spanish;10 days;False
FFCC203027;2020-09-23;PROV1441;2020-08-21;2020-09-26;33 days;Proveedor 349;ES;EUR;Spanish;10 days;False
FFCC203028;2020-09-29;PROV1485;2020-09-05;2020-10-02;24 days;Proveedor 386;IE;EUR;Intracommunity;20 days;False
FFCC203032;2020-09-21;PROV1014;2020-08-22;2020-09-24;30 days;Proveedor 171;ES;EUR;Spanish;10 days;False
FFCC203033;2020-09-30;PROV1558;2020-09-03;2020-10-03;27 days;Proveedor 453;ES;EUR;Spanish;10 days;False
FFCC203036;2020-09-28;PROV40001000;2020-08-08;2020-10-01;51 days;Proveedor 24;FR;EUR;Intracommunity;20 days;False
FFCC203039;2020-09-11;PROV40000500;2020-08-17;2020-09-14;25 days;Proveedor 16;ES;EUR;Spanish;10 days;False
FFCC203044;2020-09-30;PROV40000520;2020-09-23;2020-10-03;7 days;Proveedor 17;ES;EUR;Spanish;10 days;True
FFCC203046;2020-09-30;PROV40002065;2020-08-30;2020-10-03;31 days;Proveedor 30;ES;EUR;Spanish;10 days;False
FFCC203052;2020-09-30;PROV1129;2020-08-22;2020-10-03;39 days;Proveedor 207;ES;EUR;Spanish;10 days;False
FFCC203065;2020-09-01;PROV40002220;2020-08-18;2020-09-04;14 days;Proveedor 36;ES;EUR;Spanish;10 days;False
FFCC203084;2020-09-29;PROV1756;2020-08-20;2020-10-02;40 days;Proveedor 603;IN;USD;Extracommunity;45 days;True
FFCC203085;2020-10-06;PROV41001142;2020-09-02;2020-10-09;34 days;Proveedor 123;ES;EUR;Spanish;10 days;False
FFCC203086;2020-09-01;PROV40001000;2020-08-09;2020-09-04;23 days;Proveedor 24;FR;EUR;Intracommunity;20 days;False
FFCC203089;2020-09-15;PROV40001470;2020-08-26;2020-09-18;20 days;Proveedor 26;ES;EUR;Spanish;10 days;False
FFCC203124;2020-09-30;PROV1014;2020-08-21;2020-10-03;40 days;Proveedor 171;ES;EUR;Spanish;10 days;False
FFCC203126;2020-09-22;PROV1003;2020-09-10;2020-09-25;12 days;Proveedor 165;CN;USD;Extracommunity;45 days;True
FFCC203127;2020-09-25;PROV40000187;2020-08-03;2020-09-28;53 days;Proveedor 13;ES;EUR;Spanish;10 days;False
FFCC203133;2020-09-15;PROV2128;2020-08-31;2020-09-18;15 days;Proveedor 954;ES;EUR;Spanish;10 days;False
FFCC203134;2020-09-30;PROV2128;2020-08-23;2020-10-03;38 days;Proveedor 954;ES;EUR;Spanish;10 days;False
FFCC203168;2020-09-25;PROV1027;2020-08-09;2020-09-28;47 days;Proveedor 178;ES;EUR;Spanish;10 days;False
FFCC203169;2020-09-29;PROV1428;2020-09-11;2020-10-02;18 days;Proveedor 341;CH;USD;Extracommunity;45 days;True
FFCC203175;2020-09-01;PROV1398;2020-07-26;2020-09-04;37 days;Proveedor 322;CH;USD;Extracommunity;45 days;True
FFCC203187;2020-09-01;PROV1585;2020-08-24;2020-09-04;8 days;Proveedor 479;CH;USD;Extracommunity;45 days;True
FFCC203203;2020-10-09;PROV1976;2020-08-19;2020-10-12;51 days;Proveedor 804;IN;USD;Extracommunity;45 days;False
FFCC203204;2020-09-01;PROV1027;2020-08-10;2020-09-04;22 days;Proveedor 178;ES;EUR;Spanish;10 days;False
FFCC203206;2020-10-09;PROV1756;2020-09-30;2020-10-12;9 days;Proveedor 603;IN;USD;Extracommunity;45 days;True
FFCC203210;2020-10-15;PROV1876;2020-09-18;2020-10-18;27 days;Proveedor 712;ES;EUR;Spanish;10 days;False
FFCC203211;2020-10-15;PROV2128;2020-09-13;2020-10-18;32 days;Proveedor 954;ES;EUR;Spanish;10 days;False
FFCC203212;2020-10-07;PROV1650;2020-08-15;2020-10-10;53 days;Proveedor 539;ES;EUR;Spanish;10 days;False
FFCC203213;2020-10-15;PROV1129;2020-09-11;2020-10-18;34 days;Proveedor 207;ES;EUR;Spanish;10 days;False
FFCC203214;2020-10-13;PROV40001825;2020-09-16;2020-10-16;27 days;Proveedor 29;ES;EUR;Spanish;10 days;False
FFCC203215;2020-10-05;PROV40001000;2020-08-20;2020-10-08;46 days;Proveedor 24;FR;EUR;Intracommunity;20 days;False
FFCC203216;2020-10-08;PROV1650;2020-08-14;2020-10-11;55 days;Proveedor 539;ES;EUR;Spanish;10 days;False
FFCC203261;2020-10-06;PROV41001142;2020-09-10;2020-10-09;26 days;Proveedor 123;ES;EUR;Spanish;10 days;False
FFCC203262;2020-10-03;PROV40002330;2020-09-21;2020-10-06;12 days;Proveedor 37;ES;EUR;Spanish;10 days;False
FFCC203263;2020-10-03;PROV40002330;2020-09-01;2020-10-06;32 days;Proveedor 37;ES;EUR;Spanish;10 days;False
FFCC203264;2020-10-09;PROV40000520;2020-08-29;2020-10-12;41 days;Proveedor 17;ES;EUR;Spanish;10 days;False
FFCC203266;2020-10-05;PROV1485;2020-08-21;2020-10-08;45 days;Proveedor 386;IE;EUR;Intracommunity;20 days;False
FFCC203288;2020-10-05;PROV1650;2020-09-05;2020-10-08;30 days;Proveedor 539;ES;EUR;Spanish;10 days;False
FFCC203290;2020-10-15;PROV40000520;2020-09-06;2020-10-18;39 days;Proveedor 17;ES;EUR;Spanish;10 days;False
FFCC203292;2020-10-01;PROV1875;2020-08-29;2020-10-04;33 days;Proveedor 711;CH;USD;Extracommunity;45 days;True
FFCC203309;2020-10-01;PROV1475;2020-08-24;2020-10-04;38 days;Proveedor 376;CH;USD;Extracommunity;45 days;True
FFCC203324;2020-10-07;PROV1938;2020-08-30;2020-10-10;38 days;Proveedor 768;ES;EUR;Spanish;10 days;False
FFCC203327;2020-10-01;PROV1585;2020-08-27;2020-10-04;35 days;Proveedor 479;CH;USD;Extracommunity;45 days;True
FFCC203331;2020-10-01;PROV1485;2020-08-11;2020-10-04;51 days;Proveedor 386;IE;EUR;Intracommunity;20 days;False
FFCC203333;2020-10-25;PROV40002720;2020-09-20;2020-10-28;35 days;Proveedor 38;ES;EUR;Spanish;10 days;False
FFCC203336;2020-10-21;PROV40001000;2020-10-17;2020-10-24;4 days;Proveedor 24;FR;EUR;Intracommunity;20 days;True
FFCC203337;2020-10-13;PROV1014;2020-09-19;2020-10-16;24 days;Proveedor 171;ES;EUR;Spanish;10 days;False
FFCC203338;2020-10-23;PROV40000500;2020-09-17;2020-10-26;36 days;Proveedor 16;ES;EUR;Spanish;10 days;False
FFCC203362;2020-10-01;PROV1485;2020-08-22;2020-10-04;40 days;Proveedor 386;IE;EUR;Intracommunity;20 days;False
FFCC203365;2020-10-22;PROV41001142;2020-10-10;2020-10-25;12 days;Proveedor 123;ES;EUR;Spanish;10 days;False
FFCC203385;2020-10-17;PROV40002330;2020-09-19;2020-10-20;28 days;Proveedor 37;ES;EUR;Spanish;10 days;False
FFCC203394;2020-10-19;PROV40000735;2020-09-30;2020-10-22;19 days;Proveedor 19;ES;EUR;Spanish;10 days;False
FFCC203395;2020-10-30;PROV2128;2020-09-29;2020-11-02;31 days;Proveedor 954;ES;EUR;Spanish;10 days;False
FFCC203396;2020-10-31;PROV40002065;2020-09-30;2020-11-03;31 days;Proveedor 30;ES;EUR;Spanish;10 days;False
FFCC203405;2020-10-23;PROV40000520;2020-10-07;2020-10-26;16 days;Proveedor 17;ES;EUR;Spanish;10 days;False
FFCC203407;2020-10-02;PROV40002220;2020-09-04;2020-10-05;28 days;Proveedor 36;ES;EUR;Spanish;10 days;False
FFCC203414;2020-10-24;PROV40002330;2020-08-31;2020-10-27;54 days;Proveedor 37;ES;EUR;Spanish;10 days;False
FFCC203415;2020-10-21;PROV40001000;2020-09-10;2020-10-24;41 days;Proveedor 24;FR;EUR;Intracommunity;20 days;False
FFCC203422;2020-10-31;PROV1129;2020-10-02;2020-11-03;29 days;Proveedor 207;ES;EUR;Spanish;10 days;False
FFCC203466;2020-10-27;PROV1558;2020-09-13;2020-10-30;44 days;Proveedor 453;ES;EUR;Spanish;10 days;False
FFCC203470;2020-10-30;PROV40000520;2020-09-11;2020-11-02;49 days;Proveedor 17;ES;EUR;Spanish;10 days;False
FFCC203479;2020-10-06;PROV40001825;2020-08-11;2020-10-09;56 days;Proveedor 29;ES;EUR;Spanish;10 days;False
FFCC203483;2020-10-20;PROV1014;2020-10-09;2020-10-23;11 days;Proveedor 171;ES;EUR;Spanish;10 days;False
FFCC203485;2020-10-22;PROV1014;2020-09-22;2020-10-25;30 days;Proveedor 171;ES;EUR;Spanish;10 days;False
FFCC203489;2020-10-01;PROV1397;2020-09-22;2020-10-04;9 days;Proveedor 321;PE;USD;Extracommunity;45 days;True
FFCC203490;2020-10-29;PROV1441;2020-09-22;2020-11-01;37 days;Proveedor 349;ES;EUR;Spanish;10 days;False
FFCC203491;2020-10-28;PROV1756;2020-09-21;2020-10-31;37 days;Proveedor 603;IN;USD;Extracommunity;45 days;True
FFCC203492;2020-10-23;PROV1003;2020-09-20;2020-10-26;33 days;Proveedor 165;CN;USD;Extracommunity;45 days;True
FFCC203493;2020-10-21;PROV1397;2020-09-17;2020-10-24;34 days;Proveedor 321;PE;USD;Extracommunity;45 days;True
FFCC203495;2020-10-07;PROV1485;2020-09-15;2020-10-10;22 days;Proveedor 386;IE;EUR;Intracommunity;20 days;False
FFCC203504;2020-10-28;PROV1876;2020-10-17;2020-10-31;11 days;Proveedor 712;ES;EUR;Spanish;10 days;False
FFCC203505;2020-10-20;PROV40000187;2020-09-30;2020-10-23;20 days;Proveedor 13;ES;EUR;Spanish;10 days;False
FFCC203506;2020-10-30;PROV40000187;2020-09-22;2020-11-02;38 days;Proveedor 13;ES;EUR;Spanish;10 days;False
FFCC203508;2020-10-14;PROV1875;2020-09-18;2020-10-17;26 days;Proveedor 711;CH;USD;Extracommunity;45 days;True
FFCC203519;2020-11-04;PROV1938;2020-10-08;2020-11-07;27 days;Proveedor 768;ES;EUR;Spanish;10 days;False
FFCC203521;2020-11-01;PROV1485;2020-10-07;2020-11-04;25 days;Proveedor 386;IE;EUR;Intracommunity;20 days;False
FFCC203526;2020-11-01;PROV1585;2020-10-21;2020-11-04;11 days;Proveedor 479;CH;USD;Extracommunity;45 days;True
FFCC203543;2020-11-03;PROV40001000;2020-10-10;2020-11-06;24 days;Proveedor 24;FR;EUR;Intracommunity;20 days;False
FFCC203544;2020-11-04;PROV40001000;2020-09-22;2020-11-07;43 days;Proveedor 24;FR;EUR;Intracommunity;20 days;False
FFCC203547;2020-11-04;PROV40000235;2020-09-24;2020-11-07;41 days;Proveedor 15;ES;EUR;Spanish;10 days;False
FFCC203559;2020-10-31;PROV1895;2020-09-21;2020-11-03;40 days;Proveedor 8;ES;EUR;Spanish;10 days;False
FFCC203577;2020-10-30;PROV40002720;2020-10-19;2020-11-02;11 days;Proveedor 38;ES;EUR;Spanish;10 days;False
FFCC203579;2020-11-01;PROV1475;2020-10-17;2020-11-04;15 days;Proveedor 376;CH;USD;Extracommunity;45 days;True
FFCC203582;2020-11-07;PROV40002330;2020-09-17;2020-11-10;51 days;Proveedor 37;ES;EUR;Spanish;10 days;False
FFCC203583;2020-11-01;PROV1936;2020-10-15;2020-11-04;17 days;Proveedor 766;CH;USD;Extracommunity;45 days;True
FFCC203589;2020-10-15;PROV1900;2020-08-26;2020-10-18;50 days;Proveedor 732;ES;EUR;Spanish;10 days;False
FFCC203590;2020-10-30;PROV1900;2020-10-05;2020-11-02;25 days;Proveedor 732;ES;EUR;Spanish;10 days;False
FFCC203591;2020-10-30;PROV40001470;2020-10-06;2020-11-02;24 days;Proveedor 26;ES;EUR;Spanish;10 days;False
FFCC203592;2020-10-01;PROV40000187;2020-09-04;2020-10-04;27 days;Proveedor 13;ES;EUR;Spanish;10 days;False
FFCC203593;2020-10-31;PROV40002220;2020-09-12;2020-11-03;49 days;Proveedor 36;ES;EUR;Spanish;10 days;False
FFCC203594;2020-10-27;PROV1027;2020-10-03;2020-10-30;24 days;Proveedor 178;ES;EUR;Spanish;10 days;False
FFCC203603;2020-11-13;PROV1650;2020-10-11;2020-11-16;33 days;Proveedor 539;ES;EUR;Spanish;10 days;False
FFCC203610;2020-11-01;PROV1816;2020-10-11;2020-11-04;21 days;Proveedor 661;CH;USD;Extracommunity;45 days;True
FFCC203613;2020-10-31;PROV41000980;2020-10-25;2020-11-03;6 days;Proveedor 110;ES;EUR;Spanish;10 days;True
FFCC203614;2020-11-10;PROV1397;2020-10-02;2020-11-13;39 days;Proveedor 321;PE;USD;Extracommunity;45 days;True
FFCC203618;2020-11-05;PROV1465;2020-10-20;2020-11-08;16 days;Proveedor 368;ES;EUR;Spanish;10 days;False
FFCC203620;2020-11-04;PROV1014;2020-10-18;2020-11-07;17 days;Proveedor 171;ES;EUR;Spanish;10 days;False
FFCC203625;2020-11-01;PROV1964;2020-10-08;2020-11-04;24 days;Proveedor 792;CH;USD;Extracommunity;45 days;True
FFCC203627;2020-11-06;PROV2197;2020-10-31;2020-11-09;6 days;Proveedor 1021;CH;USD;Extracommunity;45 days;True
FFCC203630;2020-10-30;PROV1876;2020-09-15;2020-11-02;45 days;Proveedor 712;ES;EUR;Spanish;10 days;False
FFCC203666;2020-11-10;PROV1976;2020-09-30;2020-11-13;41 days;Proveedor 804;IN;USD;Extracommunity;45 days;True
FFCC203675;2020-11-19;PROV40000520;2020-09-30;2020-11-22;50 days;Proveedor 17;ES;EUR;Spanish;10 days;False
FFCC203680;2020-11-01;PROV1585;2020-10-17;2020-11-04;15 days;Proveedor 479;CH;USD;Extracommunity;45 days;True
FFCC203683;2020-11-15;PROV2128;2020-09-26;2020-11-18;50 days;Proveedor 954;ES;EUR;Spanish;10 days;False
FFCC203685;2020-11-18;PROV1650;2020-10-03;2020-11-21;46 days;Proveedor 539;ES;EUR;Spanish;10 days;False
FFCC203691;2020-11-20;PROV41001142;2020-10-22;2020-11-23;29 days;Proveedor 123;ES;EUR;Spanish;10 days;False
FFCC203692;2020-11-20;PROV41001142;2020-10-07;2020-11-23;44 days;Proveedor 123;ES;EUR;Spanish;10 days;False
FFCC203698;2020-11-12;PROV1756;2020-10-07;2020-11-15;36 days;Proveedor 603;IN;USD;Extracommunity;45 days;True
FFCC203700;2020-11-05;PROV1014;2020-09-14;2020-11-08;52 days;Proveedor 171;ES;EUR;Spanish;10 days;False
FFCC203701;2020-11-10;PROV1014;2020-09-23;2020-11-13;48 days;Proveedor 171;ES;EUR;Spanish;10 days;False
FFCC203702;2020-11-09;PROV1014;2020-10-14;2020-11-12;26 days;Proveedor 171;ES;EUR;Spanish;10 days;False
FFCC203703;2020-11-20;PROV1027;2020-10-16;2020-11-23;35 days;Proveedor 178;ES;EUR;Spanish;10 days;False
FFCC203704;2020-11-20;PROV1027;2020-10-26;2020-11-23;25 days;Proveedor 178;ES;EUR;Spanish;10 days;False
FFCC203705;2020-11-20;PROV1027;2020-11-10;2020-11-23;10 days;Proveedor 178;ES;EUR;Spanish;10 days;True
FFCC203706;2020-11-01;PROV1398;2020-09-09;2020-11-04;53 days;Proveedor 322;CH;USD;Extracommunity;45 days;False
FFCC203716;2020-11-01;PROV1475;2020-09-17;2020-11-04;45 days;Proveedor 376;CH;USD;Extracommunity;45 days;True
FFCC203733;2020-11-10;PROV1585;2020-10-16;2020-11-13;25 days;Proveedor 479;CH;USD;Extracommunity;45 days;True
FFCC203736;2020-11-05;PROV40000520;2020-10-10;2020-11-08;26 days;Proveedor 17;ES;EUR;Spanish;10 days;False
FFCC203740;2020-11-01;PROV2197;2020-10-16;2020-11-04;16 days;Proveedor 1021;CH;USD;Extracommunity;45 days;True
FFCC203743;2020-11-02;PROV40002330;2020-09-29;2020-11-05;34 days;Proveedor 37;ES;EUR;Spanish;10 days;False
FFCC203763;2020-11-01;PROV2164;2020-10-24;2020-11-04;8 days;Proveedor 988;CH;USD;Extracommunity;45 days;True
FFCC203773;2020-11-17;PROV1938;2020-11-02;2020-11-20;15 days;Proveedor 768;ES;EUR;Spanish;10 days;False
FFCC203782;2020-11-25;PROV40002720;2020-09-29;2020-11-28;57 days;Proveedor 38;ES;EUR;Spanish;10 days;False
FFCC203783;2020-11-20;PROV1558;2020-10-02;2020-11-23;49 days;Proveedor 453;ES;EUR;Spanish;10 days;False
FFCC203784;2020-11-01;PROV1733;2020-10-26;2020-11-04;6 days;Proveedor 592;CH;USD;Extracommunity;45 days;True
FFCC203785;2020-11-01;PROV1585;2020-09-29;2020-11-04;33 days;Proveedor 479;CH;USD;Extracommunity;45 days;True
FFCC203792;2020-11-17;PROV1014;2020-10-10;2020-11-20;38 days;Proveedor 171;ES;EUR;Spanish;10 days;False
FFCC203803;2020-11-30;PROV40002065;2020-11-09;2020-12-03;21 days;Proveedor 30;ES;EUR;Spanish;10 days;False
FFCC203805;2020-11-16;PROV40001825;2020-10-31;2020-11-19;16 days;Proveedor 29;ES;EUR;Spanish;10 days;False
FFCC203807;2020-11-01;PROV1485;2020-10-14;2020-11-04;18 days;Proveedor 386;IE;EUR;Intracommunity;20 days;True
FFCC203815;2020-11-26;PROV1876;2020-10-29;2020-11-29;28 days;Proveedor 712;ES;EUR;Spanish;10 days;False
FFCC203816;2020-11-30;PROV2128;2020-10-06;2020-12-03;55 days;Proveedor 954;ES;EUR;Spanish;10 days;False
FFCC203821;2020-11-21;PROV40002330;2020-10-16;2020-11-24;36 days;Proveedor 37;ES;EUR;Spanish;10 days;False
FFCC203822;2020-11-30;PROV40002065;2020-11-13;2020-12-03;17 days;Proveedor 30;ES;EUR;Spanish;10 days;False
FFCC203823;2020-11-17;PROV1003;2020-10-23;2020-11-20;25 days;Proveedor 165;CN;USD;Extracommunity;45 days;True
FFCC203832;2020-11-30;PROV1129;2020-10-29;2020-12-03;32 days;Proveedor 207;ES;EUR;Spanish;10 days;False
FFCC203839;2020-11-30;PROV41000980;2020-10-21;2020-12-03;40 days;Proveedor 110;ES;EUR;Spanish;10 days;False
FFCC203841;2020-11-25;PROV40000520;2020-10-08;2020-11-28;48 days;Proveedor 17;ES;EUR;Spanish;10 days;False
FFCC203842;2020-11-10;PROV40000520;2020-10-27;2020-11-13;14 days;Proveedor 17;ES;EUR;Spanish;10 days;False
FFCC203843;2020-11-25;PROV1014;2020-10-09;2020-11-28;47 days;Proveedor 171;ES;EUR;Spanish;10 days;False
FFCC203844;2020-11-24;PROV1014;2020-11-06;2020-11-27;18 days;Proveedor 171;ES;EUR;Spanish;10 days;False
FFCC203877;2020-11-12;PROV1133;2020-11-07;2020-11-15;5 days;Proveedor 208;DE;EUR;Intracommunity;20 days;True
FFCC203883;2020-11-30;PROV40000520;2020-10-16;2020-12-03;45 days;Proveedor 17;ES;EUR;Spanish;10 days;False
FFCC203885;2020-11-27;PROV40002330;2020-11-12;2020-11-30;15 days;Proveedor 37;ES;EUR;Spanish;10 days;False
FFCC203886;2020-12-01;PROV40001000;2020-11-18;2020-12-04;13 days;Proveedor 24;FR;EUR;Intracommunity;20 days;True
FFCC203919;2020-11-25;PROV40000187;2020-11-05;2020-11-28;20 days;Proveedor 13;ES;EUR;Spanish;10 days;False
FFCC203920;2020-11-26;PROV1441;2020-11-02;2020-11-29;24 days;Proveedor 349;ES;EUR;Spanish;10 days;False
FFCC203921;2020-11-30;PROV1938;2020-10-23;2020-12-03;38 days;Proveedor 768;ES;EUR;Spanish;10 days;False
FFCC203932;2020-11-12;PROV40001000;2020-10-30;2020-11-15;13 days;Proveedor 24;FR;EUR;Intracommunity;20 days;True
FFCC203935;2020-11-24;PROV40002220;2020-11-15;2020-11-27;9 days;Proveedor 36;ES;EUR;Spanish;10 days;True
FFCC203936;2020-11-03;PROV1479;2020-09-15;2020-11-06;49 days;Proveedor 380;ES;EUR;Spanish;10 days;False
FFCC203937;2020-11-18;PROV1428;2020-10-25;2020-11-21;24 days;Proveedor 341;CH;USD;Extracommunity;45 days;True
FFCC203946;2020-12-02;PROV1428;2020-11-04;2020-12-05;28 days;Proveedor 341;CH;USD;Extracommunity;45 days;True
FFCC203966;2020-11-01;PROV1585;2020-09-10;2020-11-04;52 days;Proveedor 479;CH;USD;Extracommunity;45 days;False
FFCC203971;2020-12-01;PROV1816;2020-10-10;2020-12-04;52 days;Proveedor 661;CH;USD;Extracommunity;45 days;False
FFCC203975;2020-12-15;PROV1129;2020-11-01;2020-12-18;44 days;Proveedor 207;ES;EUR;Spanish;10 days;False
FFCC203976;2020-12-01;PROV1475;2020-11-07;2020-12-04;24 days;Proveedor 376;CH;USD;Extracommunity;45 days;True
FFCC203984;2020-12-04;PROV40002220;2020-10-30;2020-12-07;35 days;Proveedor 36;ES;EUR;Spanish;10 days;False
FFCC203985;2020-12-15;PROV40001470;2020-11-01;2020-12-18;44 days;Proveedor 26;ES;EUR;Spanish;10 days;False
FFCC203986;2020-12-07;PROV1014;2020-11-20;2020-12-10;17 days;Proveedor 171;ES;EUR;Spanish;10 days;False
FFCC203987;2020-12-15;PROV2128;2020-12-06;2020-12-18;9 days;Proveedor 954;ES;EUR;Spanish;10 days;True
FFCC203988;2020-12-01;PROV1398;2020-10-27;2020-12-04;35 days;Proveedor 322;CH;USD;Extracommunity;45 days;True
FFCC203991;2020-12-01;PROV1485;2020-11-08;2020-12-04;23 days;Proveedor 386;IE;EUR;Intracommunity;20 days;False
FFCC203993;2020-12-09;PROV1756;2020-11-30;2020-12-12;9 days;Proveedor 603;IN;USD;Extracommunity;45 days;True
FFCC203994;2020-12-16;PROV1003;2020-10-28;2020-12-19;49 days;Proveedor 165;CN;USD;Extracommunity;45 days;False
FFCC204020;2020-12-03;PROV1876;2020-11-08;2020-12-06;25 days;Proveedor 712;ES;EUR;Spanish;10 days;False
FFCC204021;2020-12-14;PROV1876;2020-11-16;2020-12-17;28 days;Proveedor 712;ES;EUR;Spanish;10 days;False
FFCC204022;2020-12-14;PROV1876;2020-11-12;2020-12-17;32 days;Proveedor 712;ES;EUR;Spanish;10 days;False
FFCC204025;2020-12-15;PROV1027;2020-11-07;2020-12-18;38 days;Proveedor 178;ES;EUR;Spanish;10 days;False
FFCC204026;2020-12-10;PROV40001000;2020-11-18;2020-12-13;22 days;Proveedor 24;FR;EUR;Intracommunity;20 days;False
FFCC204060;2020-12-15;PROV1465;2020-10-30;2020-12-18;46 days;Proveedor 368;ES;EUR;Spanish;10 days;False
FFCC204061;2020-12-01;PROV1875;2020-11-17;2020-12-04;14 days;Proveedor 711;CH;USD;Extracommunity;45 days;True
FFCC204064;2020-12-15;PROV40002330;2020-11-12;2020-12-18;33 days;Proveedor 37;ES;EUR;Spanish;10 days;False
FFCC204074;2020-12-18;PROV40001000;2020-11-24;2020-12-21;24 days;Proveedor 24;FR;EUR;Intracommunity;20 days;False
FFCC204075;2020-12-18;PROV40001000;2020-11-02;2020-12-21;46 days;Proveedor 24;FR;EUR;Intracommunity;20 days;False
FFCC204076;2020-12-21;PROV41001142;2020-12-02;2020-12-24;19 days;Proveedor 123;ES;EUR;Spanish;10 days;False
FFCC204077;2020-12-01;PROV1968;2020-11-06;2020-12-04;25 days;Proveedor 796;CH;USD;Extracommunity;45 days;True
FFCC204081;2020-12-17;PROV40002330;2020-11-18;2020-12-20;29 days;Proveedor 37;ES;EUR;Spanish;10 days;False
FFCC204085;2020-12-23;PROV40002720;2020-12-10;2020-12-26;13 days;Proveedor 38;ES;EUR;Spanish;10 days;False
FFCC204086;2020-12-18;PROV40001000;2020-12-02;2020-12-21;16 days;Proveedor 24;FR;EUR;Intracommunity;20 days;True
FFCC204092;2020-12-18;PROV1441;2020-11-06;2020-12-21;42 days;Proveedor 349;ES;EUR;Spanish;10 days;False
FFCC204101;2020-12-10;PROV40000520;2020-11-08;2020-12-13;32 days;Proveedor 17;ES;EUR;Spanish;10 days;False
FFCC204102;2020-12-23;PROV1558;2020-11-25;2020-12-26;28 days;Proveedor 453;ES;EUR;Spanish;10 days;False
FFCC204108;2020-12-14;PROV1014;2020-12-04;2020-12-17;10 days;Proveedor 171;ES;EUR;Spanish;10 days;True
FFCC204112;2020-12-25;PROV40000187;2020-11-20;2020-12-28;35 days;Proveedor 13;ES;EUR;Spanish;10 days;False
FFCC204117;2020-12-31;PROV40002065;2020-11-21;2021-01-03;40 days;Proveedor 30;ES;EUR;Spanish;10 days;False
FFCC204124;2020-12-30;PROV2128;2020-11-24;2021-01-02;36 days;Proveedor 954;ES;EUR;Spanish;10 days;False
FFCC204143;2020-12-22;PROV40000520;2020-11-18;2020-12-25;34 days;Proveedor 17;ES;EUR;Spanish;10 days;False
FFCC204181;2020-12-11;PROV1968;2020-10-23;2020-12-14;49 days;Proveedor 796;CH;USD;Extracommunity;45 days;False
FFCC204199;2020-12-22;PROV1775;2020-11-13;2020-12-25;39 days;Proveedor 622;MX;USD;Extracommunity;45 days;True
FFCC204203;2020-12-08;PROV1397;2020-12-04;2020-12-11;4 days;Proveedor 321;PE;USD;Extracommunity;45 days;True
FFCC210002;2021-01-01;PROV1976;2020-12-05;2021-01-04;27 days;Proveedor 804;IN;USD;Extracommunity;45 days;True
FFCC210049;2021-01-02;PROV1485;2020-12-10;2021-01-05;23 days;Proveedor 386;IE;EUR;Intracommunity;20 days;False
FFCC210057;2021-01-02;PROV1816;2020-11-29;2021-01-05;34 days;Proveedor 661;CH;USD;Extracommunity;45 days;True
FFCC210065;2021-01-05;PROV1428;2020-12-03;2021-01-08;33 days;Proveedor 341;CH;USD;Extracommunity;45 days;True
FFCC210069;2021-01-15;PROV2128;2020-11-28;2021-01-18;48 days;Proveedor 954;ES;EUR;Spanish;10 days;False
FFCC210073;2021-01-02;PROV2164;2020-12-24;2021-01-05;9 days;Proveedor 988;CH;USD;Extracommunity;45 days;True
FFCC210096;2021-01-02;PROV1964;2020-11-27;2021-01-05;36 days;Proveedor 792;CH;USD;Extracommunity;45 days;True
FFCC210100;2021-01-15;PROV40001470;2020-12-13;2021-01-18;33 days;Proveedor 26;ES;EUR;Spanish;10 days;False
FFCC210113;2021-01-08;PROV1876;2020-12-11;2021-01-11;28 days;Proveedor 712;ES;EUR;Spanish;10 days;False
FFCC210120;2021-01-14;PROV1938;2020-12-02;2021-01-17;43 days;Proveedor 768;ES;EUR;Spanish;10 days;False
FFCC210122;2021-01-12;PROV40000520;2021-01-01;2021-01-15;11 days;Proveedor 17;ES;EUR;Spanish;10 days;False
FFCC210123;2021-01-02;PROV40002330;2020-12-05;2021-01-05;28 days;Proveedor 37;ES;EUR;Spanish;10 days;False
FFCC210136;2021-01-21;PROV1027;2020-12-25;2021-01-24;27 days;Proveedor 178;ES;EUR;Spanish;10 days;False
FFCC210153;2021-01-02;PROV1485;2020-12-29;2021-01-05;4 days;Proveedor 386;IE;EUR;Intracommunity;20 days;True
FFCC210157;2021-01-11;PROV40002330;2020-12-09;2021-01-14;33 days;Proveedor 37;ES;EUR;Spanish;10 days;False
FFCC210158;2021-01-18;PROV40002330;2020-12-08;2021-01-21;41 days;Proveedor 37;ES;EUR;Spanish;10 days;False
FFCC210159;2021-01-25;PROV40002330;2020-12-20;2021-01-28;36 days;Proveedor 37;ES;EUR;Spanish;10 days;False
FFCC210160;2021-01-25;PROV40002720;2020-12-31;2021-01-28;25 days;Proveedor 38;ES;EUR;Spanish;10 days;False
FFCC210161;2021-01-27;PROV1938;2020-12-19;2021-01-30;39 days;Proveedor 768;ES;EUR;Spanish;10 days;False
FFCC210163;2021-01-28;PROV1441;2020-12-04;2021-01-31;55 days;Proveedor 349;ES;EUR;Spanish;10 days;False
FFCC210165;2021-01-31;PROV40002065;2021-01-10;2021-02-03;21 days;Proveedor 30;ES;EUR;Spanish;10 days;False
FFCC210166;2021-01-30;PROV2128;2021-01-10;2021-02-02;20 days;Proveedor 954;ES;EUR;Spanish;10 days;False
FFCC210169;2021-01-02;PROV1585;2020-12-02;2021-01-05;31 days;Proveedor 479;CH;USD;Extracommunity;45 days;True
FFCC210170;2021-01-11;PROV40001825;2020-12-19;2021-01-14;23 days;Proveedor 29;ES;EUR;Spanish;10 days;False
FFCC210173;2021-01-21;PROV1027;2020-12-31;2021-01-24;21 days;Proveedor 178;ES;EUR;Spanish;10 days;False
FFCC210181;2021-01-30;PROV1781;2020-12-15;2021-02-02;46 days;Proveedor 628;ES;EUR;Spanish;10 days;False
FFCC210182;2021-01-07;PROV1014;2020-12-01;2021-01-10;37 days;Proveedor 171;ES;EUR;Spanish;10 days;False
FFCC210183;2021-01-07;PROV1014;2020-12-14;2021-01-10;24 days;Proveedor 171;ES;EUR;Spanish;10 days;False
FFCC210184;2021-01-12;PROV1014;2020-12-10;2021-01-15;33 days;Proveedor 171;ES;EUR;Spanish;10 days;False
FFCC210185;2021-01-15;PROV1014;2020-12-15;2021-01-18;31 days;Proveedor 171;ES;EUR;Spanish;10 days;False
FFCC210186;2021-01-11;PROV1756;2020-11-23;2021-01-14;49 days;Proveedor 603;IN;USD;Extracommunity;45 days;False
FFCC210187;2021-01-21;PROV1895;2020-12-05;2021-01-24;47 days;Proveedor 8;ES;EUR;Spanish;10 days;False
FFCC210188;2021-01-22;PROV40000500;2021-01-15;2021-01-25;7 days;Proveedor 16;ES;EUR;Spanish;10 days;True
FFCC210189;2021-01-30;PROV40000520;2021-01-20;2021-02-02;10 days;Proveedor 17;ES;EUR;Spanish;10 days;True
FFCC210204;2021-01-15;PROV1465;2020-12-16;2021-01-18;30 days;Proveedor 368;ES;EUR;Spanish;10 days;False
FFCC210205;2021-01-02;PROV1875;2020-12-14;2021-01-05;19 days;Proveedor 711;CH;USD;Extracommunity;45 days;True
FFCC210213;2021-01-15;PROV1876;2020-12-09;2021-01-18;37 days;Proveedor 712;ES;EUR;Spanish;10 days;False
FFCC210214;2021-01-14;PROV1876;2020-12-10;2021-01-17;35 days;Proveedor 712;ES;EUR;Spanish;10 days;False
FFCC210215;2021-01-27;PROV1876;2020-12-12;2021-01-30;46 days;Proveedor 712;ES;EUR;Spanish;10 days;False
FFCC210216;2021-01-02;PROV1475;2020-12-08;2021-01-05;25 days;Proveedor 376;CH;USD;Extracommunity;45 days;True
FFCC210217;2021-01-02;PROV1475;2020-12-12;2021-01-05;21 days;Proveedor 376;CH;USD;Extracommunity;45 days;True
FFCC210224;2021-01-30;PROV40002720;2021-01-27;2021-02-02;3 days;Proveedor 38;ES;EUR;Spanish;10 days;True
FFCC210225;2021-01-02;PROV1397;2020-12-09;2021-01-05;24 days;Proveedor 321;PE;USD;Extracommunity;45 days;True
FFCC210226;2021-01-25;PROV40000187;2021-01-09;2021-01-28;16 days;Proveedor 13;ES;EUR;Spanish;10 days;False
FFCC210227;2021-01-29;PROV40002330;2020-12-12;2021-02-01;48 days;Proveedor 37;ES;EUR;Spanish;10 days;False
FFCC210228;2021-01-29;PROV1558;2020-12-09;2021-02-01;51 days;Proveedor 453;ES;EUR;Spanish;10 days;False
FFCC210230;2021-01-02;PROV1398;2020-11-30;2021-01-05;33 days;Proveedor 322;CH;USD;Extracommunity;45 days;True
FFCC210238;2021-01-02;PROV1398;2020-11-20;2021-01-05;43 days;Proveedor 322;CH;USD;Extracommunity;45 days;True
FFCC210241;2021-01-02;PROV1475;2020-12-01;2021-01-05;32 days;Proveedor 376;CH;USD;Extracommunity;45 days;True
FFCC210244;2021-01-25;PROV1014;2020-12-07;2021-01-28;49 days;Proveedor 171;ES;EUR;Spanish;10 days;False
FFCC210247;2021-01-02;PROV1585;2020-12-03;2021-01-05;30 days;Proveedor 479;CH;USD;Extracommunity;45 days;True
FFCC210265;2021-02-01;PROV1397;2020-12-24;2021-02-04;39 days;Proveedor 321;PE;USD;Extracommunity;45 days;True
FFCC210271;2021-01-29;PROV40000500;2020-12-20;2021-02-01;40 days;Proveedor 16;ES;EUR;Spanish;10 days;False
FFCC210277;2021-01-31;PROV1876;2020-12-18;2021-02-03;44 days;Proveedor 712;ES;EUR;Spanish;10 days;False
FFCC210278;2021-01-02;PROV1585;2020-12-21;2021-01-05;12 days;Proveedor 479;CH;USD;Extracommunity;45 days;True
FFCC210286;2021-01-31;PROV41000980;2020-12-13;2021-02-03;49 days;Proveedor 110;ES;EUR;Spanish;10 days;False
FFCC210288;2021-01-02;PROV2318;2020-12-06;2021-01-05;27 days;Proveedor 1141;CH;USD;Extracommunity;45 days;True
FFCC210291;2021-01-23;PROV40002220;2020-12-16;2021-01-26;38 days;Proveedor 36;ES;EUR;Spanish;10 days;False
FFCC210315;2021-01-02;PROV1585;2020-11-16;2021-01-05;47 days;Proveedor 479;CH;USD;Extracommunity;45 days;False
FFCC210316;2021-02-01;PROV1398;2021-01-10;2021-02-04;22 days;Proveedor 322;CH;USD;Extracommunity;45 days;True
FFCC210319;2021-02-01;PROV1398;2021-01-09;2021-02-04;23 days;Proveedor 322;CH;USD;Extracommunity;45 days;True
FFCC210325;2021-02-05;PROV40000520;2021-01-12;2021-02-08;24 days;Proveedor 17;ES;EUR;Spanish;10 days;False
FFCC210337;2021-02-01;PROV1485;2020-12-16;2021-02-04;47 days;Proveedor 386;IE;EUR;Intracommunity;20 days;False
FFCC210358;2021-01-22;PROV1014;2020-12-06;2021-01-25;47 days;Proveedor 171;ES;EUR;Spanish;10 days;False
FFCC210359;2021-01-30;PROV1900;2020-12-13;2021-02-02;48 days;Proveedor 732;ES;EUR;Spanish;10 days;False
FFCC210360;2021-01-22;PROV1976;2021-01-02;2021-01-25;20 days;Proveedor 804;IN;USD;Extracommunity;45 days;True
FFCC210363;2021-01-02;PROV2318;2020-12-09;2021-01-05;24 days;Proveedor 1141;CH;USD;Extracommunity;45 days;True
FFCC210367;2021-01-02;PROV1968;2020-11-19;2021-01-05;44 days;Proveedor 796;CH;USD;Extracommunity;45 days;True
FFCC210371;2021-02-15;PROV1129;2021-01-24;2021-02-18;22 days;Proveedor 207;ES;EUR;Spanish;10 days;False
FFCC210376;2021-02-08;PROV1938;2020-12-15;2021-02-11;55 days;Proveedor 768;ES;EUR;Spanish;10 days;False
FFCC210379;2021-01-02;PROV1875;2020-12-05;2021-01-05;28 days;Proveedor 711;CH;USD;Extracommunity;45 days;True
FFCC210383;2021-02-12;PROV1027;2020-12-21;2021-02-15;53 days;Proveedor 178;ES;EUR;Spanish;10 days;False
FFCC210388;2021-02-15;PROV40001470;2021-01-07;2021-02-18;39 days;Proveedor 26;ES;EUR;Spanish;10 days;False
FFCC210389;2021-02-08;PROV1650;2020-12-28;2021-02-11;42 days;Proveedor 539;ES;EUR;Spanish;10 days;False
FFCC210390;2021-02-08;PROV40002330;2021-01-16;2021-02-11;23 days;Proveedor 37;ES;EUR;Spanish;10 days;False
FFCC210396;2021-02-02;PROV40000235;2021-01-13;2021-02-05;20 days;Proveedor 15;ES;EUR;Spanish;10 days;False
FFCC210452;2021-02-01;PROV2164;2020-12-14;2021-02-04;49 days;Proveedor 988;CH;USD;Extracommunity;45 days;False
FFCC210455;2021-02-08;PROV1485;2021-01-12;2021-02-11;27 days;Proveedor 386;IE;EUR;Intracommunity;20 days;False
FFCC210457;2021-02-01;PROV1756;2021-01-03;2021-02-04;29 days;Proveedor 603;IN;USD;Extracommunity;45 days;True
FFCC210459;2021-02-01;PROV1816;2021-01-18;2021-02-04;14 days;Proveedor 661;CH;USD;Extracommunity;45 days;True
FFCC210464;2021-02-10;PROV1014;2020-12-31;2021-02-13;41 days;Proveedor 171;ES;EUR;Spanish;10 days;False
FFCC210471;2021-02-12;PROV1876;2020-12-15;2021-02-15;59 days;Proveedor 712;ES;EUR;Spanish;10 days;False
FFCC210472;2021-02-01;PROV1475;2020-12-10;2021-02-04;53 days;Proveedor 376;CH;USD;Extracommunity;45 days;False
FFCC210475;2021-02-15;PROV1014;2021-01-18;2021-02-18;28 days;Proveedor 171;ES;EUR;Spanish;10 days;False
FFCC210476;2021-02-15;PROV2128;2021-01-26;2021-02-18;20 days;Proveedor 954;ES;EUR;Spanish;10 days;False
FFCC210477;2021-02-12;PROV1650;2021-01-02;2021-02-15;41 days;Proveedor 539;ES;EUR;Spanish;10 days;False
FFCC210506;2021-02-01;PROV1014;2021-01-15;2021-02-04;17 days;Proveedor 171;ES;EUR;Spanish;10 days;False
FFCC210511;2021-02-23;PROV41001142;2021-02-10;2021-02-26;13 days;Proveedor 123;ES;EUR;Spanish;10 days;False
FFCC210512;2021-02-20;PROV40002330;2021-02-15;2021-02-23;5 days;Proveedor 37;ES;EUR;Spanish;10 days;True
FFCC210524;2021-02-16;PROV1976;2021-01-13;2021-02-19;34 days;Proveedor 804;IN;USD;Extracommunity;45 days;True
FFCC210525;2021-02-01;PROV1485;2021-01-14;2021-02-04;18 days;Proveedor 386;IE;EUR;Intracommunity;20 days;True
FFCC210528;2021-02-01;PROV1485;2021-01-09;2021-02-04;23 days;Proveedor 386;IE;EUR;Intracommunity;20 days;False
FFCC210531;2021-02-01;PROV1398;2021-01-08;2021-02-04;24 days;Proveedor 322;CH;USD;Extracommunity;45 days;True
FFCC210534;2021-02-03;PROV1968;2020-12-30;2021-02-06;35 days;Proveedor 796;CH;USD;Extracommunity;45 days;True
FFCC210539;2021-02-01;PROV2197;2020-12-16;2021-02-04;47 days;Proveedor 1021;CH;USD;Extracommunity;45 days;False
FFCC210542;2021-02-22;PROV1756;2020-12-29;2021-02-25;55 days;Proveedor 603;IN;USD;Extracommunity;45 days;False
FFCC210546;2021-02-28;PROV40002065;2021-01-09;2021-03-03;50 days;Proveedor 30;ES;EUR;Spanish;10 days;False
FFCC210559;2021-02-26;PROV40002720;2021-02-18;2021-03-01;8 days;Proveedor 38;ES;EUR;Spanish;10 days;True
FFCC210568;2021-02-25;PROV40002720;2021-02-01;2021-02-28;24 days;Proveedor 38;ES;EUR;Spanish;10 days;False
FFCC210588;2021-02-01;PROV40001000;2020-12-22;2021-02-04;41 days;Proveedor 24;FR;EUR;Intracommunity;20 days;False
FFCC210589;2021-02-01;PROV1485;2020-12-15;2021-02-04;48 days;Proveedor 386;IE;EUR;Intracommunity;20 days;False
FFCC210605;2021-02-01;PROV1900;2020-12-30;2021-02-04;33 days;Proveedor 732;ES;EUR;Spanish;10 days;False
FFCC210607;2021-02-25;PROV1441;2021-01-30;2021-02-28;26 days;Proveedor 349;ES;EUR;Spanish;10 days;False
FFCC210645;2021-02-01;PROV1475;2021-01-24;2021-02-04;8 days;Proveedor 376;CH;USD;Extracommunity;45 days;True
FFCC210654;2021-02-01;PROV1936;2021-01-12;2021-02-04;20 days;Proveedor 766;CH;USD;Extracommunity;45 days;True
FFCC210662;2021-02-22;PROV1014;2021-02-02;2021-02-25;20 days;Proveedor 171;ES;EUR;Spanish;10 days;False
FFCC210670;2021-02-01;PROV1964;2020-12-29;2021-02-04;34 days;Proveedor 792;CH;USD;Extracommunity;45 days;True
FFCC210673;2021-02-25;PROV40000187;2021-01-09;2021-02-28;47 days;Proveedor 13;ES;EUR;Spanish;10 days;False
FFCC210674;2021-02-26;PROV1465;2021-01-08;2021-03-01;49 days;Proveedor 368;ES;EUR;Spanish;10 days;False
FFCC210700;2021-02-01;PROV1875;2021-01-07;2021-02-04;25 days;Proveedor 711;CH;USD;Extracommunity;45 days;True
FFCC210706;2021-02-26;PROV1027;2021-01-17;2021-03-01;40 days;Proveedor 178;ES;EUR;Spanish;10 days;False
FFCC210713;2021-02-10;PROV40000520;2021-01-27;2021-02-13;14 days;Proveedor 17;ES;EUR;Spanish;10 days;False
FFCC210714;2021-02-12;PROV1397;2021-01-19;2021-02-15;24 days;Proveedor 321;PE;USD;Extracommunity;45 days;True
FFCC210715;2021-02-25;PROV40000520;2021-01-16;2021-02-28;40 days;Proveedor 17;ES;EUR;Spanish;10 days;False
FFCC210716;2021-02-19;PROV40000520;2021-01-10;2021-02-22;40 days;Proveedor 17;ES;EUR;Spanish;10 days;False
FFCC210718;2021-03-05;PROV40000520;2021-01-24;2021-03-08;40 days;Proveedor 17;ES;EUR;Spanish;10 days;False
FFCC210724;2021-03-05;PROV40000500;2021-02-02;2021-03-08;31 days;Proveedor 16;ES;EUR;Spanish;10 days;False
FFCC210725;2021-03-03;PROV1938;2021-02-14;2021-03-06;17 days;Proveedor 768;ES;EUR;Spanish;10 days;False
FFCC210733;2021-02-28;PROV2128;2021-02-26;2021-03-03;2 days;Proveedor 954;ES;EUR;Spanish;10 days;True
FFCC210750;2021-02-18;PROV40001000;2021-01-01;2021-02-21;48 days;Proveedor 24;FR;EUR;Intracommunity;20 days;False
FFCC210759;2021-03-02;PROV1650;2021-01-11;2021-03-05;50 days;Proveedor 539;ES;EUR;Spanish;10 days;False
FFCC210762;2021-03-01;PROV1485;2021-01-15;2021-03-04;45 days;Proveedor 386;IE;EUR;Intracommunity;20 days;False
FFCC210767;2021-02-26;PROV1397;2021-02-06;2021-03-01;20 days;Proveedor 321;PE;USD;Extracommunity;45 days;True
FFCC210768;2021-02-01;PROV1475;2021-01-10;2021-02-04;22 days;Proveedor 376;CH;USD;Extracommunity;45 days;True
FFCC210779;2021-03-08;PROV40002330;2021-03-01;2021-03-11;7 days;Proveedor 37;ES;EUR;Spanish;10 days;True
FFCC210785;2021-02-15;PROV40000520;2021-01-11;2021-02-18;35 days;Proveedor 17;ES;EUR;Spanish;10 days;False
FFCC210789;2021-03-01;PROV1585;2021-01-24;2021-03-04;36 days;Proveedor 479;CH;USD;Extracommunity;45 days;True
FFCC210796;2021-03-05;PROV1876;2021-02-20;2021-03-08;13 days;Proveedor 712;ES;EUR;Spanish;10 days;False
FFCC210804;2021-03-04;PROV1650;2021-02-01;2021-03-07;31 days;Proveedor 539;ES;EUR;Spanish;10 days;False
FFCC210834;2021-02-28;PROV40002065;2021-01-06;2021-03-03;53 days;Proveedor 30;ES;EUR;Spanish;10 days;False
FFCC210835;2021-03-10;PROV40000520;2021-02-04;2021-03-13;34 days;Proveedor 17;ES;EUR;Spanish;10 days;False
FFCC210841;2021-02-22;PROV1485;2021-02-12;2021-02-25;10 days;Proveedor 386;IE;EUR;Intracommunity;20 days;True
FFCC210846;2021-02-01;PROV40002220;2021-01-07;2021-02-04;25 days;Proveedor 36;ES;EUR;Spanish;10 days;False
FFCC210847;2021-03-15;PROV40002220;2021-02-24;2021-03-18;19 days;Proveedor 36;ES;EUR;Spanish;10 days;False
FFCC210851;2021-03-04;PROV40001000;2021-01-18;2021-03-07;45 days;Proveedor 24;FR;EUR;Intracommunity;20 days;False
FFCC210852;2021-02-11;PROV1003;2020-12-28;2021-02-14;45 days;Proveedor 165;CN;USD;Extracommunity;45 days;True
FFCC210856;2021-02-24;PROV40002220;2021-01-19;2021-02-27;36 days;Proveedor 36;ES;EUR;Spanish;10 days;False
FFCC210859;2021-03-10;PROV1027;2021-02-28;2021-03-13;10 days;Proveedor 178;ES;EUR;Spanish;10 days;True
FFCC210864;2021-02-18;PROV1133;2021-01-15;2021-02-21;34 days;Proveedor 208;DE;EUR;Intracommunity;20 days;False
FFCC210871;2021-03-01;PROV1398;2021-02-02;2021-03-04;27 days;Proveedor 322;CH;USD;Extracommunity;45 days;True
FFCC210876;2021-03-12;PROV40002330;2021-01-25;2021-03-15;46 days;Proveedor 37;ES;EUR;Spanish;10 days;False
FFCC210879;2021-03-15;PROV2128;2021-01-22;2021-03-18;52 days;Proveedor 954;ES;EUR;Spanish;10 days;False
FFCC210880;2021-03-10;PROV1756;2021-02-15;2021-03-13;23 days;Proveedor 603;IN;USD;Extracommunity;45 days;True
FFCC210883;2021-03-01;PROV1875;2021-01-12;2021-03-04;48 days;Proveedor 711;CH;USD;Extracommunity;45 days;False
FFCC210913;2021-03-01;PROV2318;2021-01-10;2021-03-04;50 days;Proveedor 1141;CH;USD;Extracommunity;45 days;False
FFCC210932;2021-03-16;PROV2128;2021-02-09;2021-03-19;35 days;Proveedor 954;ES;EUR;Spanish;10 days;False
FFCC210939;2021-03-15;PROV1129;2021-02-07;2021-03-18;36 days;Proveedor 207;ES;EUR;Spanish;10 days;False
FFCC210940;2021-03-09;PROV1014;2021-02-01;2021-03-12;36 days;Proveedor 171;ES;EUR;Spanish;10 days;False
FFCC210941;2021-03-09;PROV1014;2021-02-09;2021-03-12;28 days;Proveedor 171;ES;EUR;Spanish;10 days;False
FFCC210964;2021-03-23;PROV41001142;2021-02-22;2021-03-26;29 days;Proveedor 123;ES;EUR;Spanish;10 days;False
FFCC210966;2021-03-18;PROV1027;2021-02-15;2021-03-21;31 days;Proveedor 178;ES;EUR;Spanish;10 days;False
FFCC210969;2021-03-18;PROV40000235;2021-02-21;2021-03-21;25 days;Proveedor 15;ES;EUR;Spanish;10 days;False
FFCC210970;2021-03-18;PROV40000520;2021-02-08;2021-03-21;38 days;Proveedor 17;ES;EUR;Spanish;10 days;False
FFCC210973;2021-03-01;PROV1816;2021-01-24;2021-03-04;36 days;Proveedor 661;CH;USD;Extracommunity;45 days;True
FFCC210976;2021-03-01;PROV2164;2021-02-04;2021-03-04;25 days;Proveedor 988;CH;USD;Extracommunity;45 days;True
FFCC210980;2021-03-11;PROV1876;2021-02-15;2021-03-14;24 days;Proveedor 712;ES;EUR;Spanish;10 days;False
FFCC210997;2021-03-01;PROV1485;2021-02-07;2021-03-04;22 days;Proveedor 386;IE;EUR;Intracommunity;20 days;False
FFCC210999;2021-03-01;PROV1585;2021-01-20;2021-03-04;40 days;Proveedor 479;CH;USD;Extracommunity;45 days;True
FFCC211005;2021-03-13;PROV1485;2021-02-25;2021-03-16;16 days;Proveedor 386;IE;EUR;Intracommunity;20 days;True
FFCC211009;2021-03-25;PROV40000520;2021-03-03;2021-03-28;22 days;Proveedor 17;ES;EUR;Spanish;10 days;False
FFCC211011;2021-03-18;PROV1014;2021-03-08;2021-03-21;10 days;Proveedor 171;ES;EUR;Spanish;10 days;True
FFCC211012;2021-03-17;PROV1014;2021-01-29;2021-03-20;47 days;Proveedor 171;ES;EUR;Spanish;10 days;False
FFCC211013;2021-03-12;PROV1014;2021-01-25;2021-03-15;46 days;Proveedor 171;ES;EUR;Spanish;10 days;False
FFCC211014;2021-03-15;PROV1900;2021-01-29;2021-03-18;45 days;Proveedor 732;ES;EUR;Spanish;10 days;False
FFCC211016;2021-03-11;PROV40001825;2021-01-31;2021-03-14;39 days;Proveedor 29;ES;EUR;Spanish;10 days;False
FFCC211017;2021-03-03;PROV40001825;2021-01-09;2021-03-06;53 days;Proveedor 29;ES;EUR;Spanish;10 days;False
FFCC211026;2021-03-01;PROV1964;2021-02-23;2021-03-04;6 days;Proveedor 792;CH;USD;Extracommunity;45 days;True
FFCC211033;2021-03-01;PROV1585;2021-01-20;2021-03-04;40 days;Proveedor 479;CH;USD;Extracommunity;45 days;True
FFCC211036;2021-03-01;PROV1475;2021-02-12;2021-03-04;17 days;Proveedor 376;CH;USD;Extracommunity;45 days;True
FFCC211039;2021-03-25;PROV2128;2021-02-11;2021-03-28;42 days;Proveedor 954;ES;EUR;Spanish;10 days;False
FFCC211045;2021-03-03;PROV1428;2021-02-01;2021-03-06;30 days;Proveedor 341;CH;USD;Extracommunity;45 days;True
FFCC211050;2021-03-01;PROV1936;2021-02-13;2021-03-04;16 days;Proveedor 766;CH;USD;Extracommunity;45 days;True
FFCC211056;2021-03-31;PROV40002065;2021-02-11;2021-04-03;48 days;Proveedor 30;ES;EUR;Spanish;10 days;False
FFCC211057;2021-03-29;PROV1650;2021-03-14;2021-04-01;15 days;Proveedor 539;ES;EUR;Spanish;10 days;False
FFCC211059;2021-03-31;PROV1027;2021-02-25;2021-04-03;34 days;Proveedor 178;ES;EUR;Spanish;10 days;False
FFCC211060;2021-03-25;PROV40000187;2021-03-04;2021-03-28;21 days;Proveedor 13;ES;EUR;Spanish;10 days;False
FFCC211067;2021-03-30;PROV40000520;2021-03-05;2021-04-02;25 days;Proveedor 17;ES;EUR;Spanish;10 days;False
FFCC211083;2021-03-31;PROV2128;2021-02-28;2021-04-03;31 days;Proveedor 954;ES;EUR;Spanish;10 days;False
FFCC211102;2021-03-31;PROV1129;2021-02-21;2021-04-03;38 days;Proveedor 207;ES;EUR;Spanish;10 days;False
FFCC211105;2021-03-25;PROV40002720;2021-03-06;2021-03-28;19 days;Proveedor 38;ES;EUR;Spanish;10 days;False
FFCC211107;2021-03-31;PROV1441;2021-03-12;2021-04-03;19 days;Proveedor 349;ES;EUR;Spanish;10 days;False
FFCC211109;2021-03-26;PROV40000500;2021-02-10;2021-03-29;44 days;Proveedor 16;ES;EUR;Spanish;10 days;False
FFCC211110;2021-03-17;PROV1585;2021-02-12;2021-03-20;33 days;Proveedor 479;CH;USD;Extracommunity;45 days;True
FFCC211116;2021-03-16;PROV1003;2021-03-08;2021-03-19;8 days;Proveedor 165;CN;USD;Extracommunity;45 days;True
FFCC211117;2021-03-25;PROV1775;2021-03-08;2021-03-28;17 days;Proveedor 622;MX;USD;Extracommunity;45 days;True
FFCC211120;2021-03-01;PROV1191;2021-01-31;2021-03-04;29 days;Proveedor 227;ES;EUR;Spanish;10 days;False
FFCC211135;2021-03-22;PROV1397;2021-02-22;2021-03-25;28 days;Proveedor 321;PE;USD;Extracommunity;45 days;True
FFCC211158;2021-03-29;PROV1876;2021-02-20;2021-04-01;37 days;Proveedor 712;ES;EUR;Spanish;10 days;False
FFCC211159;2021-03-29;PROV1876;2021-02-05;2021-04-01;52 days;Proveedor 712;ES;EUR;Spanish;10 days;False
FFCC211202;2021-03-31;PROV41000980;2021-03-23;2021-04-03;8 days;Proveedor 110;ES;EUR;Spanish;10 days;True
FFCC211204;2021-04-01;PROV2197;2021-02-27;2021-04-04;33 days;Proveedor 1021;CH;USD;Extracommunity;45 days;True
FFCC211210;2021-03-15;PROV40001470;2021-03-06;2021-03-18;9 days;Proveedor 26;ES;EUR;Spanish;10 days;True
FFCC211217;2021-03-31;PROV40000187;2021-03-05;2021-04-03;26 days;Proveedor 13;ES;EUR;Spanish;10 days;False
FFCC211232;2021-04-01;PROV1816;2021-03-15;2021-04-04;17 days;Proveedor 661;CH;USD;Extracommunity;45 days;True
FFCC211238;2021-03-01;PROV1551;2021-01-12;2021-03-04;48 days;Proveedor 447;CH;USD;Extracommunity;45 days;False
FFCC211243;2021-04-01;PROV40001000;2021-02-11;2021-04-04;49 days;Proveedor 24;FR;EUR;Intracommunity;20 days;False
FFCC211247;2021-04-01;PROV1756;2021-02-25;2021-04-04;35 days;Proveedor 603;IN;USD;Extracommunity;45 days;True
FFCC211292;2021-04-08;PROV40002330;2021-02-17;2021-04-11;50 days;Proveedor 37;ES;EUR;Spanish;10 days;False
FFCC211297;2021-04-01;PROV1014;2021-03-04;2021-04-04;28 days;Proveedor 171;ES;EUR;Spanish;10 days;False
FFCC211318;2021-04-15;PROV1129;2021-03-06;2021-04-18;40 days;Proveedor 207;ES;EUR;Spanish;10 days;False
FFCC211321;2021-04-07;PROV1014;2021-03-30;2021-04-10;8 days;Proveedor 171;ES;EUR;Spanish;10 days;True
FFCC211324;2021-04-01;PROV1976;2021-03-20;2021-04-04;12 days;Proveedor 804;IN;USD;Extracommunity;45 days;True
FFCC211373;2021-04-09;PROV1014;2021-02-19;2021-04-12;49 days;Proveedor 171;ES;EUR;Spanish;10 days;False
FFCC211374;2021-04-12;PROV1485;2021-03-06;2021-04-15;37 days;Proveedor 386;IE;EUR;Intracommunity;20 days;False
FFCC211395;2021-04-08;PROV1585;2021-02-28;2021-04-11;39 days;Proveedor 479;CH;USD;Extracommunity;45 days;True
FFCC211400;2021-04-06;PROV1938;2021-03-19;2021-04-09;18 days;Proveedor 768;ES;EUR;Spanish;10 days;False
FFCC211401;2021-04-13;PROV1938;2021-03-10;2021-04-16;34 days;Proveedor 768;ES;EUR;Spanish;10 days;False
FFCC211409;2021-04-01;PROV1485;2021-02-26;2021-04-04;34 days;Proveedor 386;IE;EUR;Intracommunity;20 days;False
FFCC211424;2021-04-23;PROV40002720;2021-04-04;2021-04-26;19 days;Proveedor 38;ES;EUR;Spanish;10 days;False
FFCC211431;2021-04-01;PROV1475;2021-03-24;2021-04-04;8 days;Proveedor 376;CH;USD;Extracommunity;45 days;True
FFCC211433;2021-04-25;PROV2128;2021-03-23;2021-04-28;33 days;Proveedor 954;ES;EUR;Spanish;10 days;False
FFCC211435;2021-04-16;PROV40002330;2021-03-10;2021-04-19;37 days;Proveedor 37;ES;EUR;Spanish;10 days;False
FFCC211446;2021-04-15;PROV2128;2021-03-01;2021-04-18;45 days;Proveedor 954;ES;EUR;Spanish;10 days;False
FFCC211447;2021-04-20;PROV1936;2021-03-03;2021-04-23;48 days;Proveedor 766;CH;USD;Extracommunity;45 days;False
FFCC211449;2021-04-09;PROV40000520;2021-02-26;2021-04-12;42 days;Proveedor 17;ES;EUR;Spanish;10 days;False
FFCC211459;2021-04-20;PROV40000520;2021-04-02;2021-04-23;18 days;Proveedor 17;ES;EUR;Spanish;10 days;False
FFCC211460;2021-04-28;PROV40000520;2021-03-07;2021-05-01;52 days;Proveedor 17;ES;EUR;Spanish;10 days;False
FFCC211461;2021-04-28;PROV41001401;2021-03-16;2021-05-01;43 days;Proveedor 139;ES;EUR;Spanish;10 days;False
FFCC211462;2021-04-23;PROV1027;2021-03-27;2021-04-26;27 days;Proveedor 178;ES;EUR;Spanish;10 days;False
FFCC211471;2021-04-24;PROV1485;2021-03-28;2021-04-27;27 days;Proveedor 386;IE;EUR;Intracommunity;20 days;False
FFCC211472;2021-04-15;PROV1465;2021-03-29;2021-04-18;17 days;Proveedor 368;ES;EUR;Spanish;10 days;False
FFCC211474;2021-04-21;PROV1014;2021-02-24;2021-04-24;56 days;Proveedor 171;ES;EUR;Spanish;10 days;False
FFCC211478;2021-04-01;PROV1895;2021-02-08;2021-04-04;52 days;Proveedor 8;ES;EUR;Spanish;10 days;False
FFCC211479;2021-04-26;PROV1441;2021-04-13;2021-04-29;13 days;Proveedor 349;ES;EUR;Spanish;10 days;False
FFCC211480;2021-04-26;PROV40002330;2021-04-12;2021-04-29;14 days;Proveedor 37;ES;EUR;Spanish;10 days;False
FFCC211484;2021-04-26;PROV40002330;2021-03-20;2021-04-29;37 days;Proveedor 37;ES;EUR;Spanish;10 days;False
FFCC211510;2021-04-30;PROV1528;2021-04-22;2021-05-03;8 days;Proveedor 425;ES;EUR;Spanish;10 days;True
FFCC211511;2021-04-27;PROV1027;2021-04-02;2021-04-30;25 days;Proveedor 178;ES;EUR;Spanish;10 days;False
FFCC211514;2021-04-30;PROV40002720;2021-03-18;2021-05-03;43 days;Proveedor 38;ES;EUR;Spanish;10 days;False
FFCC211532;2021-04-13;PROV1976;2021-03-31;2021-04-16;13 days;Proveedor 804;IN;USD;Extracommunity;45 days;True
FFCC211536;2021-04-25;PROV40000187;2021-04-01;2021-04-28;24 days;Proveedor 13;ES;EUR;Spanish;10 days;False
FFCC211537;2021-04-10;PROV40000187;2021-03-23;2021-04-13;18 days;Proveedor 13;ES;EUR;Spanish;10 days;False
FFCC211540;2021-04-20;PROV1756;2021-04-04;2021-04-23;16 days;Proveedor 603;IN;USD;Extracommunity;45 days;True
FFCC211541;2021-04-15;PROV40001825;2021-03-07;2021-04-18;39 days;Proveedor 29;ES;EUR;Spanish;10 days;False
FFCC211542;2021-04-30;PROV40002330;2021-03-05;2021-05-03;56 days;Proveedor 37;ES;EUR;Spanish;10 days;False
FFCC211548;2021-04-30;PROV1129;2021-04-08;2021-05-03;22 days;Proveedor 207;ES;EUR;Spanish;10 days;False
FFCC211550;2021-05-01;PROV1485;2021-04-04;2021-05-04;27 days;Proveedor 386;IE;EUR;Intracommunity;20 days;False
FFCC211563;2021-04-30;PROV40001470;2021-04-26;2021-05-03;4 days;Proveedor 26;ES;EUR;Spanish;10 days;True
FFCC211583;2021-04-27;PROV1014;2021-03-09;2021-04-30;49 days;Proveedor 171;ES;EUR;Spanish;10 days;False
FFCC211584;2021-05-01;PROV40002330;2021-03-20;2021-05-04;42 days;Proveedor 37;ES;EUR;Spanish;10 days;False
FFCC211587;2021-04-30;PROV1900;2021-03-26;2021-05-03;35 days;Proveedor 732;ES;EUR;Spanish;10 days;False
FFCC211627;2021-04-21;PROV40002220;2021-03-31;2021-04-24;21 days;Proveedor 36;ES;EUR;Spanish;10 days;False
FFCC211628;2021-04-30;PROV40002065;2021-04-27;2021-05-03;3 days;Proveedor 30;ES;EUR;Spanish;10 days;True
FFCC211629;2021-04-01;PROV1397;2021-03-06;2021-04-04;26 days;Proveedor 321;PE;USD;Extracommunity;45 days;True
FFCC211631;2021-04-13;PROV1964;2021-02-22;2021-04-16;50 days;Proveedor 792;CH;USD;Extracommunity;45 days;False
FFCC211634;2021-04-28;PROV40000500;2021-03-07;2021-05-01;52 days;Proveedor 16;ES;EUR;Spanish;10 days;False
FFCC211639;2021-05-03;PROV1441;2021-04-04;2021-05-06;29 days;Proveedor 349;ES;EUR;Spanish;10 days;False
FFCC211640;2021-05-04;PROV1133;2021-03-22;2021-05-07;43 days;Proveedor 208;DE;EUR;Intracommunity;20 days;False
FFCC211648;2021-04-01;PROV1585;2021-03-13;2021-04-04;19 days;Proveedor 479;CH;USD;Extracommunity;45 days;True
FFCC211673;2021-04-15;PROV2197;2021-03-17;2021-04-18;29 days;Proveedor 1021;CH;USD;Extracommunity;45 days;True
FFCC211677;2021-04-16;PROV1397;2021-03-07;2021-04-19;40 days;Proveedor 321;PE;USD;Extracommunity;45 days;True
FFCC211678;2021-04-23;PROV1397;2021-03-20;2021-04-26;34 days;Proveedor 321;PE;USD;Extracommunity;45 days;True
FFCC211681;2021-04-30;PROV1649;2021-03-06;2021-05-03;55 days;Proveedor 538;ES;EUR;Spanish;10 days;False
FFCC211682;2021-04-30;PROV1649;2021-03-28;2021-05-03;33 days;Proveedor 538;ES;EUR;Spanish;10 days;False
FFCC211683;2021-05-13;PROV2128;2021-03-21;2021-05-16;53 days;Proveedor 954;ES;EUR;Spanish;10 days;False
FFCC211684;2021-04-30;PROV1649;2021-04-01;2021-05-03;29 days;Proveedor 538;ES;EUR;Spanish;10 days;False
FFCC211685;2021-04-30;PROV1649;2021-03-31;2021-05-03;30 days;Proveedor 538;ES;EUR;Spanish;10 days;False
FFCC211688;2021-04-08;PROV1027;2021-03-11;2021-04-11;28 days;Proveedor 178;ES;EUR;Spanish;10 days;False
FFCC211689;2021-04-21;PROV41001142;2021-03-30;2021-04-24;22 days;Proveedor 123;ES;EUR;Spanish;10 days;False
FFCC211699;2021-05-04;PROV1509;2021-03-25;2021-05-07;40 days;Proveedor 408;CN;USD;Extracommunity;45 days;True
FFCC211706;2021-04-07;PROV1003;2021-04-01;2021-04-10;6 days;Proveedor 165;CN;USD;Extracommunity;45 days;True
FFCC211710;2021-05-06;PROV1650;2021-03-26;2021-05-09;41 days;Proveedor 539;ES;EUR;Spanish;10 days;False
FFCC211711;2021-05-04;PROV1133;2021-04-12;2021-05-07;22 days;Proveedor 208;DE;EUR;Intracommunity;20 days;False
FFCC211713;2021-05-07;PROV1650;2021-04-11;2021-05-10;26 days;Proveedor 539;ES;EUR;Spanish;10 days;False
FFCC211714;2021-05-07;PROV1133;2021-04-16;2021-05-10;21 days;Proveedor 208;DE;EUR;Intracommunity;20 days;False
FFCC211720;2021-05-10;PROV40000520;2021-03-27;2021-05-13;44 days;Proveedor 17;ES;EUR;Spanish;10 days;False
FFCC211723;2021-04-30;PROV40000010;2021-03-27;2021-05-03;34 days;Proveedor 12;ES;EUR;Spanish;10 days;False
FFCC211724;2021-04-30;PROV41000980;2021-04-12;2021-05-03;18 days;Proveedor 110;ES;EUR;Spanish;10 days;False
FFCC211726;2021-04-26;PROV40001825;2021-04-07;2021-04-29;19 days;Proveedor 29;ES;EUR;Spanish;10 days;False
FFCC211727;2021-04-30;PROV40001825;2021-03-30;2021-05-03;31 days;Proveedor 29;ES;EUR;Spanish;10 days;False
FFCC211731;2021-05-10;PROV1876;2021-04-17;2021-05-13;23 days;Proveedor 712;ES;EUR;Spanish;10 days;False
FFCC211734;2021-05-01;PROV1485;2021-04-08;2021-05-04;23 days;Proveedor 386;IE;EUR;Intracommunity;20 days;False
FFCC211770;2021-05-15;PROV1465;2021-03-30;2021-05-18;46 days;Proveedor 368;ES;EUR;Spanish;10 days;False
FFCC211771;2021-05-01;PROV1428;2021-03-05;2021-05-04;57 days;Proveedor 341;CH;USD;Extracommunity;45 days;False
FFCC211777;2021-05-13;PROV2381;2021-05-10;2021-05-16;3 days;Proveedor 1203;ES;EUR;Spanish;10 days;True
FFCC211783;2021-05-14;PROV40000235;2021-04-21;2021-05-17;23 days;Proveedor 15;ES;EUR;Spanish;10 days;False
FFCC211785;2021-05-11;PROV1133;2021-04-08;2021-05-14;33 days;Proveedor 208;DE;EUR;Intracommunity;20 days;False
FFCC211786;2021-05-21;PROV1133;2021-03-29;2021-05-24;53 days;Proveedor 208;DE;EUR;Intracommunity;20 days;False
FFCC211788;2021-05-01;PROV1475;2021-03-15;2021-05-04;47 days;Proveedor 376;CH;USD;Extracommunity;45 days;False
FFCC211805;2021-05-07;PROV40000235;2021-03-13;2021-05-10;55 days;Proveedor 15;ES;EUR;Spanish;10 days;False
FFCC211809;2021-05-14;PROV1027;2021-04-02;2021-05-17;42 days;Proveedor 178;ES;EUR;Spanish;10 days;False
FFCC211810;2021-05-06;PROV40000520;2021-04-15;2021-05-09;21 days;Proveedor 17;ES;EUR;Spanish;10 days;False
FFCC211811;2021-05-20;PROV40000520;2021-05-09;2021-05-23;11 days;Proveedor 17;ES;EUR;Spanish;10 days;False
FFCC211815;2021-05-12;PROV1585;2021-04-30;2021-05-15;12 days;Proveedor 479;CH;USD;Extracommunity;45 days;True
FFCC211820;2021-05-01;PROV1585;2021-03-21;2021-05-04;41 days;Proveedor 479;CH;USD;Extracommunity;45 days;True
FFCC211829;2021-05-01;PROV1968;2021-03-30;2021-05-04;32 days;Proveedor 796;CH;USD;Extracommunity;45 days;True
FFCC211842;2021-05-01;PROV1397;2021-04-15;2021-05-04;16 days;Proveedor 321;PE;USD;Extracommunity;45 days;True
FFCC211845;2021-05-18;PROV1133;2021-04-07;2021-05-21;41 days;Proveedor 208;DE;EUR;Intracommunity;20 days;False
FFCC211846;2021-05-01;PROV1756;2021-04-10;2021-05-04;21 days;Proveedor 603;IN;USD;Extracommunity;45 days;True
FFCC211850;2021-05-21;PROV40000500;2021-05-04;2021-05-24;17 days;Proveedor 16;ES;EUR;Spanish;10 days;False
FFCC211851;2021-05-17;PROV1133;2021-05-02;2021-05-20;15 days;Proveedor 208;DE;EUR;Intracommunity;20 days;True
FFCC211862;2021-05-20;PROV1027;2021-04-02;2021-05-23;48 days;Proveedor 178;ES;EUR;Spanish;10 days;False
FFCC211863;2021-05-25;PROV40000520;2021-04-30;2021-05-28;25 days;Proveedor 17;ES;EUR;Spanish;10 days;False
FFCC211882;2021-05-14;PROV1938;2021-04-12;2021-05-17;32 days;Proveedor 768;ES;EUR;Spanish;10 days;False
FFCC211887;2021-05-25;PROV1133;2021-04-01;2021-05-28;54 days;Proveedor 208;DE;EUR;Intracommunity;20 days;False
FFCC211889;2021-05-01;PROV2318;2021-03-27;2021-05-04;35 days;Proveedor 1141;CH;USD;Extracommunity;45 days;True
FFCC211893;2021-05-14;PROV40002330;2021-05-04;2021-05-17;10 days;Proveedor 37;ES;EUR;Spanish;10 days;True
FFCC211896;2021-05-17;PROV1014;2021-05-15;2021-05-20;2 days;Proveedor 171;ES;EUR;Spanish;10 days;True
FFCC211897;2021-05-17;PROV1014;2021-04-01;2021-05-20;46 days;Proveedor 171;ES;EUR;Spanish;10 days;False
FFCC211898;2021-05-15;PROV1014;2021-04-07;2021-05-18;38 days;Proveedor 171;ES;EUR;Spanish;10 days;False
FFCC211899;2021-05-01;PROV1485;2021-04-03;2021-05-04;28 days;Proveedor 386;IE;EUR;Intracommunity;20 days;False
FFCC211904;2021-05-26;PROV1895;2021-04-19;2021-05-29;37 days;Proveedor 8;ES;EUR;Spanish;10 days;False
FFCC211905;2021-05-25;PROV40002720;2021-04-21;2021-05-28;34 days;Proveedor 38;ES;EUR;Spanish;10 days;False
FFCC211909;2021-05-01;PROV1585;2021-03-14;2021-05-04;48 days;Proveedor 479;CH;USD;Extracommunity;45 days;False
FFCC211911;2021-05-05;PROV1585;2021-04-05;2021-05-08;30 days;Proveedor 479;CH;USD;Extracommunity;45 days;True
FFCC211946;2021-05-18;PROV1976;2021-03-27;2021-05-21;52 days;Proveedor 804;IN;USD;Extracommunity;45 days;False
FFCC211947;2021-05-21;PROV41001142;2021-05-01;2021-05-24;20 days;Proveedor 123;ES;EUR;Spanish;10 days;False
FFCC211959;2021-05-21;PROV1008;2021-04-28;2021-05-24;23 days;Proveedor 168;ES;EUR;Spanish;10 days;False
FFCC211964;2021-05-26;PROV1811;2021-05-12;2021-05-29;14 days;Proveedor 656;ES;EUR;Spanish;10 days;False
FFCC211968;2021-05-31;PROV40001470;2021-04-24;2021-06-03;37 days;Proveedor 26;ES;EUR;Spanish;10 days;False
FFCC211971;2021-05-19;PROV1756;2021-05-07;2021-05-22;12 days;Proveedor 603;IN;USD;Extracommunity;45 days;True
FFCC211972;2021-05-13;PROV1756;2021-03-29;2021-05-16;45 days;Proveedor 603;IN;USD;Extracommunity;45 days;True
FFCC211973;2021-05-01;PROV2164;2021-04-05;2021-05-04;26 days;Proveedor 988;CH;USD;Extracommunity;45 days;True
FFCC211974;2021-05-01;PROV2164;2021-04-04;2021-05-04;27 days;Proveedor 988;CH;USD;Extracommunity;45 days;True
FFCC211977;2021-05-10;PROV2197;2021-03-22;2021-05-13;49 days;Proveedor 1021;CH;USD;Extracommunity;45 days;False
FFCC211980;2021-05-01;PROV1875;2021-04-07;2021-05-04;24 days;Proveedor 711;CH;USD;Extracommunity;45 days;True
FFCC211981;2021-05-27;PROV40002330;2021-04-23;2021-05-30;34 days;Proveedor 37;ES;EUR;Spanish;10 days;False
FFCC211990;2021-05-30;PROV40002720;2021-05-22;2021-06-02;8 days;Proveedor 38;ES;EUR;Spanish;10 days;True
FFCC211991;2021-05-21;PROV40002330;2021-04-11;2021-05-24;40 days;Proveedor 37;ES;EUR;Spanish;10 days;False
FFCC211997;2021-05-25;PROV2128;2021-04-11;2021-05-28;44 days;Proveedor 954;ES;EUR;Spanish;10 days;False
FFCC212005;2021-05-31;PROV1323;2021-04-10;2021-06-03;51 days;Proveedor 281;ES;EUR;Spanish;10 days;False
FFCC212009;2021-05-15;PROV40000187;2021-04-24;2021-05-18;21 days;Proveedor 13;ES;EUR;Spanish;10 days;False
FFCC212010;2021-05-25;PROV40000187;2021-05-08;2021-05-28;17 days;Proveedor 13;ES;EUR;Spanish;10 days;False
FFCC212016;2021-05-31;PROV1917;2021-05-14;2021-06-03;17 days;Proveedor 748;ES;EUR;Spanish;10 days;False
FFCC212017;2021-05-20;PROV1014;2021-04-17;2021-05-23;33 days;Proveedor 171;ES;EUR;Spanish;10 days;False
FFCC212018;2021-05-31;PROV1649;2021-04-23;2021-06-03;38 days;Proveedor 538;ES;EUR;Spanish;10 days;False
FFCC212019;2021-05-31;PROV1649;2021-04-23;2021-06-03;38 days;Proveedor 538;ES;EUR;Spanish;10 days;False
FFCC212020;2021-05-31;PROV1649;2021-04-13;2021-06-03;48 days;Proveedor 538;ES;EUR;Spanish;10 days;False
FFCC212021;2021-05-31;PROV1649;2021-05-21;2021-06-03;10 days;Proveedor 538;ES;EUR;Spanish;10 days;True
FFCC212022;2021-05-31;PROV1649;2021-05-14;2021-06-03;17 days;Proveedor 538;ES;EUR;Spanish;10 days;False
FFCC212023;2021-05-31;PROV1649;2021-04-09;2021-06-03;52 days;Proveedor 538;ES;EUR;Spanish;10 days;False
FFCC212024;2021-05-31;PROV1649;2021-05-06;2021-06-03;25 days;Proveedor 538;ES;EUR;Spanish;10 days;False
FFCC212025;2021-05-31;PROV1649;2021-04-27;2021-06-03;34 days;Proveedor 538;ES;EUR;Spanish;10 days;False
FFCC212026;2021-05-20;PROV2319;2021-04-21;2021-05-23;29 days;Proveedor 1142;ES;EUR;Spanish;10 days;False
FFCC212027;2021-05-28;PROV2319;2021-05-12;2021-05-31;16 days;Proveedor 1142;ES;EUR;Spanish;10 days;False
FFCC212028;2021-05-28;PROV40002330;2021-05-01;2021-05-31;27 days;Proveedor 37;ES;EUR;Spanish;10 days;False
FFCC212033;2021-05-31;PROV1441;2021-04-14;2021-06-03;47 days;Proveedor 349;ES;EUR;Spanish;10 days;False
FFCC212034;2021-05-31;PROV1900;2021-04-26;2021-06-03;35 days;Proveedor 732;ES;EUR;Spanish;10 days;False
FFCC212035;2021-05-31;PROV40000520;2021-05-08;2021-06-03;23 days;Proveedor 17;ES;EUR;Spanish;10 days;False
FFCC212040;2021-06-01;PROV1938;2021-05-15;2021-06-04;17 days;Proveedor 768;ES;EUR;Spanish;10 days;False
FFCC212043;2021-05-01;PROV1585;2021-04-12;2021-05-04;19 days;Proveedor 479;CH;USD;Extracommunity;45 days;True
FFCC212073;2021-05-01;PROV1733;2021-03-26;2021-05-04;36 days;Proveedor 592;CH;USD;Extracommunity;45 days;True
FFCC212076;2021-05-31;PROV1441;2021-05-23;2021-06-03;8 days;Proveedor 349;ES;EUR;Spanish;10 days;True
FFCC212097;2021-05-18;PROV40001000;2021-04-30;2021-05-21;18 days;Proveedor 24;FR;EUR;Intracommunity;20 days;True
FFCC212098;2021-05-18;PROV40001000;2021-04-16;2021-05-21;32 days;Proveedor 24;FR;EUR;Intracommunity;20 days;False
FFCC212109;2021-06-03;PROV1650;2021-05-20;2021-06-06;14 days;Proveedor 539;ES;EUR;Spanish;10 days;False
FFCC212110;2021-06-04;PROV1650;2021-05-16;2021-06-07;19 days;Proveedor 539;ES;EUR;Spanish;10 days;False
FFCC212120;2021-06-01;PROV1485;2021-04-18;2021-06-04;44 days;Proveedor 386;IE;EUR;Intracommunity;20 days;False
FFCC212126;2021-05-31;PROV1649;2021-04-26;2021-06-03;35 days;Proveedor 538;ES;EUR;Spanish;10 days;False
FFCC212127;2021-06-07;PROV2381;2021-05-31;2021-06-10;7 days;Proveedor 1203;ES;EUR;Spanish;10 days;True
FFCC212137;2021-05-31;PROV1129;2021-04-04;2021-06-03;57 days;Proveedor 207;ES;EUR;Spanish;10 days;False
FFCC212138;2021-05-01;PROV1875;2021-03-27;2021-05-04;35 days;Proveedor 711;CH;USD;Extracommunity;45 days;True
FFCC212141;2021-05-31;PROV40002065;2021-04-19;2021-06-03;42 days;Proveedor 30;ES;EUR;Spanish;10 days;False
