Product;ShortDescription
DE0001;Texto Search Descripción 8
DE0002;Texto Search Descripción 8
DE0003;Texto Search Descripción 8
DE0004;Texto Search Descripción 8
DE0005;Texto Search Descripción 8
DE0006;Texto Search Descripción 8
DE0007;Texto Search Descripción 8
DE0008;Texto Search Descripción 8
DE0009;Texto Search Descripción 8
DE0010;Texto Search Descripción 8
DE0011;Texto Search Descripción 8
DE0012;Texto Search Descripción 8
DE0013;Texto Search Descripción 8
DE0014;Texto Search Descripción 8
DE0015;Texto Search Descripción 8
DE0016;Texto Search Descripción 8
DE0017;Texto Search Descripción 8
DE0018;Texto Search Descripción 8
DE0020;Texto Search Descripción 8
DE0021;Texto Search Descripción 8
DE0022;Texto Search Descripción 8
DE0023;Texto Search Descripción 8
DE0024;Texto Search Descripción 8
DE0025;Texto Search Descripción 8
DE0026;Texto Search Descripción 8
DE0027;Texto Search Descripción 8
DE0028;Texto Search Descripción 8
DE0029;Texto Search Descripción 8
DE0030;Texto Search Descripción 8
DE0031;Texto Search Descripción 8
DE0032;Texto Search Descripción 8
DE0033;Texto Search Descripción 8
DE0034;Texto Search Descripción 8
DE0035;Texto Search Descripción 8
DE0036;Texto Search Descripción 8
DE0037;Texto Search Descripción 8
DE0038;Texto Search Descripción 8
DE0039;Texto Search Descripción 8
DE0040;Texto Search Descripción 8
DE0041;Texto Search Descripción 8
DE0042;Texto Search Descripción 8
DE0043;Texto Search Descripción 8
DE0044;Texto Search Descripción 8
DE0045;Texto Search Descripción 8
DE0046;Texto Search Descripción 8
DE0047;Texto Search Descripción 8
DE0048;Texto Search Descripción 8
DE0049;Texto Search Descripción 8
DE0050;Texto Search Descripción 8
DE0051;Texto Search Descripción 8
DE0052;Texto Search Descripción 8
DE0053;Texto Search Descripción 8
DE0054;Texto Search Descripción 8
DE0055;Texto Search Descripción 8
DE0056;Texto Search Descripción 8
DE0057;Texto Search Descripción 8
DE0058;Texto Search Descripción 8
DE0059;Texto Search Descripción 8
DE0060;Texto Search Descripción 8
DE0061;Texto Search Descripción 8
DE0062;Texto Search Descripción 8
DE0063;Texto Search Descripción 8
DE0064;Texto Search Descripción 8
DE0065;Texto Search Descripción 8
DE0066;Texto Search Descripción 8
DE0067;Texto Search Descripción 8
DE0068;Texto Search Descripción 8
DE0069;Texto Search Descripción 8
DE0070;Texto Search Descripción 8
DE0071;Texto Search Descripción 8
DE0072;Texto Search Descripción 8
DE0073;Texto Search Descripción 8
DE0074;Texto Search Descripción 8
DE0075;Texto Search Descripción 8
DE0076;Texto Search Descripción 8
DE0077;Texto Search Descripción 8
DE0078;Texto Search Descripción 8
DE0079;Texto Search Descripción 8
DE0080;Texto Search Descripción 8
DE0081;Texto Search Descripción 8
DE0082;Texto Search Descripción 8
DE0083;Texto Search Descripción 8
DE0084;Texto Search Descripción 8
DE0086;Texto Search Descripción 8
DE0087;Texto Search Descripción 8
DE0088;Texto Search Descripción 8
DE0089;Texto Search Descripción 8
DE0090;Texto Search Descripción 8
DE0091;Texto Search Descripción 8
DE0092;Texto Search Descripción 8
DE0093;Texto Search Descripción 8
DE0094;Texto Search Descripción 8
DE0095;Texto Search Descripción 8
DE0096;Texto Search Descripción 8
DE0097;Texto Search Descripción 8
DE0098;Texto Search Descripción 8
DE0099;Texto Search Descripción 8
DE0100;Texto Search Descripción 8
DE0101;Texto Search Descripción 8
DE0102;Texto Search Descripción 8
DE0103;Texto Search Descripción 8
DE0104;Texto Search Descripción 8
DE0105;Texto Search Descripción 8
DE0106;Texto Search Descripción 8
DE0107;Texto Search Descripción 8
DE0108;Texto Search Descripción 8
DE0109;Texto Search Descripción 8
DE0110;Texto Search Descripción 8
DE0111;Texto Search Descripción 8
DE0112;Texto Search Descripción 8
DE0113;Texto Search Descripción 8
DE0114;Texto Search Descripción 8
DE0115;Texto Search Descripción 8
DE0116;Texto Search Descripción 8
DE0117;Texto Search Descripción 8
DE0118;Texto Search Descripción 8
DE0119;Texto Search Descripción 8
DE0120;Texto Search Descripción 8
DE0121;Texto Search Descripción 8
DE0122;Texto Search Descripción 8
DE0123;Texto Search Descripción 8
DE0124;Texto Search Descripción 8
DE0125;Texto Search Descripción 8
DE0126;Texto Search Descripción 8
DE0127;Texto Search Descripción 8
DE0128;Texto Search Descripción 8
DE0129;Texto Search Descripción 8
DE0130;Texto Search Descripción 8
DE0131;Texto Search Descripción 8
DE0132;Texto Search Descripción 8
DE0133;Texto Search Descripción 8
DE0134;Texto Search Descripción 8
DE0135;Texto Search Descripción 8
DE0136;Texto Search Descripción 8
DE0137;Texto Search Descripción 8
DE0138;Texto Search Descripción 8
DE0139;Texto Search Descripción 8
DE0140;Texto Search Descripción 8
DE0141;Texto Search Descripción 8
DE0142;Texto Search Descripción 8
DE0143;Texto Search Descripción 8
DE0144;Texto Search Descripción 8
DE0145;Texto Search Descripción 8
DE0146;Texto Search Descripción 8
DE0147;Texto Search Descripción 8
DE0148;Texto Search Descripción 8
DE0149;Texto Search Descripción 8
DE0150;Texto Search Descripción 8
DE0151;Texto Search Descripción 8
DE0152;Texto Search Descripción 8
DE0153;Texto Search Descripción 8
DE0154;Texto Search Descripción 8
DE0155;Texto Search Descripción 8
DE0156;Texto Search Descripción 8
DE0157;Texto Search Descripción 8
DE0159;Texto Search Descripción 8
DE0160;Texto Search Descripción 8
DE0161;Texto Search Descripción 8
DE0162;Texto Search Descripción 8
DE0163;Texto Search Descripción 8
DE0164;Texto Search Descripción 8
DE0165;Texto Search Descripción 8
DE0166;Texto Search Descripción 8
DE0167;Texto Search Descripción 8
DE0168;Texto Search Descripción 8
DE0169;Texto Search Descripción 8
DE0170;Texto Search Descripción 8
DE0171;Texto Search Descripción 8
DE0172;Texto Search Descripción 8
DE0173;Texto Search Descripción 8
DE0174;Texto Search Descripción 8
DE0175;Texto Search Descripción 8
DE0176;Texto Search Descripción 8
DE0177;Texto Search Descripción 8
DE0178;Texto Search Descripción 8
DE0179;Texto Search Descripción 8
DE0180;Texto Search Descripción 8
DE0181;Texto Search Descripción 8
DE0182;Texto Search Descripción 8
DE0183;Texto Search Descripción 8
DE0184;Texto Search Descripción 8
DE0185;Texto Search Descripción 8
DE0186;Texto Search Descripción 8
DE0187;Texto Search Descripción 8
DE0188;Texto Search Descripción 8
DE0189;Texto Search Descripción 8
DE0190;Texto Search Descripción 8
DE0191;Texto Search Descripción 8
DE0192;Texto Search Descripción 8
DE0193;Texto Search Descripción 8
DE0195;Texto Search Descripción 8
DE0196;Texto Search Descripción 8
DE0197;Texto Search Descripción 8
DE0198;Texto Search Descripción 8
DE0199;Texto Search Descripción 8
DE0200;Texto Search Descripción 8
DE0201;Texto Search Descripción 8
DE0202;Texto Search Descripción 8
DE0203;Texto Search Descripción 8
DE0204;Texto Search Descripción 8
DE0205;Texto Search Descripción 8
DE0206;Texto Search Descripción 8
DE0207;Texto Search Descripción 8
DE0208;Texto Search Descripción 8
DE0209;Texto Search Descripción 8
DE0210;Texto Search Descripción 8
DE0211;Texto Search Descripción 8
DE0212;Texto Search Descripción 8
DE0213;Texto Search Descripción 8
DE0214;Texto Search Descripción 8
DE0215;Texto Search Descripción 8
DE0216;Texto Search Descripción 8
DE0217;Texto Search Descripción 8
DE0219;Texto Search Descripción 8
DE0222;Texto Search Descripción 8
DE0224;Texto Search Descripción 8
DE0225;Texto Search Descripción 8
DE0226;Texto Search Descripción 8
DE0227;Texto Search Descripción 8
DE0233;Texto Search Descripción 8
DE0234;Texto Search Descripción 8
DE0235;Texto Search Descripción 8
DE0236;Texto Search Descripción 8
DE0238;Texto Search Descripción 8
DE0239;Texto Search Descripción 8
DE0241;Texto Search Descripción 8
DE0242;Texto Search Descripción 8
DE0243;Texto Search Descripción 8
DE0247;Texto Search Descripción 8
DE0248;Texto Search Descripción 8
DE0249;Texto Search Descripción 8
DE0250;Texto Search Descripción 8
DE0253;Texto Search Descripción 8
DE0254;Texto Search Descripción 8
DE0255;Texto Search Descripción 8
DE0256;Texto Search Descripción 8
DE0258;Texto Search Descripción 8
DE0262;Texto Search Descripción 8
DE0277;Texto Search Descripción 8
DE0287;Texto Search Descripción 8
DE0297;Texto Search Descripción 8
DE0314;Texto Search Descripción 8
DE0315;Texto Search Descripción 8
DE0316;Texto Search Descripción 8
DE0318;Texto Search Descripción 8
DE0319;Texto Search Descripción 8
DE0322;Texto Search Descripción 8
DE0326;Texto Search Descripción 8
DE0328;Texto Search Descripción 8
DE0329;Texto Search Descripción 8
DE0335;Texto Search Descripción 8
DE0389;Texto Search Descripción 8
DE0390;Texto Search Descripción 8
DE0414;Texto Search Descripción 8
DE0416;Texto Search Descripción 8
DE0447;Texto Search Descripción 8
DE0464;Texto Search Descripción 8
DE0465;Texto Search Descripción 8
DE0631;Texto Search Descripción 8
DE0634;Texto Search Descripción 8
DE0635;Texto Search Descripción 8
DEP02400;Texto Search Descripción 21
DEP02401;Texto Search Descripción 33
DEP02403;Texto Search Descripción 33
DEP02404;Texto Search Descripción 33
DEP02407;Texto Search Descripción 21
DEP024108;Texto Search Descripción 33
DEP024109;Texto Search Descripción 33
DEP024116;Texto Search Descripción 33
DEP024125;Texto Search Descripción 33
DEP024137;Texto Search Descripción 33
DEP02414;Texto Search Descripción 21
DEP024141;Texto Search Descripción 33
DEP024143;Texto Search Descripción 33
DEP024149;Texto Search Descripción 33
DEP024151;Texto Search Descripción 33
DEP024156;Texto Search Descripción 33
DEP02416;Texto Search Descripción 33
DEP024180;Texto Search Descripción 33
DEP024182;Texto Search Descripción 33
DEP024184;Texto Search Descripción 33
DEP024190;Texto Search Descripción 33
DEP024191;Texto Search Descripción 33
DEP024195;Texto Search Descripción 33
DEP02420;Texto Search Descripción 33
DEP024201;Texto Search Descripción 33
DEP024203;Texto Search Descripción 33
DEP024205;Texto Search Descripción 33
DEP024215;Texto Search Descripción 33
DEP024219;Texto Search Descripción 33
DEP024228;Texto Search Descripción 33
DEP024230;Texto Search Descripción 33
DEP024234;Texto Search Descripción 33
DEP02424;Texto Search Descripción 33
DEP02431;Texto Search Descripción 33
DEP02437;Texto Search Descripción 33
DEP02438;Texto Search Descripción 33
DEP02439;Texto Search Descripción 33
DEP02443;Texto Search Descripción 33
DEP02446;Texto Search Descripción 33
DEP02448;Texto Search Descripción 33
DEP02455;Texto Search Descripción 33
DEP02458;Texto Search Descripción 33
DEP02459;Texto Search Descripción 33
DEP02463;Texto Search Descripción 33
DEP02465;Texto Search Descripción 33
DEP02480;Texto Search Descripción 2605
DEP02486;Texto Search Descripción 33
DEP02494;Texto Search Descripción 33
DEP02498;Texto Search Descripción 33
EL0012;Texto Search Descripción 5
EL025101;Texto Search Descripción 3
EL025102;Texto Search Descripción 3
EL025102K;Texto Search Descripción 3
EL025104;Texto Search Descripción 3
EL025105;Texto Search Descripción 3
EL025106;Texto Search Descripción 3
EL025107;Texto Search Descripción 3
EL025108;Texto Search Descripción 3
EL025109;Texto Search Descripción 3
EL025110;Texto Search Descripción 3
EL025111;Texto Search Descripción 3
EL025112;Texto Search Descripción 3
EL025113;Texto Search Descripción 3
EL025114;Texto Search Descripción 3
EL025115;Texto Search Descripción 3
EL025116;Texto Search Descripción 3
EL025116K;Texto Search Descripción 3
EL025117;Texto Search Descripción 3
EL025118;Texto Search Descripción 3
EL025119;Texto Search Descripción 3
EL025119K;Texto Search Descripción 3
EL025120;Texto Search Descripción 3
EL025120K;Texto Search Descripción 3
EL025121;Texto Search Descripción 3
EL025122;Texto Search Descripción 3
EL025122LK;Texto Search Descripción 3
EL025122RK;Texto Search Descripción 3
EL025123;Texto Search Descripción 3
EL025124;Texto Search Descripción 3
EL025125;Texto Search Descripción 3
EL025126;Texto Search Descripción 3
EL025126K;Texto Search Descripción 3
EL025127;Texto Search Descripción 3
EL025128;Texto Search Descripción 3
EL025129;Texto Search Descripción 3
EL025130;Texto Search Descripción 3
EL025131;Texto Search Descripción 3
EL025132;Texto Search Descripción 3
EL025133;Texto Search Descripción 3
EL025134;Texto Search Descripción 3
EL025135;Texto Search Descripción 3
EL025136;Texto Search Descripción 3
EL025137;Texto Search Descripción 3
EL025138;Texto Search Descripción 3
EL025139;Texto Search Descripción 3
EL025140;Texto Search Descripción 3
EL025188;Texto Search Descripción 3
EL02519;Texto Search Descripción 3
EL025191;Texto Search Descripción 3
EL025194;Texto Search Descripción 3
EL02519K;Texto Search Descripción 3
EL02520;Texto Search Descripción 3
EL025202;Texto Search Descripción 3
EL025206;Texto Search Descripción 3
EL025207;Texto Search Descripción 3
EL025209;Texto Search Descripción 3
EL025213;Texto Search Descripción 3
EL025215;Texto Search Descripción 3
EL02522;Texto Search Descripción 3
EL025221;Texto Search Descripción 3
EL025221K;Texto Search Descripción 3
EL025222;Texto Search Descripción 3
EL025222K;Texto Search Descripción 3
EL025223;Texto Search Descripción 3
EL025224;Texto Search Descripción 3
EL025225;Texto Search Descripción 3
EL025226;Texto Search Descripción 3
EL025227;Texto Search Descripción 3
EL025228;Texto Search Descripción 3
EL025229;Texto Search Descripción 3
EL02523;Texto Search Descripción 3
EL025230;Texto Search Descripción 3
EL025231;Texto Search Descripción 3
EL025232;Texto Search Descripción 3
EL025233;Texto Search Descripción 3
EL025233K;Texto Search Descripción 3
EL025234;Texto Search Descripción 3
EL025234LK;Texto Search Descripción 3
EL025234RK;Texto Search Descripción 3
EL025235;Texto Search Descripción 3
EL025236;Texto Search Descripción 3
EL025237;Texto Search Descripción 3
EL025238;Texto Search Descripción 3
EL025239;Texto Search Descripción 3
EL02523K;Texto Search Descripción 3
EL02524;Texto Search Descripción 3
EL025240;Texto Search Descripción 3
EL025241;Texto Search Descripción 3
EL025241K;Texto Search Descripción 3
EL025242;Texto Search Descripción 3
EL02525;Texto Search Descripción 3
EL025250;Texto Search Descripción 3
EL025251;Texto Search Descripción 3
EL025251K;Texto Search Descripción 3
EL025252;Texto Search Descripción 3
EL025253;Texto Search Descripción 3
EL025254;Texto Search Descripción 3
EL025255;Texto Search Descripción 3
EL025256;Texto Search Descripción 3
EL025256LK;Texto Search Descripción 3
EL025256RK;Texto Search Descripción 3
EL025257;Texto Search Descripción 3
EL025257K;Texto Search Descripción 3
EL025258;Texto Search Descripción 3
EL025258K;Texto Search Descripción 3
EL025259;Texto Search Descripción 3
EL02526;Texto Search Descripción 3
EL025260;Texto Search Descripción 3
EL025264;Texto Search Descripción 3
EL025265;Texto Search Descripción 3
EL025266;Texto Search Descripción 3
EL025267;Texto Search Descripción 3
EL025267K;Texto Search Descripción 3
EL025268;Texto Search Descripción 3
EL025269;Texto Search Descripción 3
EL02526K;Texto Search Descripción 3
EL02527;Texto Search Descripción 3
EL025270;Texto Search Descripción 3
EL025271;Texto Search Descripción 3
EL025277;Texto Search Descripción 3
EL025278;Texto Search Descripción 3
EL025279;Texto Search Descripción 3
EL02528;Texto Search Descripción 3
EL025280;Texto Search Descripción 3
EL025281;Texto Search Descripción 3
EL025281K;Texto Search Descripción 3
EL025282;Texto Search Descripción 3
EL025283;Texto Search Descripción 3
EL025284;Texto Search Descripción 3
EL025285;Texto Search Descripción 3
EL025286;Texto Search Descripción 3
EL025287;Texto Search Descripción 3
EL025288;Texto Search Descripción 3
EL025289;Texto Search Descripción 3
EL025290;Texto Search Descripción 3
EL025291;Texto Search Descripción 3
EL025292;Texto Search Descripción 3
EL025293;Texto Search Descripción 3
EL025294;Texto Search Descripción 3
EL025295;Texto Search Descripción 3
EL025295K;Texto Search Descripción 3
EL025296;Texto Search Descripción 3
EL025297;Texto Search Descripción 3
EL025298;Texto Search Descripción 3
EL025299;Texto Search Descripción 3
EL025300;Texto Search Descripción 3
EL025301;Texto Search Descripción 3
EL025302;Texto Search Descripción 3
EL025303;Texto Search Descripción 3
EL025304;Texto Search Descripción 3
EL025305;Texto Search Descripción 3
EL025306;Texto Search Descripción 3
EL025307;Texto Search Descripción 3
EL025308;Texto Search Descripción 3
EL025309;Texto Search Descripción 3
EL02531;Texto Search Descripción 3
EL025310;Texto Search Descripción 3
EL025311;Texto Search Descripción 3
EL025312;Texto Search Descripción 3
EL025313;Texto Search Descripción 3
EL025314;Texto Search Descripción 3
EL025315;Texto Search Descripción 3
EL025316;Texto Search Descripción 3
EL025317;Texto Search Descripción 3
EL025318;Texto Search Descripción 3
EL025319;Texto Search Descripción 3
EL025319K;Texto Search Descripción 3
EL02532;Texto Search Descripción 3
EL025320;Texto Search Descripción 3
EL025321;Texto Search Descripción 3
EL025322;Texto Search Descripción 3
EL025323;Texto Search Descripción 3
EL025324;Texto Search Descripción 3
EL025325;Texto Search Descripción 3
EL025326;Texto Search Descripción 3
EL025327;Texto Search Descripción 3
EL025328;Texto Search Descripción 3
EL025329;Texto Search Descripción 3
EL02533;Texto Search Descripción 3
EL025330;Texto Search Descripción 3
EL025331;Texto Search Descripción 3
EL025332;Texto Search Descripción 3
EL025333;Texto Search Descripción 3
EL025334;Texto Search Descripción 3
EL025335;Texto Search Descripción 3
EL025336;Texto Search Descripción 3
EL025337;Texto Search Descripción 3
EL025338;Texto Search Descripción 3
EL025339;Texto Search Descripción 3
EL02534;Texto Search Descripción 3
EL025340;Texto Search Descripción 3
EL025340K;Texto Search Descripción 3
EL025341;Texto Search Descripción 3
EL025342;Texto Search Descripción 3
EL025343;Texto Search Descripción 3
EL025344;Texto Search Descripción 3
EL025345;Texto Search Descripción 3
EL025346;Texto Search Descripción 3
EL025347;Texto Search Descripción 3
EL025348;Texto Search Descripción 3
EL025349;Texto Search Descripción 3
EL02535;Texto Search Descripción 3
EL025350;Texto Search Descripción 3
EL025351;Texto Search Descripción 3
EL025352;Texto Search Descripción 3
EL025353;Texto Search Descripción 3
EL025354;Texto Search Descripción 3
EL025355;Texto Search Descripción 3
EL025356;Texto Search Descripción 3
EL025357;Texto Search Descripción 3
EL025358;Texto Search Descripción 3
EL025359;Texto Search Descripción 3
EL02536;Texto Search Descripción 3
EL025360;Texto Search Descripción 3
EL025361;Texto Search Descripción 3
EL025362;Texto Search Descripción 3
EL025363;Texto Search Descripción 3
EL025363LK;Texto Search Descripción 3
EL025363RK;Texto Search Descripción 3
EL025364;Texto Search Descripción 3
EL025365;Texto Search Descripción 3
EL025366;Texto Search Descripción 3
EL025367;Texto Search Descripción 3
EL025368;Texto Search Descripción 3
EL025369;Texto Search Descripción 3
EL02537;Texto Search Descripción 3
EL025370;Texto Search Descripción 3
EL025371;Texto Search Descripción 3
EL025372;Texto Search Descripción 3
EL025374;Texto Search Descripción 3
EL025375;Texto Search Descripción 3
EL025376;Texto Search Descripción 3
EL025377;Texto Search Descripción 3
EL025378;Texto Search Descripción 3
EL025379;Texto Search Descripción 3
EL02538;Texto Search Descripción 3
EL025380;Texto Search Descripción 3
EL025381;Texto Search Descripción 3
EL025382;Texto Search Descripción 3
EL025383;Texto Search Descripción 3
EL025384;Texto Search Descripción 3
EL025385;Texto Search Descripción 3
EL025386;Texto Search Descripción 3
EL025387;Texto Search Descripción 3
EL025388;Texto Search Descripción 3
EL025389;Texto Search Descripción 3
EL025390;Texto Search Descripción 3
EL025391;Texto Search Descripción 3
EL025392;Texto Search Descripción 3
EL025393;Texto Search Descripción 3
EL025394;Texto Search Descripción 3
EL025395;Texto Search Descripción 3
EL025405;Texto Search Descripción 3
EL025406;Texto Search Descripción 3
EL025407;Texto Search Descripción 3
EL025408;Texto Search Descripción 3
EL025409;Texto Search Descripción 3
EL02541;Texto Search Descripción 3
EL025410;Texto Search Descripción 3
EL025411;Texto Search Descripción 3
EL025412;Texto Search Descripción 3
EL025413;Texto Search Descripción 3
EL025414;Texto Search Descripción 3
EL025415;Texto Search Descripción 3
EL025416;Texto Search Descripción 3
EL025417;Texto Search Descripción 3
EL025417K;Texto Search Descripción 3
EL025418;Texto Search Descripción 3
EL025418K;Texto Search Descripción 3
EL025419;Texto Search Descripción 3
EL02542;Texto Search Descripción 3
EL025420;Texto Search Descripción 3
EL025421;Texto Search Descripción 3
EL025422;Texto Search Descripción 3
EL025422LK;Texto Search Descripción 3
EL025422RK;Texto Search Descripción 3
EL025423;Texto Search Descripción 3
EL025424;Texto Search Descripción 3
EL025425;Texto Search Descripción 3
EL025426;Texto Search Descripción 3
EL025427;Texto Search Descripción 3
EL025428;Texto Search Descripción 3
EL025429;Texto Search Descripción 3
EL02543;Texto Search Descripción 3
EL025430;Texto Search Descripción 3
EL025431;Texto Search Descripción 3
EL025432;Texto Search Descripción 3
EL025433;Texto Search Descripción 3
EL025434;Texto Search Descripción 3
EL025435;Texto Search Descripción 3
EL025436;Texto Search Descripción 3
EL025437;Texto Search Descripción 3
EL025438;Texto Search Descripción 3
EL025439;Texto Search Descripción 3
EL02544;Texto Search Descripción 3
EL025440;Texto Search Descripción 3
EL025441;Texto Search Descripción 3
EL025441LK;Texto Search Descripción 3
EL025441RK;Texto Search Descripción 3
EL025442;Texto Search Descripción 3
EL025443;Texto Search Descripción 3
EL025444;Texto Search Descripción 3
EL025445;Texto Search Descripción 3
EL025446;Texto Search Descripción 3
EL025447;Texto Search Descripción 3
EL025448;Texto Search Descripción 3
EL025449;Texto Search Descripción 3
EL02545;Texto Search Descripción 1
EL025450;Texto Search Descripción 3
EL025451;Texto Search Descripción 3
EL025452;Texto Search Descripción 3
EL025453;Texto Search Descripción 3
EL025454;Texto Search Descripción 3
EL025455;Texto Search Descripción 3
EL025456;Texto Search Descripción 3
EL025457;Texto Search Descripción 3
EL025458;Texto Search Descripción 3
EL025459;Texto Search Descripción 3
EL02545LK;Texto Search Descripción 3
EL02545RK;Texto Search Descripción 3
EL02546;Texto Search Descripción 3
EL025460;Texto Search Descripción 3
EL025461;Texto Search Descripción 3
EL025462;Texto Search Descripción 3
EL025463;Texto Search Descripción 3
EL025464;Texto Search Descripción 3
EL025465;Texto Search Descripción 3
EL025466;Texto Search Descripción 3
EL025467;Texto Search Descripción 3
EL025468;Texto Search Descripción 3
EL025469;Texto Search Descripción 3
EL02547;Texto Search Descripción 3
EL025470;Texto Search Descripción 3
EL025471;Texto Search Descripción 3
EL025472;Texto Search Descripción 3
EL025472K;Texto Search Descripción 3
EL025473;Texto Search Descripción 3
EL025474;Texto Search Descripción 3
EL025475;Texto Search Descripción 3
EL025476;Texto Search Descripción 3
EL025478;Texto Search Descripción 3
EL025479;Texto Search Descripción 3
EL02548;Texto Search Descripción 3
EL025480;Texto Search Descripción 3
EL025481;Texto Search Descripción 3
EL025482;Texto Search Descripción 3
EL025483;Texto Search Descripción 3
EL025484;Texto Search Descripción 3
EL025485;Texto Search Descripción 3
EL025486;Texto Search Descripción 3
EL025487;Texto Search Descripción 3
EL025488;Texto Search Descripción 3
EL025489;Texto Search Descripción 3
EL02549;Texto Search Descripción 3
EL025490;Texto Search Descripción 3
EL025491;Texto Search Descripción 3
EL025492;Texto Search Descripción 3
EL025493;Texto Search Descripción 3
EL025494;Texto Search Descripción 3
EL025495;Texto Search Descripción 3
EL025496;Texto Search Descripción 3
EL025497;Texto Search Descripción 3
EL025498;Texto Search Descripción 3
EL025499;Texto Search Descripción 3
EL02550;Texto Search Descripción 3
EL025500;Texto Search Descripción 3
EL025501;Texto Search Descripción 3
EL025502;Texto Search Descripción 3
EL025503;Texto Search Descripción 3
EL025504;Texto Search Descripción 3
EL025505;Texto Search Descripción 3
EL025506;Texto Search Descripción 3
EL025507;Texto Search Descripción 3
EL025508;Texto Search Descripción 3
EL025509;Texto Search Descripción 3
EL02551;Texto Search Descripción 3
EL025510;Texto Search Descripción 3
EL025511;Texto Search Descripción 3
EL025512;Texto Search Descripción 3
EL025513;Texto Search Descripción 3
EL025514;Texto Search Descripción 3
EL025515;Texto Search Descripción 3
EL025516;Texto Search Descripción 3
EL025517;Texto Search Descripción 3
EL025518;Texto Search Descripción 3
EL025519;Texto Search Descripción 3
EL02552;Texto Search Descripción 3
EL025520;Texto Search Descripción 3
EL025520LK;Texto Search Descripción 3
EL025520RK;Texto Search Descripción 3
EL025521;Texto Search Descripción 3
EL025522;Texto Search Descripción 3
EL025523;Texto Search Descripción 3
EL025524;Texto Search Descripción 3
EL025525;Texto Search Descripción 3
EL025526;Texto Search Descripción 3
EL025527;Texto Search Descripción 3
EL025528;Texto Search Descripción 3
EL025529;Texto Search Descripción 3
EL025529K;Texto Search Descripción 3
EL02553;Texto Search Descripción 3
EL025530;Texto Search Descripción 3
EL025530K;Texto Search Descripción 3
EL025532;Texto Search Descripción 3
EL025533;Texto Search Descripción 3
EL025534;Texto Search Descripción 3
EL025535;Texto Search Descripción 3
EL025536;Texto Search Descripción 3
EL025536K;Texto Search Descripción 3
EL025537;Texto Search Descripción 3
EL025538;Texto Search Descripción 3
EL025539;Texto Search Descripción 3
EL02554;Texto Search Descripción 3
EL025540;Texto Search Descripción 3
EL025541;Texto Search Descripción 3
EL025541K;Texto Search Descripción 3
EL025542;Texto Search Descripción 3
EL025543;Texto Search Descripción 3
EL025543K;Texto Search Descripción 3
EL025544;Texto Search Descripción 3
EL025545;Texto Search Descripción 3
EL025545K;Texto Search Descripción 3
EL025546;Texto Search Descripción 3
EL025547;Texto Search Descripción 1
EL025548;Texto Search Descripción 3
EL025549;Texto Search Descripción 3
EL02554LK;Texto Search Descripción 3
EL02554RK;Texto Search Descripción 3
EL02555;Texto Search Descripción 3
EL025550;Texto Search Descripción 3
EL025551;Texto Search Descripción 3
EL025552;Texto Search Descripción 3
EL025553;Texto Search Descripción 3
EL025554;Texto Search Descripción 3
EL025557;Texto Search Descripción 3
EL025557K;Texto Search Descripción 3
EL025558;Texto Search Descripción 3
EL025558K;Texto Search Descripción 3
EL025559;Texto Search Descripción 3
EL02556;Texto Search Descripción 3
EL025561;Texto Search Descripción 3
EL025562;Texto Search Descripción 3
EL025563;Texto Search Descripción 3
EL025564;Texto Search Descripción 3
EL025565;Texto Search Descripción 3
EL025566;Texto Search Descripción 3
EL025567;Texto Search Descripción 3
EL025568;Texto Search Descripción 3
EL025569;Texto Search Descripción 3
EL02557;Texto Search Descripción 3
EL025570;Texto Search Descripción 3
EL025571;Texto Search Descripción 3
EL025572;Texto Search Descripción 3
EL025573;Texto Search Descripción 3
EL025574;Texto Search Descripción 3
EL025575;Texto Search Descripción 3
EL025576;Texto Search Descripción 3
EL025577;Texto Search Descripción 3
EL025577K;Texto Search Descripción 3
EL025578;Texto Search Descripción 3
EL025579;Texto Search Descripción 3
EL02558;Texto Search Descripción 3
EL025580;Texto Search Descripción 3
EL025581;Texto Search Descripción 3
EL025582;Texto Search Descripción 3
EL025583;Texto Search Descripción 3
EL025583LK;Texto Search Descripción 3
EL025583RK;Texto Search Descripción 3
EL025584;Texto Search Descripción 3
EL025584K;Texto Search Descripción 3
EL025585;Texto Search Descripción 3
EL025586;Texto Search Descripción 3
EL025587;Texto Search Descripción 3
EL025588;Texto Search Descripción 3
EL025589;Texto Search Descripción 3
EL02559;Texto Search Descripción 3
EL025590;Texto Search Descripción 3
EL025591;Texto Search Descripción 3
EL025592;Texto Search Descripción 3
EL025593;Texto Search Descripción 3
EL025594;Texto Search Descripción 3
EL025594K;Texto Search Descripción 3
EL025595;Texto Search Descripción 3
EL025596;Texto Search Descripción 3
EL025597;Texto Search Descripción 3
EL025598;Texto Search Descripción 3
EL025599;Texto Search Descripción 3
EL02560;Texto Search Descripción 3
EL025600;Texto Search Descripción 3
EL025601;Texto Search Descripción 3
EL025602;Texto Search Descripción 3
EL025602K;Texto Search Descripción 3
EL025603;Texto Search Descripción 3
EL025604;Texto Search Descripción 3
EL025605;Texto Search Descripción 3
EL025605K;Texto Search Descripción 3
EL025606;Texto Search Descripción 3
EL025607;Texto Search Descripción 3
EL025608;Texto Search Descripción 3
EL025609;Texto Search Descripción 3
EL02561;Texto Search Descripción 3
EL025610;Texto Search Descripción 3
EL025611;Texto Search Descripción 3
EL025612;Texto Search Descripción 3
EL025613;Texto Search Descripción 3
EL025614;Texto Search Descripción 3
EL025615;Texto Search Descripción 3
EL025616;Texto Search Descripción 3
EL025617;Texto Search Descripción 3
EL025618;Texto Search Descripción 3
EL025619;Texto Search Descripción 3
EL02562;Texto Search Descripción 3
EL025620;Texto Search Descripción 3
EL025620K;Texto Search Descripción 3
EL025621;Texto Search Descripción 3
EL025622;Texto Search Descripción 3
EL025623;Texto Search Descripción 3
EL025624;Texto Search Descripción 3
EL025625;Texto Search Descripción 3
EL025626;Texto Search Descripción 3
EL025627;Texto Search Descripción 3
EL025627LK;Texto Search Descripción 3
EL025627RK;Texto Search Descripción 3
EL025628;Texto Search Descripción 3
EL025629;Texto Search Descripción 3
EL025629K;Texto Search Descripción 3
EL02563;Texto Search Descripción 3
EL025630;Texto Search Descripción 3
EL025631;Texto Search Descripción 3
EL025632;Texto Search Descripción 3
EL025633;Texto Search Descripción 3
EL025633K;Texto Search Descripción 3
EL025634;Texto Search Descripción 3
EL025635;Texto Search Descripción 3
EL025636;Texto Search Descripción 3
EL025637;Texto Search Descripción 3
EL025638;Texto Search Descripción 3
EL025639;Texto Search Descripción 3
EL02564;Texto Search Descripción 3
EL025640;Texto Search Descripción 3
EL025641;Texto Search Descripción 3
EL025641LK;Texto Search Descripción 3
EL025641RK;Texto Search Descripción 3
EL025642;Texto Search Descripción 3
EL025642K;Texto Search Descripción 3
EL025643;Texto Search Descripción 3
EL025644;Texto Search Descripción 3
EL025645;Texto Search Descripción 3
EL025646;Texto Search Descripción 3
EL025647;Texto Search Descripción 3
EL025648;Texto Search Descripción 3
EL025649;Texto Search Descripción 3
EL02565;Texto Search Descripción 3
EL025650;Texto Search Descripción 3
EL025651;Texto Search Descripción 3
EL025652;Texto Search Descripción 3
EL025653;Texto Search Descripción 3
EL025654;Texto Search Descripción 3
EL025655;Texto Search Descripción 3
EL025656;Texto Search Descripción 3
EL025657;Texto Search Descripción 3
EL025658;Texto Search Descripción 3
EL025659;Texto Search Descripción 3
EL025659K;Texto Search Descripción 3
EL02566;Texto Search Descripción 3
EL025660;Texto Search Descripción 3
EL025661;Texto Search Descripción 3
EL025662;Texto Search Descripción 3
EL025663;Texto Search Descripción 3
EL025664;Texto Search Descripción 3
EL025665;Texto Search Descripción 3
EL025666;Texto Search Descripción 3
EL025667;Texto Search Descripción 3
EL025667K;Texto Search Descripción 3
EL025668;Texto Search Descripción 3
EL025669;Texto Search Descripción 3
EL02567;Texto Search Descripción 3
EL025670;Texto Search Descripción 3
EL025671;Texto Search Descripción 3
EL025672;Texto Search Descripción 3
EL025673;Texto Search Descripción 3
EL025674;Texto Search Descripción 3
EL025675;Texto Search Descripción 3
EL025676;Texto Search Descripción 3
EL025677;Texto Search Descripción 3
EL025678;Texto Search Descripción 3
EL025679;Texto Search Descripción 3
EL02568;Texto Search Descripción 3
EL025680;Texto Search Descripción 3
EL025681;Texto Search Descripción 3
EL025681K;Texto Search Descripción 3
EL025682;Texto Search Descripción 3
EL025682K;Texto Search Descripción 3
EL025683;Texto Search Descripción 3
EL025684;Texto Search Descripción 3
EL025684K;Texto Search Descripción 3
EL025685;Texto Search Descripción 3
EL025686;Texto Search Descripción 3
EL025687;Texto Search Descripción 3
EL025688;Texto Search Descripción 3
EL025689;Texto Search Descripción 3
EL02569;Texto Search Descripción 3
EL025690;Texto Search Descripción 3
EL025691;Texto Search Descripción 3
EL025691LK;Texto Search Descripción 3
EL025691RK;Texto Search Descripción 3
EL025692;Texto Search Descripción 3
EL025693;Texto Search Descripción 3
EL025694;Texto Search Descripción 3
EL025695;Texto Search Descripción 3
EL025696;Texto Search Descripción 3
EL025697;Texto Search Descripción 3
EL025698;Texto Search Descripción 3
EL025699;Texto Search Descripción 3
EL02570;Texto Search Descripción 3
EL025700;Texto Search Descripción 3
EL025701;Texto Search Descripción 3
EL025702;Texto Search Descripción 3
EL025703;Texto Search Descripción 3
EL025704;Texto Search Descripción 3
EL025704K;Texto Search Descripción 3
EL025705;Texto Search Descripción 3
EL025706;Texto Search Descripción 3
EL025707;Texto Search Descripción 3
EL025708;Texto Search Descripción 3
EL025709;Texto Search Descripción 3
EL02571;Texto Search Descripción 3
EL025710;Texto Search Descripción 3
EL025711;Texto Search Descripción 3
EL025712;Texto Search Descripción 3
EL025713;Texto Search Descripción 3
EL025714;Texto Search Descripción 3
EL025715;Texto Search Descripción 3
EL025716;Texto Search Descripción 3
EL025717;Texto Search Descripción 3
EL025718;Texto Search Descripción 3
EL025719;Texto Search Descripción 3
EL025719K;Texto Search Descripción 3
EL02572;Texto Search Descripción 3
EL025720;Texto Search Descripción 3
EL025721;Texto Search Descripción 3
EL025723;Texto Search Descripción 3
EL025724;Texto Search Descripción 3
EL025725;Texto Search Descripción 3
EL025726;Texto Search Descripción 3
EL025727;Texto Search Descripción 3
EL025728;Texto Search Descripción 3
EL025729;Texto Search Descripción 3
EL025729K;Texto Search Descripción 3
EL02573;Texto Search Descripción 3
EL025730;Texto Search Descripción 3
EL025731;Texto Search Descripción 3
EL025732;Texto Search Descripción 3
EL025733;Texto Search Descripción 3
EL025734;Texto Search Descripción 3
EL025735;Texto Search Descripción 3
EL025736;Texto Search Descripción 3
EL025737;Texto Search Descripción 3
EL025738;Texto Search Descripción 3
EL025738K;Texto Search Descripción 3
EL025739;Texto Search Descripción 3
EL02574;Texto Search Descripción 3
EL025740;Texto Search Descripción 3
EL025740K;Texto Search Descripción 3
EL025741;Texto Search Descripción 3
EL025742;Texto Search Descripción 3
EL025743;Texto Search Descripción 3
EL025744;Texto Search Descripción 3
EL025745;Texto Search Descripción 3
EL025746;Texto Search Descripción 3
EL025747;Texto Search Descripción 3
EL025748;Texto Search Descripción 3
EL025748K;Texto Search Descripción 3
EL025749;Texto Search Descripción 3
EL02575;Texto Search Descripción 3
EL025750;Texto Search Descripción 3
EL025751;Texto Search Descripción 3
EL025752;Texto Search Descripción 3
EL025753;Texto Search Descripción 3
EL025754;Texto Search Descripción 3
EL025755;Texto Search Descripción 3
EL025756;Texto Search Descripción 3
EL025757;Texto Search Descripción 3
EL025758;Texto Search Descripción 3
EL025759;Texto Search Descripción 3
EL02576;Texto Search Descripción 3
EL025760;Texto Search Descripción 3
EL025761;Texto Search Descripción 3
EL025762;Texto Search Descripción 3
EL025762K;Texto Search Descripción 3
EL025763;Texto Search Descripción 3
EL025764;Texto Search Descripción 3
EL025765;Texto Search Descripción 3
EL025766;Texto Search Descripción 3
EL025767;Texto Search Descripción 3
EL025768;Texto Search Descripción 3
EL025769;Texto Search Descripción 3
EL02577;Texto Search Descripción 3
EL025770;Texto Search Descripción 3
EL025771;Texto Search Descripción 3
EL025772;Texto Search Descripción 3
EL025773;Texto Search Descripción 3
EL025774;Texto Search Descripción 3
EL025775;Texto Search Descripción 3
EL025776;Texto Search Descripción 3
EL025777;Texto Search Descripción 3
EL025777LK;Texto Search Descripción 3
EL025777RK;Texto Search Descripción 3
EL025778;Texto Search Descripción 3
EL025778K;Texto Search Descripción 3
EL025779;Texto Search Descripción 3
EL02578;Texto Search Descripción 3
EL025780;Texto Search Descripción 3
EL025780K;Texto Search Descripción 3
EL025781;Texto Search Descripción 3
EL025782;Texto Search Descripción 3
EL025783;Texto Search Descripción 3
EL025784;Texto Search Descripción 3
EL025785;Texto Search Descripción 3
EL025786;Texto Search Descripción 3
EL025786K;Texto Search Descripción 3
EL025787;Texto Search Descripción 3
EL025787AK;Texto Search Descripción 3
EL025787BK;Texto Search Descripción 3
EL025788;Texto Search Descripción 3
EL025789;Texto Search Descripción 3
EL02578K;Texto Search Descripción 3
EL02579;Texto Search Descripción 3
EL025790;Texto Search Descripción 3
EL025791;Texto Search Descripción 3
EL025792;Texto Search Descripción 3
EL025793;Texto Search Descripción 3
EL025794;Texto Search Descripción 3
EL025795;Texto Search Descripción 3
EL025796;Texto Search Descripción 3
EL025797;Texto Search Descripción 3
EL025797K;Texto Search Descripción 3
EL025798;Texto Search Descripción 3
EL025799;Texto Search Descripción 3
EL02580;Texto Search Descripción 3
EL025800;Texto Search Descripción 3
EL025801;Texto Search Descripción 3
EL025802;Texto Search Descripción 3
EL025803;Texto Search Descripción 3
EL025804;Texto Search Descripción 3
EL025804K;Texto Search Descripción 3
EL025805;Texto Search Descripción 3
EL025805K;Texto Search Descripción 3
EL025806;Texto Search Descripción 3
EL025807;Texto Search Descripción 3
EL025808;Texto Search Descripción 3
EL025809;Texto Search Descripción 3
EL02581;Texto Search Descripción 3
EL025814;Texto Search Descripción 3
EL025815;Texto Search Descripción 3
EL025816;Texto Search Descripción 3
EL025816K;Texto Search Descripción 3
EL025818;Texto Search Descripción 3
EL02586;Texto Search Descripción 3
EL02587;Texto Search Descripción 3
EL02588;Texto Search Descripción 3
EL02589;Texto Search Descripción 3
EL02590;Texto Search Descripción 3
EL02593;Texto Search Descripción 3
EL02593K;Texto Search Descripción 3
EL02594;Texto Search Descripción 3
EL02594K;Texto Search Descripción 3
EL02595;Texto Search Descripción 3
EL02596;Texto Search Descripción 3
EL02597;Texto Search Descripción 3
EL02598;Texto Search Descripción 3
EL02599;Texto Search Descripción 3
EL1001;Texto Search Descripción 2
EL1002;Texto Search Descripción 2
EL1003;Texto Search Descripción 2
EL1004;Texto Search Descripción 2
EL1005;Texto Search Descripción 2
EL1006;Texto Search Descripción 2
EL1007;Texto Search Descripción 2
EL1008;Texto Search Descripción 2
EL1009;Texto Search Descripción 2
EL1010;Texto Search Descripción 2
EL1011;Texto Search Descripción 2
EL1012;Texto Search Descripción 2
EL1013;Texto Search Descripción 2
EL1014;Texto Search Descripción 2
EL1015;Texto Search Descripción 2
EL1016;Texto Search Descripción 2
EL1017;Texto Search Descripción 2
EL1018;Texto Search Descripción 2
EL1019;Texto Search Descripción 2
EL1020;Texto Search Descripción 2
EL1021;Texto Search Descripción 2
EL1022;Texto Search Descripción 2
EL1023;Texto Search Descripción 2
EL1024;Texto Search Descripción 2
EL1025;Texto Search Descripción 2
EL1026;Texto Search Descripción 2
EL1027;Texto Search Descripción 2
EL1028;Texto Search Descripción 2
EL1029;Texto Search Descripción 2
EL1030;Texto Search Descripción 2
EL1031;Texto Search Descripción 2
EL1032;Texto Search Descripción 2
EL1033;Texto Search Descripción 2
EL1034;Texto Search Descripción 2
EL1035;Texto Search Descripción 2
EL1036;Texto Search Descripción 2
EL1037;Texto Search Descripción 2
EL1038;Texto Search Descripción 2
EL1039;Texto Search Descripción 2
EL1040;Texto Search Descripción 2
EL1041;Texto Search Descripción 2
EL1041C;Texto Search Descripción 2
EL1042;Texto Search Descripción 2
EL1043;Texto Search Descripción 2
EL1044;Texto Search Descripción 2
EL1045;Texto Search Descripción 2
EL1046;Texto Search Descripción 2
EL1047;Texto Search Descripción 2
EL1048;Texto Search Descripción 2
EL1049;Texto Search Descripción 2
EL1050;Texto Search Descripción 2
EL1051;Texto Search Descripción 2
EL1052;Texto Search Descripción 2
EL1053;Texto Search Descripción 2
EL1054;Texto Search Descripción 2
EL1055;Texto Search Descripción 2
EL1056;Texto Search Descripción 2
EL1057;Texto Search Descripción 2
EL1058;Texto Search Descripción 2
EL1059;Texto Search Descripción 2
EL1060;Texto Search Descripción 2
EL1061;Texto Search Descripción 2
EL1062;Texto Search Descripción 2
EL1063;Texto Search Descripción 2
EL1064;Texto Search Descripción 2
EL1065;Texto Search Descripción 2
EL1066;Texto Search Descripción 2
EL1067;Texto Search Descripción 2
EL1068;Texto Search Descripción 2
EL1069;Texto Search Descripción 2
EL1070;Texto Search Descripción 2
EL1071;Texto Search Descripción 2
EL1072;Texto Search Descripción 2
EL1073;Texto Search Descripción 2
EL1074;Texto Search Descripción 2
EL1075;Texto Search Descripción 2
EL1076;Texto Search Descripción 2
EL1077;Texto Search Descripción 2
EL1078;Texto Search Descripción 2
EL1079;Texto Search Descripción 2
EL1080;Texto Search Descripción 2
EL1081;Texto Search Descripción 2
EL1082;Texto Search Descripción 2
EL1083;Texto Search Descripción 2
EL1084;Texto Search Descripción 2
EL1085;Texto Search Descripción 2
EL1086;Texto Search Descripción 2
EL1087;Texto Search Descripción 2
EL1089;Texto Search Descripción 2
EL1090;Texto Search Descripción 2
EL1091;Texto Search Descripción 2
EL1092;Texto Search Descripción 2
EL1093;Texto Search Descripción 2
EL1094;Texto Search Descripción 2
EL1095;Texto Search Descripción 2
EL1096;Texto Search Descripción 2
EL1097;Texto Search Descripción 2
EL1098;Texto Search Descripción 2
EL1099;Texto Search Descripción 2
EL1100;Texto Search Descripción 2
EL11000;Texto Search Descripción 5
EL11001;Texto Search Descripción 5
EL11002;Texto Search Descripción 5
EL11003;Texto Search Descripción 5
EL11004;Texto Search Descripción 5
EL11005;Texto Search Descripción 5
EL11006;Texto Search Descripción 5
EL11007;Texto Search Descripción 5
EL11008;Texto Search Descripción 5
EL11009;Texto Search Descripción 5
EL1101;Texto Search Descripción 2
EL11010;Texto Search Descripción 5
EL11011;Texto Search Descripción 5
EL11012;Texto Search Descripción 5
EL11013;Texto Search Descripción 5
EL11014;Texto Search Descripción 5
EL11015;Texto Search Descripción 5
EL11016;Texto Search Descripción 5
EL11017;Texto Search Descripción 5
EL11018;Texto Search Descripción 5
EL11019;Texto Search Descripción 5
EL1102;Texto Search Descripción 2
EL11020;Texto Search Descripción 5
EL11021;Texto Search Descripción 5
EL11022;Texto Search Descripción 5
EL11023;Texto Search Descripción 5
EL11024;Texto Search Descripción 5
EL11025;Texto Search Descripción 5
EL11026;Texto Search Descripción 5
EL11027;Texto Search Descripción 5
EL11028;Texto Search Descripción 5
EL11029;Texto Search Descripción 5
EL1103;Texto Search Descripción 2
EL11030;Texto Search Descripción 5
EL11031;Texto Search Descripción 5
EL11032;Texto Search Descripción 5
EL11033;Texto Search Descripción 5
EL11034;Texto Search Descripción 5
EL11035;Texto Search Descripción 5
EL11036;Texto Search Descripción 5
EL11037;Texto Search Descripción 5
EL11038;Texto Search Descripción 5
EL11039;Texto Search Descripción 5
EL1104;Texto Search Descripción 2
EL11040;Texto Search Descripción 5
EL11041;Texto Search Descripción 5
EL11042;Texto Search Descripción 5
EL11043;Texto Search Descripción 5
EL11044;Texto Search Descripción 5
EL11045;Texto Search Descripción 5
EL11046;Texto Search Descripción 5
EL11047;Texto Search Descripción 5
EL11048;Texto Search Descripción 5
EL11049;Texto Search Descripción 5
EL1105;Texto Search Descripción 2
EL11050;Texto Search Descripción 5
EL11051;Texto Search Descripción 5
EL11052;Texto Search Descripción 5
EL11053;Texto Search Descripción 5
EL11054;Texto Search Descripción 5
EL11055;Texto Search Descripción 5
EL11056;Texto Search Descripción 5
EL11057;Texto Search Descripción 5
EL11058;Texto Search Descripción 5
EL11059;Texto Search Descripción 5
EL1106;Texto Search Descripción 2
EL11060;Texto Search Descripción 5
EL11062;Texto Search Descripción 5
EL11063;Texto Search Descripción 5
EL11064;Texto Search Descripción 5
EL11065;Texto Search Descripción 5
EL11066;Texto Search Descripción 5
EL11067;Texto Search Descripción 5
EL11068;Texto Search Descripción 5
EL11069;Texto Search Descripción 5
EL1107;Texto Search Descripción 2
EL11070;Texto Search Descripción 5
EL11071;Texto Search Descripción 5
EL11072;Texto Search Descripción 5
EL11076;Texto Search Descripción 5
EL11077;Texto Search Descripción 5
EL11078;Texto Search Descripción 5
EL11079;Texto Search Descripción 5
EL1108;Texto Search Descripción 2
EL11080;Texto Search Descripción 5
EL11081;Texto Search Descripción 5
EL11082;Texto Search Descripción 5
EL11083;Texto Search Descripción 5
EL11085;Texto Search Descripción 5
EL11086;Texto Search Descripción 5
EL11088;Texto Search Descripción 5
EL11089;Texto Search Descripción 5
EL1109;Texto Search Descripción 2
EL11090;Texto Search Descripción 5
EL11091;Texto Search Descripción 5
EL11092;Texto Search Descripción 5
EL11094;Texto Search Descripción 5
EL11095;Texto Search Descripción 5
EL11096;Texto Search Descripción 5
EL11097C;Texto Search Descripción 5
EL11098;Texto Search Descripción 5
EL11099;Texto Search Descripción 5
EL1110;Texto Search Descripción 2
EL11101;Texto Search Descripción 5
EL11102;Texto Search Descripción 5
EL11104;Texto Search Descripción 5
EL11105;Texto Search Descripción 5
EL11106;Texto Search Descripción 5
EL11107;Texto Search Descripción 5
EL1111;Texto Search Descripción 2
EL1112;Texto Search Descripción 2
EL11122;Texto Search Descripción 5
EL11123;Texto Search Descripción 5
EL11124;Texto Search Descripción 5
EL11125;Texto Search Descripción 5
EL11126;Texto Search Descripción 5
EL11127;Texto Search Descripción 5
EL11128;Texto Search Descripción 5
EL11129;Texto Search Descripción 5
EL1113;Texto Search Descripción 2
EL11130;Texto Search Descripción 5
EL11131;Texto Search Descripción 5
EL11132;Texto Search Descripción 5
EL11133;Texto Search Descripción 5
EL11134;Texto Search Descripción 5
EL11135;Texto Search Descripción 5
EL11136;Texto Search Descripción 5
EL11137;Texto Search Descripción 5
EL11138;Texto Search Descripción 5
EL11139;Texto Search Descripción 5
EL1114;Texto Search Descripción 2
EL11140;Texto Search Descripción 5
EL11141;Texto Search Descripción 5
EL11142;Texto Search Descripción 5
EL11143;Texto Search Descripción 5
EL11144;Texto Search Descripción 5
EL11146;Texto Search Descripción 5
EL11147;Texto Search Descripción 5
EL11148;Texto Search Descripción 5
EL11149;Texto Search Descripción 5
EL1115;Texto Search Descripción 2
EL11150;Texto Search Descripción 5
EL11151;Texto Search Descripción 5
EL11153;Texto Search Descripción 5
EL11154;Texto Search Descripción 5
EL11155;Texto Search Descripción 5
EL11156;Texto Search Descripción 5
EL11157;Texto Search Descripción 5
EL11158;Texto Search Descripción 5
EL1116;Texto Search Descripción 2
EL11160C;Texto Search Descripción 5
EL11161;Texto Search Descripción 5
EL11162;Texto Search Descripción 5
EL11163;Texto Search Descripción 5
EL11164;Texto Search Descripción 5
EL11165;Texto Search Descripción 5
EL11166;Texto Search Descripción 5
EL11167;Texto Search Descripción 84
EL11168;Texto Search Descripción 84
EL11169;Texto Search Descripción 84
EL1117;Texto Search Descripción 2
EL11170;Texto Search Descripción 2
EL11171;Texto Search Descripción 3423
EL11174;Texto Search Descripción 5
EL11175;Texto Search Descripción 5
EL11176;Texto Search Descripción 5
EL1118;Texto Search Descripción 2
EL1119;Texto Search Descripción 2
EL1120;Texto Search Descripción 2
EL1121;Texto Search Descripción 2
EL1122;Texto Search Descripción 2
EL1123;Texto Search Descripción 2
EL1124;Texto Search Descripción 2
EL1125;Texto Search Descripción 2
EL1126;Texto Search Descripción 2
EL1127;Texto Search Descripción 2
EL1128;Texto Search Descripción 2
EL1129;Texto Search Descripción 2
EL1130;Texto Search Descripción 2
EL1131;Texto Search Descripción 2
EL1132;Texto Search Descripción 2
EL1133;Texto Search Descripción 2
EL1134;Texto Search Descripción 2
EL1135;Texto Search Descripción 2
EL1136;Texto Search Descripción 2
EL1137;Texto Search Descripción 2
EL1138;Texto Search Descripción 2
EL1139;Texto Search Descripción 2
EL1140;Texto Search Descripción 2
EL1141;Texto Search Descripción 2
EL1142;Texto Search Descripción 2
EL1143;Texto Search Descripción 2
EL1144;Texto Search Descripción 2
EL1145;Texto Search Descripción 2
EL1146;Texto Search Descripción 2
EL1147;Texto Search Descripción 2
EL1148;Texto Search Descripción 2
EL1149;Texto Search Descripción 2
EL1150;Texto Search Descripción 2
EL1151;Texto Search Descripción 2
EL1152;Texto Search Descripción 2
EL1153;Texto Search Descripción 2
EL1154;Texto Search Descripción 2
EL1155;Texto Search Descripción 2
EL1156;Texto Search Descripción 2
EL1157;Texto Search Descripción 2
EL1158;Texto Search Descripción 2
EL1159;Texto Search Descripción 2
EL1160;Texto Search Descripción 2
EL1161;Texto Search Descripción 2
EL1162;Texto Search Descripción 2
EL1163;Texto Search Descripción 2
EL1164;Texto Search Descripción 2
EL1165;Texto Search Descripción 2
EL1166;Texto Search Descripción 2
EL1167;Texto Search Descripción 2
EL1168;Texto Search Descripción 2
EL1169;Texto Search Descripción 2
EL1170;Texto Search Descripción 2
EL1171;Texto Search Descripción 2
EL1172;Texto Search Descripción 2
EL1173;Texto Search Descripción 2
EL1174;Texto Search Descripción 2
EL1175;Texto Search Descripción 2
EL1176;Texto Search Descripción 2
EL1177;Texto Search Descripción 2
EL1178;Texto Search Descripción 2
EL1179;Texto Search Descripción 2
EL1180;Texto Search Descripción 2
EL1181;Texto Search Descripción 2
EL1182;Texto Search Descripción 2
EL1183;Texto Search Descripción 2
EL1184;Texto Search Descripción 2
EL1185;Texto Search Descripción 2
EL1186;Texto Search Descripción 2
EL1187;Texto Search Descripción 2
EL1188;Texto Search Descripción 2
EL1189;Texto Search Descripción 2
EL1190;Texto Search Descripción 2
EL1191;Texto Search Descripción 2
EL1192;Texto Search Descripción 2
EL1193;Texto Search Descripción 2
EL1194;Texto Search Descripción 2
EL1195;Texto Search Descripción 2
EL1196;Texto Search Descripción 2
EL1197;Texto Search Descripción 2
EL1198;Texto Search Descripción 2
EL1199;Texto Search Descripción 2
EL1200;Texto Search Descripción 2
EL1201;Texto Search Descripción 2
EL1202C;Texto Search Descripción 2
EL1203;Texto Search Descripción 2
EL1204;Texto Search Descripción 2
EL1205;Texto Search Descripción 2
EL1206;Texto Search Descripción 2
EL1207C;Texto Search Descripción 2
EL1208;Texto Search Descripción 2
EL1209;Texto Search Descripción 2
EL1210;Texto Search Descripción 2
EL1211;Texto Search Descripción 2
EL1212;Texto Search Descripción 2
EL1213;Texto Search Descripción 2
EL1214;Texto Search Descripción 2
EL1215;Texto Search Descripción 2
EL1217;Texto Search Descripción 2
EL1218;Texto Search Descripción 2
EL1219;Texto Search Descripción 2
EL1220;Texto Search Descripción 2
EL1221;Texto Search Descripción 2
EL1222;Texto Search Descripción 2
EL1223;Texto Search Descripción 2
EL1224;Texto Search Descripción 2
EL1224C;Texto Search Descripción 2
EL1225;Texto Search Descripción 2
EL1226;Texto Search Descripción 2
EL1228;Texto Search Descripción 2
EL1229;Texto Search Descripción 2
EL1230;Texto Search Descripción 2
EL1231;Texto Search Descripción 2
EL1232;Texto Search Descripción 2
EL1233;Texto Search Descripción 2
EL1234;Texto Search Descripción 2
EL1235;Texto Search Descripción 2
EL1236;Texto Search Descripción 2
EL1237;Texto Search Descripción 2
EL1238;Texto Search Descripción 2
EL1239;Texto Search Descripción 2
EL1240;Texto Search Descripción 2
EL1241;Texto Search Descripción 2
EL1242;Texto Search Descripción 2
EL1243;Texto Search Descripción 2
EL1244;Texto Search Descripción 2
EL1245;Texto Search Descripción 2
EL1246;Texto Search Descripción 2
EL1247;Texto Search Descripción 2
EL1249;Texto Search Descripción 2
EL1250;Texto Search Descripción 2
EL1251;Texto Search Descripción 2
EL1252;Texto Search Descripción 2
EL1253;Texto Search Descripción 2
EL1254;Texto Search Descripción 2
EL1255;Texto Search Descripción 2
EL1256;Texto Search Descripción 2
EL1257;Texto Search Descripción 2
EL1258;Texto Search Descripción 2
EL1260;Texto Search Descripción 2
EL1262;Texto Search Descripción 2
EL1263;Texto Search Descripción 2
EL1264;Texto Search Descripción 2
EL1265;Texto Search Descripción 2
EL1266;Texto Search Descripción 2
EL1267;Texto Search Descripción 2
EL1268;Texto Search Descripción 2
EL1270;Texto Search Descripción 2
EL1271;Texto Search Descripción 2
EL1272;Texto Search Descripción 2
EL1273;Texto Search Descripción 2
EL1274;Texto Search Descripción 2
EL1275;Texto Search Descripción 2
EL1276;Texto Search Descripción 2
EL1277;Texto Search Descripción 2
EL1278;Texto Search Descripción 2
EL1279;Texto Search Descripción 2
EL1280;Texto Search Descripción 2
EL1281;Texto Search Descripción 2
EL1282;Texto Search Descripción 2
EL1284;Texto Search Descripción 2
EL1285;Texto Search Descripción 2
EL1286;Texto Search Descripción 2
EL1287;Texto Search Descripción 2
EL1288;Texto Search Descripción 2
EL1290;Texto Search Descripción 2
EL1291;Texto Search Descripción 2
EL1292;Texto Search Descripción 2
EL1293;Texto Search Descripción 2
EL1294;Texto Search Descripción 2
EL1295;Texto Search Descripción 2
EL1296;Texto Search Descripción 2
EL1297;Texto Search Descripción 2
EL1298;Texto Search Descripción 2
EL1299;Texto Search Descripción 2
EL1300;Texto Search Descripción 2
EL1301;Texto Search Descripción 2
EL1302;Texto Search Descripción 2
EL1303;Texto Search Descripción 2
EL1304;Texto Search Descripción 2
EL1305;Texto Search Descripción 2
EL1306;Texto Search Descripción 2
EL1307;Texto Search Descripción 2
EL1308;Texto Search Descripción 2
EL1309;Texto Search Descripción 2
EL1310;Texto Search Descripción 2
EL1311;Texto Search Descripción 2
EL1312;Texto Search Descripción 2
EL1313;Texto Search Descripción 2
EL1314;Texto Search Descripción 2
EL1315;Texto Search Descripción 2
EL1317;Texto Search Descripción 2
EL1318;Texto Search Descripción 2
EL1319;Texto Search Descripción 2
EL1320;Texto Search Descripción 2
EL1321;Texto Search Descripción 2
EL1322;Texto Search Descripción 5
EL1323;Texto Search Descripción 2
EL1324;Texto Search Descripción 2
EL1325;Texto Search Descripción 2
EL1326;Texto Search Descripción 2
EL1327;Texto Search Descripción 2
EL1328;Texto Search Descripción 2
EL1329;Texto Search Descripción 2
EL1330;Texto Search Descripción 2
EL1331;Texto Search Descripción 2
EL1332;Texto Search Descripción 2
EL1333;Texto Search Descripción 2
EL1334;Texto Search Descripción 2
EL1335;Texto Search Descripción 2
EL1336;Texto Search Descripción 2
EL1337;Texto Search Descripción 2
EL1338;Texto Search Descripción 2
EL1339;Texto Search Descripción 2
EL1340;Texto Search Descripción 2
EL1341;Texto Search Descripción 2
EL1342;Texto Search Descripción 2
EL1343;Texto Search Descripción 2
EL1344;Texto Search Descripción 2
EL1345;Texto Search Descripción 2
EL1346;Texto Search Descripción 2
EL1347;Texto Search Descripción 2
EL1348;Texto Search Descripción 2
EL1349;Texto Search Descripción 2
EL1350;Texto Search Descripción 2
EL1351;Texto Search Descripción 2
EL1352;Texto Search Descripción 2
EL1353;Texto Search Descripción 2
EL1354;Texto Search Descripción 2
EL1355;Texto Search Descripción 2
EL1356;Texto Search Descripción 2
EL1357;Texto Search Descripción 2
EL1358;Texto Search Descripción 2
EL1359;Texto Search Descripción 2
EL1360;Texto Search Descripción 2
EL1361;Texto Search Descripción 2
EL1362;Texto Search Descripción 2
EL1363;Texto Search Descripción 2
EL1364;Texto Search Descripción 2
EL1365;Texto Search Descripción 2
EL1366;Texto Search Descripción 2
EL1367;Texto Search Descripción 2
EL1368;Texto Search Descripción 2
EL1369;Texto Search Descripción 2
EL1370;Texto Search Descripción 2
EL1371;Texto Search Descripción 2
EL1372;Texto Search Descripción 2
EL1373;Texto Search Descripción 2
EL1374;Texto Search Descripción 2
EL1375;Texto Search Descripción 2
EL1376;Texto Search Descripción 2
EL1377;Texto Search Descripción 2
EL1378;Texto Search Descripción 2
EL1379;Texto Search Descripción 2
EL1380;Texto Search Descripción 2
EL1381;Texto Search Descripción 2
EL1382;Texto Search Descripción 2
EL1383;Texto Search Descripción 2
EL1384;Texto Search Descripción 2
EL1385;Texto Search Descripción 2
EL1386;Texto Search Descripción 2
EL1387;Texto Search Descripción 2
EL1388;Texto Search Descripción 2
EL1389;Texto Search Descripción 2
EL1390;Texto Search Descripción 2
EL1391;Texto Search Descripción 2
EL1392;Texto Search Descripción 2
EL1393;Texto Search Descripción 2
EL1394;Texto Search Descripción 2
EL1395;Texto Search Descripción 2
EL1396;Texto Search Descripción 2
EL1397;Texto Search Descripción 2
EL1398;Texto Search Descripción 2
EL1399;Texto Search Descripción 2
EL1400;Texto Search Descripción 2
EL1401;Texto Search Descripción 2
EL1402;Texto Search Descripción 2
EL1403;Texto Search Descripción 2
EL1404;Texto Search Descripción 2
EL1405;Texto Search Descripción 2
EL1406;Texto Search Descripción 2
EL1407;Texto Search Descripción 2
EL1408;Texto Search Descripción 2
EL1409;Texto Search Descripción 2
EL1410;Texto Search Descripción 2
EL1411;Texto Search Descripción 2
EL1412;Texto Search Descripción 2
EL1413;Texto Search Descripción 2
EL1414;Texto Search Descripción 2
EL1415;Texto Search Descripción 2
EL1416;Texto Search Descripción 2
EL1417;Texto Search Descripción 2
EL1418;Texto Search Descripción 2
EL1419;Texto Search Descripción 2
EL1420;Texto Search Descripción 2
EL1421;Texto Search Descripción 2
EL1422;Texto Search Descripción 2
EL1423;Texto Search Descripción 2
EL1424;Texto Search Descripción 2
EL1425;Texto Search Descripción 2
EL1426;Texto Search Descripción 2
EL1427;Texto Search Descripción 2
EL1428;Texto Search Descripción 2
EL1429;Texto Search Descripción 2
EL1430;Texto Search Descripción 2
EL1431;Texto Search Descripción 2
EL1432;Texto Search Descripción 2
EL1433;Texto Search Descripción 2
EL1434;Texto Search Descripción 2
EL1435;Texto Search Descripción 2
EL1436;Texto Search Descripción 2
EL1437;Texto Search Descripción 2
EL1438;Texto Search Descripción 2
EL1439;Texto Search Descripción 2
EL1440;Texto Search Descripción 2
EL1441;Texto Search Descripción 2
EL1442;Texto Search Descripción 2
EL1443;Texto Search Descripción 2
EL1444;Texto Search Descripción 2
EL1445;Texto Search Descripción 2
EL1446;Texto Search Descripción 5
EL1447;Texto Search Descripción 29
EL1448;Texto Search Descripción 2
EL1449;Texto Search Descripción 29
EL1450;Texto Search Descripción 29
EL1451;Texto Search Descripción 29
EL1452;Texto Search Descripción 29
EL1453;Texto Search Descripción 29
EL1454;Texto Search Descripción 29
EL1455;Texto Search Descripción 5
EL1456;Texto Search Descripción 29
EL1457;Texto Search Descripción 2
EL1458;Texto Search Descripción 29
EL1459;Texto Search Descripción 29
EL1460;Texto Search Descripción 29
EL1461;Texto Search Descripción 29
EL1462;Texto Search Descripción 2
EL1463;Texto Search Descripción 29
EL1464;Texto Search Descripción 2
EL1465;Texto Search Descripción 29
EL1466;Texto Search Descripción 29
EL1467;Texto Search Descripción 29
EL1468;Texto Search Descripción 2
EL1469;Texto Search Descripción 2
EL1470;Texto Search Descripción 2
EL1471;Texto Search Descripción 2
EL1472;Texto Search Descripción 2
EL1473;Texto Search Descripción 2
EL1474;Texto Search Descripción 2
EL1475;Texto Search Descripción 2
EL1476;Texto Search Descripción 2
EL1477;Texto Search Descripción 2
EL1478;Texto Search Descripción 2
EL1479;Texto Search Descripción 2
EL1480;Texto Search Descripción 2
EL1481;Texto Search Descripción 2
EL1482;Texto Search Descripción 2
EL1483;Texto Search Descripción 2
EL1484;Texto Search Descripción 2
EL1485;Texto Search Descripción 2
EL1486;Texto Search Descripción 2
EL1487;Texto Search Descripción 2
EL1488;Texto Search Descripción 2
EL1489;Texto Search Descripción 2
EL1490;Texto Search Descripción 2
EL1491;Texto Search Descripción 2
EL1492;Texto Search Descripción 2
EL1493;Texto Search Descripción 2
EL1494;Texto Search Descripción 2
EL1495;Texto Search Descripción 2
EL1496;Texto Search Descripción 2
EL1497;Texto Search Descripción 2
EL1498;Texto Search Descripción 2
EL1499;Texto Search Descripción 2
EL1500;Texto Search Descripción 2
EL1501;Texto Search Descripción 2
EL1502;Texto Search Descripción 2
EL1503;Texto Search Descripción 2
EL1504;Texto Search Descripción 2
EL1505;Texto Search Descripción 2
EL1506;Texto Search Descripción 2
EL1507;Texto Search Descripción 2
EL1508;Texto Search Descripción 2
EL1509;Texto Search Descripción 2
EL1510;Texto Search Descripción 2
EL1511;Texto Search Descripción 2
EL1512;Texto Search Descripción 2
EL1513;Texto Search Descripción 2
EL1514;Texto Search Descripción 2
EL1515;Texto Search Descripción 586
EL1516;Texto Search Descripción 586
EL1517;Texto Search Descripción 967
EL1518;Texto Search Descripción 2
EL1519;Texto Search Descripción 2
EL1520;Texto Search Descripción 2
EL1521;Texto Search Descripción 2
EL1522;Texto Search Descripción 2
EL1523;Texto Search Descripción 2
EL1524;Texto Search Descripción 2
EL1525;Texto Search Descripción 2
EL1526;Texto Search Descripción 2
EL1527;Texto Search Descripción 2
EL1528;Texto Search Descripción 2
EL1529;Texto Search Descripción 2
EL1530;Texto Search Descripción 2
EL1531;Texto Search Descripción 2
EL1532;Texto Search Descripción 2
EL1533;Texto Search Descripción 2
EL1534;Texto Search Descripción 2
EL1535;Texto Search Descripción 2
EL1536;Texto Search Descripción 2
EL1537;Texto Search Descripción 2
EL1538;Texto Search Descripción 2
EL1539;Texto Search Descripción 2
EL1540;Texto Search Descripción 2
EL1541;Texto Search Descripción 2
EL1542;Texto Search Descripción 2
EL1543;Texto Search Descripción 2
EL1544;Texto Search Descripción 2
EL1545;Texto Search Descripción 2
EL1546;Texto Search Descripción 2
EL1547;Texto Search Descripción 2
EL1548;Texto Search Descripción 2
EL1549;Texto Search Descripción 2
EL1550;Texto Search Descripción 2
EL1551;Texto Search Descripción 2
EL1552;Texto Search Descripción 2
EL1553;Texto Search Descripción 2
EL1554;Texto Search Descripción 2
EL1555;Texto Search Descripción 2
EL1556;Texto Search Descripción 2
EL1557;Texto Search Descripción 2
EL1558;Texto Search Descripción 2
EL1559;Texto Search Descripción 2
EL1560;Texto Search Descripción 2
EL1561;Texto Search Descripción 2
EL1562;Texto Search Descripción 2
EL1563;Texto Search Descripción 2
EL1564;Texto Search Descripción 877
EL1565;Texto Search Descripción 2
EL1566;Texto Search Descripción 2
EL1567;Texto Search Descripción 2
EL1568;Texto Search Descripción 2
EL1569;Texto Search Descripción 2
EL1570;Texto Search Descripción 2
EL1571;Texto Search Descripción 2
EL1572;Texto Search Descripción 2
EL1573;Texto Search Descripción 2
EL1574;Texto Search Descripción 2
EL1575;Texto Search Descripción 2
EL1576;Texto Search Descripción 2
EL1577;Texto Search Descripción 2
EL1578;Texto Search Descripción 2
EL1579;Texto Search Descripción 2
EL1580;Texto Search Descripción 2
EL1581;Texto Search Descripción 2
EL1582;Texto Search Descripción 2
EL1583;Texto Search Descripción 2
EL1584;Texto Search Descripción 2
EL1585;Texto Search Descripción 61
EL1586;Texto Search Descripción 5
EL1587;Texto Search Descripción 61
EL1588;Texto Search Descripción 61
EL1589;Texto Search Descripción 5
EL1590;Texto Search Descripción 5
EL1591;Texto Search Descripción 5
EL1592;Texto Search Descripción 5
EL1593;Texto Search Descripción 5
EL1594;Texto Search Descripción 5
EL1595;Texto Search Descripción 5
EL1596;Texto Search Descripción 5
EL1597;Texto Search Descripción 5
EL1598;Texto Search Descripción 5
EL1599;Texto Search Descripción 5
EL1600;Texto Search Descripción 5
EL1601;Texto Search Descripción 5
EL1602;Texto Search Descripción 5
EL1603;Texto Search Descripción 5
EL1604;Texto Search Descripción 5
EL1605;Texto Search Descripción 5
EL1606;Texto Search Descripción 5
EL1607;Texto Search Descripción 5
EL1608;Texto Search Descripción 5
EL1609;Texto Search Descripción 5
EL1610;Texto Search Descripción 5
EL1611;Texto Search Descripción 5
EL1612;Texto Search Descripción 5
EL1613;Texto Search Descripción 5
EL1614;Texto Search Descripción 5
EL1615;Texto Search Descripción 5
EL1616;Texto Search Descripción 5
EL1617;Texto Search Descripción 5
EL1618;Texto Search Descripción 5
EL1619;Texto Search Descripción 5
EL1620;Texto Search Descripción 5
EL1621;Texto Search Descripción 5
EL1622;Texto Search Descripción 5
EL1623;Texto Search Descripción 5
EL1624;Texto Search Descripción 5
EL1625;Texto Search Descripción 5
EL1626;Texto Search Descripción 5
EL1627;Texto Search Descripción 5
EL1628;Texto Search Descripción 5
EL1629;Texto Search Descripción 5
EL1630;Texto Search Descripción 5
EL1631;Texto Search Descripción 5
EL1632;Texto Search Descripción 5
EL1633;Texto Search Descripción 5
EL1634;Texto Search Descripción 5
EL1635;Texto Search Descripción 5
EL1636;Texto Search Descripción 5
EL1637;Texto Search Descripción 5
EL1638;Texto Search Descripción 5
EL1639;Texto Search Descripción 5
EL1640;Texto Search Descripción 5
EL1641;Texto Search Descripción 5
EL1642;Texto Search Descripción 5
EL1643;Texto Search Descripción 5
EL1644;Texto Search Descripción 5
EL1645;Texto Search Descripción 5
EL1646;Texto Search Descripción 5
EL1647;Texto Search Descripción 5
EL1648;Texto Search Descripción 5
EL1649;Texto Search Descripción 5
EL1650;Texto Search Descripción 5
EL1651;Texto Search Descripción 5
EL1652;Texto Search Descripción 5
EL1653;Texto Search Descripción 5
EL1654;Texto Search Descripción 5
EL1655;Texto Search Descripción 5
EL1656;Texto Search Descripción 5
EL1657;Texto Search Descripción 5
EL1658;Texto Search Descripción 5
EL1659;Texto Search Descripción 5
EL1660;Texto Search Descripción 5
EL1661;Texto Search Descripción 5
EL1662;Texto Search Descripción 5
EL1663;Texto Search Descripción 5
EL1664;Texto Search Descripción 5
EL1665;Texto Search Descripción 5
EL1666;Texto Search Descripción 5
EL1667;Texto Search Descripción 5
EL1668;Texto Search Descripción 5
EL1669;Texto Search Descripción 5
EL1670;Texto Search Descripción 5
EL1671;Texto Search Descripción 5
EL1672;Texto Search Descripción 5
EL1673;Texto Search Descripción 5
EL1674;Texto Search Descripción 5
EL1676;Texto Search Descripción 5
EL1677;Texto Search Descripción 5
EL1678;Texto Search Descripción 5
EL1679;Texto Search Descripción 5
EL1680;Texto Search Descripción 5
EL1681;Texto Search Descripción 5
EL1682;Texto Search Descripción 5
EL1683;Texto Search Descripción 5
EL1684;Texto Search Descripción 5
EL1685;Texto Search Descripción 5
EL1686;Texto Search Descripción 5
EL1687;Texto Search Descripción 5
EL1688;Texto Search Descripción 5
EL1689;Texto Search Descripción 5
EL1690;Texto Search Descripción 5
EL1691;Texto Search Descripción 5
EL1692;Texto Search Descripción 5
EL1693;Texto Search Descripción 5
EL1694;Texto Search Descripción 5
EL1695;Texto Search Descripción 5
EL1696;Texto Search Descripción 5
EL1697;Texto Search Descripción 5
EL1698;Texto Search Descripción 5
EL1699;Texto Search Descripción 5
EL1700;Texto Search Descripción 5
EL1701;Texto Search Descripción 5
EL1702;Texto Search Descripción 5
EL1703;Texto Search Descripción 5
EL1704;Texto Search Descripción 5
EL1705;Texto Search Descripción 5
EL1706;Texto Search Descripción 5
EL1707;Texto Search Descripción 5
EL1708;Texto Search Descripción 5
EL1709;Texto Search Descripción 5
EL1710;Texto Search Descripción 5
EL1711;Texto Search Descripción 5
EL1712;Texto Search Descripción 5
EL1713;Texto Search Descripción 5
EL1714;Texto Search Descripción 5
EL1715;Texto Search Descripción 5
EL1716;Texto Search Descripción 5
EL1717;Texto Search Descripción 5
EL1718;Texto Search Descripción 5
EL1719;Texto Search Descripción 5
EL1720;Texto Search Descripción 5
EL1721;Texto Search Descripción 5
EL1722;Texto Search Descripción 5
EL1723;Texto Search Descripción 5
EL1724;Texto Search Descripción 5
EL1725;Texto Search Descripción 5
EL1726;Texto Search Descripción 5
EL1727;Texto Search Descripción 5
EL1728;Texto Search Descripción 5
EL1729;Texto Search Descripción 5
EL1730;Texto Search Descripción 5
EL1731;Texto Search Descripción 5
EL1732;Texto Search Descripción 5
EL1733;Texto Search Descripción 5
EL1734;Texto Search Descripción 5
EL1735;Texto Search Descripción 5
EL1736;Texto Search Descripción 5
EL1737;Texto Search Descripción 5
EL1738;Texto Search Descripción 5
EL1739;Texto Search Descripción 5
EL1740;Texto Search Descripción 5
EL1741;Texto Search Descripción 5
EL1742;Texto Search Descripción 5
EL1743;Texto Search Descripción 5
EL1744;Texto Search Descripción 5
EL1745;Texto Search Descripción 5
EL1746;Texto Search Descripción 5
EL1747;Texto Search Descripción 5
EL1748;Texto Search Descripción 5
EL1749;Texto Search Descripción 5
EL1750;Texto Search Descripción 5
EL1751;Texto Search Descripción 5
EL1752;Texto Search Descripción 5
EL1753;Texto Search Descripción 5
EL1754;Texto Search Descripción 5
EL1755;Texto Search Descripción 5
EL1756;Texto Search Descripción 5
EL1757;Texto Search Descripción 5
EL1758;Texto Search Descripción 5
EL1759;Texto Search Descripción 5
EL1760;Texto Search Descripción 5
EL1761;Texto Search Descripción 5
EL1762;Texto Search Descripción 5
EL1763;Texto Search Descripción 5
EL1764;Texto Search Descripción 5
EL1765;Texto Search Descripción 5
EL1767;Texto Search Descripción 5
EL1768;Texto Search Descripción 5
EL1769;Texto Search Descripción 5
EL1770;Texto Search Descripción 5
EL1771;Texto Search Descripción 5
EL1772;Texto Search Descripción 5
EL1773;Texto Search Descripción 5
EL1775;Texto Search Descripción 5
EL1776;Texto Search Descripción 5
EL1777;Texto Search Descripción 5
EL1778;Texto Search Descripción 5
EL1779;Texto Search Descripción 5
EL1780;Texto Search Descripción 5
EL1781;Texto Search Descripción 5
EL1782;Texto Search Descripción 5
EL1783;Texto Search Descripción 5
EL1784;Texto Search Descripción 5
EL1785;Texto Search Descripción 5
EL1786;Texto Search Descripción 5
EL1787;Texto Search Descripción 5
EL1788;Texto Search Descripción 5
EL1789;Texto Search Descripción 5
EL1790;Texto Search Descripción 5
EL1791;Texto Search Descripción 5
EL1792;Texto Search Descripción 5
EL1793;Texto Search Descripción 5
EL1794;Texto Search Descripción 5
EL1795;Texto Search Descripción 5
EL1796;Texto Search Descripción 5
EL1797;Texto Search Descripción 5
EL1798;Texto Search Descripción 5
EL1799;Texto Search Descripción 5
EL1800;Texto Search Descripción 5
EL1801;Texto Search Descripción 5
EL1802;Texto Search Descripción 5
EL1803;Texto Search Descripción 5
EL1804;Texto Search Descripción 5
EL1805;Texto Search Descripción 5
EL1806;Texto Search Descripción 5
EL1807;Texto Search Descripción 5
EL1808;Texto Search Descripción 5
EL1809;Texto Search Descripción 5
EL1810;Texto Search Descripción 5
EL1811;Texto Search Descripción 5
EL1812;Texto Search Descripción 5
EL1813;Texto Search Descripción 5
EL1814;Texto Search Descripción 5
EL1815;Texto Search Descripción 5
EL1816;Texto Search Descripción 5
EL1817;Texto Search Descripción 5
EL1818;Texto Search Descripción 5
EL1819;Texto Search Descripción 5
EL1820;Texto Search Descripción 5
EL1821;Texto Search Descripción 5
EL1822;Texto Search Descripción 5
EL1823;Texto Search Descripción 5
EL1824;Texto Search Descripción 5
EL1825;Texto Search Descripción 5
EL1826;Texto Search Descripción 5
EL1827;Texto Search Descripción 5
EL1828;Texto Search Descripción 5
EL1829;Texto Search Descripción 5
EL1830;Texto Search Descripción 5
EL1831;Texto Search Descripción 5
EL1832;Texto Search Descripción 5
EL1833;Texto Search Descripción 5
EL1834;Texto Search Descripción 5
EL1835;Texto Search Descripción 5
EL1836;Texto Search Descripción 5
EL1837;Texto Search Descripción 5
EL1838;Texto Search Descripción 5
EL1839;Texto Search Descripción 5
EL1840;Texto Search Descripción 5
EL1841;Texto Search Descripción 5
EL1842;Texto Search Descripción 5
EL1843;Texto Search Descripción 5
EL1845;Texto Search Descripción 5
EL1846;Texto Search Descripción 5
EL1847;Texto Search Descripción 5
EL1848;Texto Search Descripción 5
EL1849;Texto Search Descripción 5
EL1850;Texto Search Descripción 5
EL1851;Texto Search Descripción 5
EL1852;Texto Search Descripción 5
EL1853C;Texto Search Descripción 5
EL1854C;Texto Search Descripción 5
EL1855C;Texto Search Descripción 5
EL1856C;Texto Search Descripción 5
EL1857C;Texto Search Descripción 5
EL1858C;Texto Search Descripción 5
EL1859C;Texto Search Descripción 5
EL1860C;Texto Search Descripción 5
EL1861C;Texto Search Descripción 5
EL1862C;Texto Search Descripción 5
EL1866;Texto Search Descripción 5
EL1867;Texto Search Descripción 5
EL1868;Texto Search Descripción 5
EL1869;Texto Search Descripción 5
EL1870;Texto Search Descripción 5
EL1871;Texto Search Descripción 5
EL1872;Texto Search Descripción 5
EL1874;Texto Search Descripción 5
EL1875;Texto Search Descripción 5
EL1876;Texto Search Descripción 5
EL1877;Texto Search Descripción 5
EL1878;Texto Search Descripción 5
EL1879;Texto Search Descripción 5
EL1880;Texto Search Descripción 5
EL1881;Texto Search Descripción 5
EL1882;Texto Search Descripción 5
EL1883C;Texto Search Descripción 5
EL1884C;Texto Search Descripción 5
EL1885C;Texto Search Descripción 5
EL1886C;Texto Search Descripción 5
EL1887C;Texto Search Descripción 5
EL1889C;Texto Search Descripción 5
EL1890C;Texto Search Descripción 5
EL1891C;Texto Search Descripción 5
EL1892C;Texto Search Descripción 5
EL1893C;Texto Search Descripción 5
EL1894C;Texto Search Descripción 5
EL1895C;Texto Search Descripción 5
EL1897;Texto Search Descripción 5
EL1898;Texto Search Descripción 482
EL1899;Texto Search Descripción 482
EL1900;Texto Search Descripción 5
EL1901;Texto Search Descripción 5
EL1902;Texto Search Descripción 5
EL1903;Texto Search Descripción 5
EL1904;Texto Search Descripción 5
EL1905;Texto Search Descripción 5
EL1906;Texto Search Descripción 5
EL1907;Texto Search Descripción 5
EL1908;Texto Search Descripción 5
EL1909;Texto Search Descripción 5
EL1910;Texto Search Descripción 5
EL1911;Texto Search Descripción 5
EL1912;Texto Search Descripción 5
EL1913;Texto Search Descripción 5
EL1914;Texto Search Descripción 5
EL1915;Texto Search Descripción 5
EL1916;Texto Search Descripción 5
EL1917;Texto Search Descripción 5
EL1918;Texto Search Descripción 5
EL1919;Texto Search Descripción 5
EL1920;Texto Search Descripción 5
EL1921;Texto Search Descripción 5
EL1922;Texto Search Descripción 5
EL1923;Texto Search Descripción 5
EL1925;Texto Search Descripción 5
EL1926;Texto Search Descripción 5
EL1927;Texto Search Descripción 5
EL1928;Texto Search Descripción 5
EL1929;Texto Search Descripción 5
EL1930;Texto Search Descripción 5
EL1931;Texto Search Descripción 5
EL1932;Texto Search Descripción 5
EL1933;Texto Search Descripción 5
EL1934;Texto Search Descripción 5
EL1935;Texto Search Descripción 5
EL1936;Texto Search Descripción 5
EL1937;Texto Search Descripción 5
EL1938;Texto Search Descripción 5
EL1939;Texto Search Descripción 5
EL1940;Texto Search Descripción 5
EL1941;Texto Search Descripción 5
EL1942;Texto Search Descripción 5
EL1943;Texto Search Descripción 5
EL1944;Texto Search Descripción 5
EL1945;Texto Search Descripción 5
EL1946;Texto Search Descripción 5
EL1947;Texto Search Descripción 5
EL1948;Texto Search Descripción 5
EL1949;Texto Search Descripción 5
EL1950;Texto Search Descripción 5
EL1951;Texto Search Descripción 5
EL1952;Texto Search Descripción 5
EL1953;Texto Search Descripción 5
EL1954;Texto Search Descripción 5
EL1955;Texto Search Descripción 5
EL1956;Texto Search Descripción 1719
EL1957;Texto Search Descripción 5
EL1958;Texto Search Descripción 5
EL1959;Texto Search Descripción 5
EL1960;Texto Search Descripción 5
EL1961;Texto Search Descripción 5
EL1962;Texto Search Descripción 5
EL1963;Texto Search Descripción 5
EL1964;Texto Search Descripción 5
EL1965;Texto Search Descripción 5
EL1966;Texto Search Descripción 5
EL1967;Texto Search Descripción 5
EL1968;Texto Search Descripción 5
EL1969;Texto Search Descripción 5
EL1970;Texto Search Descripción 5
EL1971;Texto Search Descripción 5
EL1972;Texto Search Descripción 5
EL1973;Texto Search Descripción 5
EL1974;Texto Search Descripción 5
EL1975;Texto Search Descripción 5
EL1976;Texto Search Descripción 5
EL1977;Texto Search Descripción 5
EL1978;Texto Search Descripción 5
EL1979;Texto Search Descripción 5
EL1980;Texto Search Descripción 5
EL1981;Texto Search Descripción 5
EL1982;Texto Search Descripción 5
EL1983;Texto Search Descripción 5
EL1984;Texto Search Descripción 5
EL1985;Texto Search Descripción 5
EL1986;Texto Search Descripción 5
EL1987;Texto Search Descripción 5
EL1988;Texto Search Descripción 5
EL1989;Texto Search Descripción 5
EL1990;Texto Search Descripción 5
EL1991;Texto Search Descripción 5
EL1992;Texto Search Descripción 5
EL1993;Texto Search Descripción 5
EL1994;Texto Search Descripción 5
EL1995;Texto Search Descripción 5
EL1996;Texto Search Descripción 5
EL1997;Texto Search Descripción 5
EL1998;Texto Search Descripción 5
EL1999;Texto Search Descripción 5
EL2001;Texto Search Descripción 62
EL2002;Texto Search Descripción 62
EL2003;Texto Search Descripción 62
EL2004;Texto Search Descripción 62
EL2005;Texto Search Descripción 62
EL2006;Texto Search Descripción 62
EL2007;Texto Search Descripción 62
EL2008;Texto Search Descripción 62
EL2009;Texto Search Descripción 62
EL2010;Texto Search Descripción 62
EL2011;Texto Search Descripción 62
EL2012;Texto Search Descripción 62
EL2013;Texto Search Descripción 62
EL2014;Texto Search Descripción 62
EL2015;Texto Search Descripción 62
EL2016;Texto Search Descripción 62
EL2017;Texto Search Descripción 62
EL3001;Texto Search Descripción 2
EL3002;Texto Search Descripción 2
EL3003;Texto Search Descripción 2
EL3004;Texto Search Descripción 2
EL3005;Texto Search Descripción 2
EL3006;Texto Search Descripción 2
EL3007;Texto Search Descripción 2
EL3008;Texto Search Descripción 2
EL3009;Texto Search Descripción 2
EL3010;Texto Search Descripción 2
EL3011;Texto Search Descripción 2
EL3012;Texto Search Descripción 2
EL3013;Texto Search Descripción 2
EL3014;Texto Search Descripción 2
EL3015;Texto Search Descripción 2
EL3016;Texto Search Descripción 2
EL3017;Texto Search Descripción 2
EL3018;Texto Search Descripción 2
EL3019;Texto Search Descripción 2
EL3020;Texto Search Descripción 2
EL3021;Texto Search Descripción 2
EL3022;Texto Search Descripción 2
EL3023;Texto Search Descripción 2
EL3024;Texto Search Descripción 2
EL3025;Texto Search Descripción 2
EL3026;Texto Search Descripción 2
EL3027;Texto Search Descripción 2
EL3028;Texto Search Descripción 2
EL3029;Texto Search Descripción 2
EL3030;Texto Search Descripción 2
EL3031;Texto Search Descripción 2
EL3032;Texto Search Descripción 2
EL3033;Texto Search Descripción 2
EL3034;Texto Search Descripción 2
EL3035;Texto Search Descripción 2
EL3036;Texto Search Descripción 2
EL3036C;Texto Search Descripción 2
EL3037;Texto Search Descripción 2
EL3038;Texto Search Descripción 2
EL3039;Texto Search Descripción 2
EL3040;Texto Search Descripción 2
EL3041;Texto Search Descripción 2
EL3042;Texto Search Descripción 2
EL3043;Texto Search Descripción 2
EL3044;Texto Search Descripción 2
EL3046;Texto Search Descripción 2
EL3047;Texto Search Descripción 2
EL3048;Texto Search Descripción 2
EL3049;Texto Search Descripción 2
EL3050;Texto Search Descripción 2
EL3051;Texto Search Descripción 2
EL3052;Texto Search Descripción 2
EL3053;Texto Search Descripción 2
EL3054;Texto Search Descripción 2
EL3055;Texto Search Descripción 2
EL3056;Texto Search Descripción 2
EL3058;Texto Search Descripción 2
EL3059;Texto Search Descripción 2
EL3060;Texto Search Descripción 2
EL3061;Texto Search Descripción 2
EL3062;Texto Search Descripción 2
EL3062C;Texto Search Descripción 2
EL3063;Texto Search Descripción 2
EL3064;Texto Search Descripción 2
EL3065;Texto Search Descripción 2
EL3066;Texto Search Descripción 2
EL3067;Texto Search Descripción 2
EL3068;Texto Search Descripción 2
EL3069;Texto Search Descripción 2
EL3070;Texto Search Descripción 2
EL3071;Texto Search Descripción 2
EL3072;Texto Search Descripción 2
EL3073;Texto Search Descripción 2
EL3074;Texto Search Descripción 2
EL3075;Texto Search Descripción 2
EL3076;Texto Search Descripción 2
EL3077;Texto Search Descripción 2
EL3078;Texto Search Descripción 2
EL3079;Texto Search Descripción 2
EL3080;Texto Search Descripción 2
EL3081;Texto Search Descripción 2
EL3082;Texto Search Descripción 2
EL3083;Texto Search Descripción 2
EL3084;Texto Search Descripción 2
EL3085;Texto Search Descripción 2
EL3086;Texto Search Descripción 2
EL3087;Texto Search Descripción 2
EL3088;Texto Search Descripción 2
EL3089;Texto Search Descripción 2
EL3090;Texto Search Descripción 2
EL3091;Texto Search Descripción 2
EL3092;Texto Search Descripción 2
EL3093;Texto Search Descripción 2
EL3094;Texto Search Descripción 2
EL3095;Texto Search Descripción 2
EL3096;Texto Search Descripción 2
EL3097;Texto Search Descripción 2
EL3098;Texto Search Descripción 2
EL3099;Texto Search Descripción 2
EL3100;Texto Search Descripción 2
EL31000A;Texto Search Descripción 7
EL31001A;Texto Search Descripción 7
EL31002A;Texto Search Descripción 7
EL31003A;Texto Search Descripción 7
EL31004A;Texto Search Descripción 7
EL31005;Texto Search Descripción 7
EL31006A;Texto Search Descripción 7
EL31007A;Texto Search Descripción 7
EL31008A;Texto Search Descripción 7
EL31009A;Texto Search Descripción 7
EL3101;Texto Search Descripción 2
EL31010A;Texto Search Descripción 7
EL31011A;Texto Search Descripción 7
EL31012A;Texto Search Descripción 7
EL31013A;Texto Search Descripción 7
EL31014A;Texto Search Descripción 7
EL31015A;Texto Search Descripción 7
EL31016A;Texto Search Descripción 7
EL31017A;Texto Search Descripción 7
EL31018A;Texto Search Descripción 7
EL31019A;Texto Search Descripción 7
EL3102;Texto Search Descripción 2
EL31020A;Texto Search Descripción 7
EL31021A;Texto Search Descripción 7
EL31022A;Texto Search Descripción 7
EL31023A;Texto Search Descripción 7
EL31024A;Texto Search Descripción 7
EL31025A;Texto Search Descripción 7
EL31026A;Texto Search Descripción 7
EL31027A;Texto Search Descripción 7
EL31028A;Texto Search Descripción 7
EL31029A;Texto Search Descripción 7
EL3103;Texto Search Descripción 2
EL31030A;Texto Search Descripción 7
EL31031A;Texto Search Descripción 7
EL31032A;Texto Search Descripción 7
EL31033A;Texto Search Descripción 7
EL31034A;Texto Search Descripción 7
EL31035A;Texto Search Descripción 7
EL31036A;Texto Search Descripción 7
EL31037A;Texto Search Descripción 7
EL31038A;Texto Search Descripción 7
EL31039A;Texto Search Descripción 7
EL3104;Texto Search Descripción 2
EL31040A;Texto Search Descripción 7
EL31041A;Texto Search Descripción 7
EL31042A;Texto Search Descripción 7
EL31043A;Texto Search Descripción 7
EL31044A;Texto Search Descripción 7
EL31045A;Texto Search Descripción 7
EL31046A;Texto Search Descripción 7
EL31047A;Texto Search Descripción 7
EL31048A;Texto Search Descripción 7
EL31049A;Texto Search Descripción 7
EL3105;Texto Search Descripción 2
EL31050A;Texto Search Descripción 7
EL31051A;Texto Search Descripción 7
EL31052A;Texto Search Descripción 7
EL31053A;Texto Search Descripción 7
EL31054A;Texto Search Descripción 7
EL31055A;Texto Search Descripción 7
EL31056A;Texto Search Descripción 7
EL31057A;Texto Search Descripción 7
EL31058A;Texto Search Descripción 7
EL31059A;Texto Search Descripción 7
EL3106;Texto Search Descripción 2
EL31060A;Texto Search Descripción 7
EL31061A;Texto Search Descripción 7
EL31062A;Texto Search Descripción 7
EL31063A;Texto Search Descripción 7
EL31064A;Texto Search Descripción 7
EL31065A;Texto Search Descripción 7
EL31066A;Texto Search Descripción 7
EL31067A;Texto Search Descripción 7
EL31068A;Texto Search Descripción 7
EL31069A;Texto Search Descripción 7
EL3107;Texto Search Descripción 2
EL31070A;Texto Search Descripción 7
EL31071A;Texto Search Descripción 7
EL31072A;Texto Search Descripción 7
EL31073A;Texto Search Descripción 7
EL31074A;Texto Search Descripción 7
EL31075A;Texto Search Descripción 7
EL31076A;Texto Search Descripción 7
EL31077A;Texto Search Descripción 7
EL31078A;Texto Search Descripción 7
EL31079A;Texto Search Descripción 7
EL3108;Texto Search Descripción 2
EL31080A;Texto Search Descripción 7
EL31081A;Texto Search Descripción 7
EL31082A;Texto Search Descripción 7
EL31083A;Texto Search Descripción 7
EL31084A;Texto Search Descripción 7
EL31085A;Texto Search Descripción 7
EL31086A;Texto Search Descripción 7
EL31087;Texto Search Descripción 968
EL31088A;Texto Search Descripción 7
EL31089A;Texto Search Descripción 7
EL3109;Texto Search Descripción 2
EL31090A;Texto Search Descripción 7
EL3110;Texto Search Descripción 2
EL3111;Texto Search Descripción 2
EL3112;Texto Search Descripción 2
EL3113;Texto Search Descripción 2
EL3114;Texto Search Descripción 2
EL3115;Texto Search Descripción 2
EL3116;Texto Search Descripción 2
EL3117;Texto Search Descripción 2
EL3118;Texto Search Descripción 2
EL3119;Texto Search Descripción 2
EL3120;Texto Search Descripción 2
EL3121;Texto Search Descripción 2
EL3122;Texto Search Descripción 2
EL3123;Texto Search Descripción 2
EL3124;Texto Search Descripción 2
EL3125;Texto Search Descripción 2
EL3126;Texto Search Descripción 2
EL3127;Texto Search Descripción 2
EL3128;Texto Search Descripción 2
EL3129;Texto Search Descripción 2
EL3130;Texto Search Descripción 2
EL3131;Texto Search Descripción 2
EL3132;Texto Search Descripción 2
EL3134;Texto Search Descripción 2
EL3135;Texto Search Descripción 2
EL3136;Texto Search Descripción 2
EL3137;Texto Search Descripción 2
EL3138;Texto Search Descripción 2
EL3139;Texto Search Descripción 2
EL3140;Texto Search Descripción 2
EL3141;Texto Search Descripción 2
EL3142;Texto Search Descripción 2
EL3143;Texto Search Descripción 2
EL3144;Texto Search Descripción 2
EL3145;Texto Search Descripción 2
EL3146;Texto Search Descripción 2
EL3147;Texto Search Descripción 2
EL3148;Texto Search Descripción 2
EL3149;Texto Search Descripción 2
EL3150;Texto Search Descripción 2
EL3151;Texto Search Descripción 2
EL3152;Texto Search Descripción 2
EL3153;Texto Search Descripción 2
EL3154;Texto Search Descripción 2
EL3155;Texto Search Descripción 2
EL3156;Texto Search Descripción 2
EL3157;Texto Search Descripción 2
EL3158;Texto Search Descripción 2
EL3159;Texto Search Descripción 2
EL3160;Texto Search Descripción 2
EL3161;Texto Search Descripción 2
EL3162;Texto Search Descripción 2
EL3163;Texto Search Descripción 2
EL3164;Texto Search Descripción 2
EL3165;Texto Search Descripción 2
EL3166;Texto Search Descripción 2
EL3167;Texto Search Descripción 2
EL3168;Texto Search Descripción 2
EL3169;Texto Search Descripción 2
EL3170;Texto Search Descripción 2
EL3171;Texto Search Descripción 2
EL3172;Texto Search Descripción 2
EL3173;Texto Search Descripción 2
EL3174;Texto Search Descripción 2
EL3175;Texto Search Descripción 2
EL3176;Texto Search Descripción 2
EL3177;Texto Search Descripción 2
EL3178;Texto Search Descripción 2
EL3179;Texto Search Descripción 2
EL3180;Texto Search Descripción 2
EL3181;Texto Search Descripción 2
EL3182;Texto Search Descripción 2
EL3183;Texto Search Descripción 2
EL3184;Texto Search Descripción 2
EL3185;Texto Search Descripción 2
EL3186;Texto Search Descripción 2
EL3187;Texto Search Descripción 2
EL3188;Texto Search Descripción 2
EL3189;Texto Search Descripción 2
EL3190;Texto Search Descripción 2
EL3191;Texto Search Descripción 2
EL3192;Texto Search Descripción 2
EL3193;Texto Search Descripción 2
EL3194;Texto Search Descripción 2
EL3195;Texto Search Descripción 2
EL3196;Texto Search Descripción 2
EL3197;Texto Search Descripción 2
EL3198;Texto Search Descripción 2
EL3199;Texto Search Descripción 2
EL3200;Texto Search Descripción 2
EL3201;Texto Search Descripción 2
EL3202;Texto Search Descripción 2
EL3203;Texto Search Descripción 2
EL3204;Texto Search Descripción 2
EL3205;Texto Search Descripción 2
EL3206;Texto Search Descripción 2
EL3207;Texto Search Descripción 2
EL3208;Texto Search Descripción 2
EL3209;Texto Search Descripción 2
EL3210;Texto Search Descripción 2
EL3211;Texto Search Descripción 2
EL3212;Texto Search Descripción 2
EL3213;Texto Search Descripción 2
EL3214;Texto Search Descripción 2
EL3215;Texto Search Descripción 2
EL3216;Texto Search Descripción 2
EL3217;Texto Search Descripción 2
EL3218;Texto Search Descripción 2
EL3219;Texto Search Descripción 2
EL3220;Texto Search Descripción 2
EL3221;Texto Search Descripción 2
EL3222;Texto Search Descripción 2
EL3223;Texto Search Descripción 2
EL3224;Texto Search Descripción 2
EL3225;Texto Search Descripción 2
EL3226;Texto Search Descripción 2
EL3227;Texto Search Descripción 2
EL3228;Texto Search Descripción 2
EL3229;Texto Search Descripción 2
EL3230;Texto Search Descripción 2
EL3231;Texto Search Descripción 2
EL3232;Texto Search Descripción 2
EL3233;Texto Search Descripción 2
EL3234;Texto Search Descripción 2
EL3236;Texto Search Descripción 2
EL3237;Texto Search Descripción 2
EL3238;Texto Search Descripción 2
EL3239;Texto Search Descripción 2
EL3240;Texto Search Descripción 2
EL3241;Texto Search Descripción 2
EL3242;Texto Search Descripción 2
EL3243;Texto Search Descripción 2
EL3244;Texto Search Descripción 2
EL3246;Texto Search Descripción 2
EL3247;Texto Search Descripción 2
EL3248;Texto Search Descripción 2
EL3249;Texto Search Descripción 2
EL3250;Texto Search Descripción 2
EL3251;Texto Search Descripción 2
EL3252;Texto Search Descripción 2
EL3253;Texto Search Descripción 2
EL3254;Texto Search Descripción 2
EL3255;Texto Search Descripción 2
EL3256;Texto Search Descripción 2
EL3257;Texto Search Descripción 2
EL3258;Texto Search Descripción 2
EL3259;Texto Search Descripción 2
EL3260;Texto Search Descripción 2
EL3261;Texto Search Descripción 2
EL3262;Texto Search Descripción 2
EL3263;Texto Search Descripción 2
EL3264;Texto Search Descripción 2
EL3265;Texto Search Descripción 2
EL3266;Texto Search Descripción 2
EL3269;Texto Search Descripción 2
EL3270;Texto Search Descripción 2
EL3271;Texto Search Descripción 2
EL3272;Texto Search Descripción 2
EL3273;Texto Search Descripción 2
EL3274;Texto Search Descripción 2
EL3275;Texto Search Descripción 2
EL3276;Texto Search Descripción 2
EL3277;Texto Search Descripción 2
EL3278;Texto Search Descripción 2
EL3279;Texto Search Descripción 2
EL3280;Texto Search Descripción 2
EL3281;Texto Search Descripción 2
EL3282;Texto Search Descripción 2
EL3283;Texto Search Descripción 2
EL3284;Texto Search Descripción 2
EL3285;Texto Search Descripción 2
EL3286;Texto Search Descripción 2
EL3287;Texto Search Descripción 2
EL3288;Texto Search Descripción 2
EL3289;Texto Search Descripción 2
EL3290;Texto Search Descripción 2
EL3291;Texto Search Descripción 2
EL3292;Texto Search Descripción 2
EL3293;Texto Search Descripción 2
EL3294;Texto Search Descripción 2
EL3295;Texto Search Descripción 2
EL3296;Texto Search Descripción 2
EL3297;Texto Search Descripción 2
EL3298;Texto Search Descripción 2
EL3299;Texto Search Descripción 2
EL3300;Texto Search Descripción 2
EL3301;Texto Search Descripción 2
EL3302;Texto Search Descripción 2
EL3303;Texto Search Descripción 2
EL3304;Texto Search Descripción 2
EL3305;Texto Search Descripción 2
EL3306;Texto Search Descripción 2
EL3307;Texto Search Descripción 2
EL3308;Texto Search Descripción 2
EL3309;Texto Search Descripción 2
EL3310;Texto Search Descripción 2
EL3311;Texto Search Descripción 2
EL3312;Texto Search Descripción 2
EL3313;Texto Search Descripción 2
EL3314;Texto Search Descripción 2
EL3315;Texto Search Descripción 2
EL3316;Texto Search Descripción 2
EL3317;Texto Search Descripción 2
EL3318;Texto Search Descripción 2
EL3319;Texto Search Descripción 2
EL3320;Texto Search Descripción 2
EL3321;Texto Search Descripción 2
EL3322;Texto Search Descripción 2
EL3323;Texto Search Descripción 2
EL3324;Texto Search Descripción 2
EL3325;Texto Search Descripción 2
EL3326;Texto Search Descripción 2
EL3327;Texto Search Descripción 2
EL3328;Texto Search Descripción 2
EL3329;Texto Search Descripción 2
EL3330;Texto Search Descripción 2
EL3331;Texto Search Descripción 2
EL3332;Texto Search Descripción 2
EL3333C;Texto Search Descripción 2
EL3334;Texto Search Descripción 2
EL3335;Texto Search Descripción 2
EL3336;Texto Search Descripción 2
EL3337;Texto Search Descripción 2
EL3338;Texto Search Descripción 2
EL3339;Texto Search Descripción 2
EL3340;Texto Search Descripción 2
EL3341;Texto Search Descripción 2
EL3342;Texto Search Descripción 2
EL3343;Texto Search Descripción 2
EL3344;Texto Search Descripción 2
EL3345C;Texto Search Descripción 2
EL3346;Texto Search Descripción 2
EL3346C;Texto Search Descripción 2
EL3347;Texto Search Descripción 2
EL3348;Texto Search Descripción 2
EL3349;Texto Search Descripción 2
EL3350;Texto Search Descripción 2
EL3351;Texto Search Descripción 2
EL3352;Texto Search Descripción 2
EL3353;Texto Search Descripción 2
EL3354;Texto Search Descripción 2
EL3355;Texto Search Descripción 2
EL3356;Texto Search Descripción 2
EL3357;Texto Search Descripción 2
EL3358;Texto Search Descripción 2
EL3359;Texto Search Descripción 2
EL3360;Texto Search Descripción 2
EL3361;Texto Search Descripción 2
EL3362;Texto Search Descripción 2
EL3363;Texto Search Descripción 2
EL3364;Texto Search Descripción 2
EL3365;Texto Search Descripción 2
EL3366;Texto Search Descripción 2
EL3367;Texto Search Descripción 2
EL3368;Texto Search Descripción 2
EL3369;Texto Search Descripción 2
EL3370;Texto Search Descripción 2
EL3371;Texto Search Descripción 2
EL3372;Texto Search Descripción 2
EL3373;Texto Search Descripción 2
EL3374;Texto Search Descripción 2
EL3375;Texto Search Descripción 2
EL3376;Texto Search Descripción 2
EL3377;Texto Search Descripción 2
EL3378;Texto Search Descripción 2
EL3379;Texto Search Descripción 2
EL3380;Texto Search Descripción 2
EL3381;Texto Search Descripción 2
EL3382;Texto Search Descripción 2
EL3383;Texto Search Descripción 2
EL3384;Texto Search Descripción 2
EL3385;Texto Search Descripción 2
EL3386;Texto Search Descripción 2
EL3387;Texto Search Descripción 2
EL3388;Texto Search Descripción 2
EL3389;Texto Search Descripción 2
EL3390;Texto Search Descripción 2
EL3391;Texto Search Descripción 2
EL3392;Texto Search Descripción 2
EL3393;Texto Search Descripción 2
EL3394;Texto Search Descripción 2
EL3395;Texto Search Descripción 2
EL3396;Texto Search Descripción 2
EL3397;Texto Search Descripción 2
EL3398;Texto Search Descripción 2
EL3399;Texto Search Descripción 2
EL3400;Texto Search Descripción 2
EL3401;Texto Search Descripción 2
EL3402;Texto Search Descripción 2
EL3403;Texto Search Descripción 2
EL3408;Texto Search Descripción 2
EL3409;Texto Search Descripción 2
EL3410;Texto Search Descripción 2
EL3411;Texto Search Descripción 2
EL3412;Texto Search Descripción 2
EL3413;Texto Search Descripción 2
EL3414;Texto Search Descripción 2
EL3415;Texto Search Descripción 2
EL3416;Texto Search Descripción 2
EL3417;Texto Search Descripción 2
EL3418;Texto Search Descripción 2
EL3419;Texto Search Descripción 2
EL3420;Texto Search Descripción 2
EL3421;Texto Search Descripción 2
EL3422;Texto Search Descripción 2
EL3423;Texto Search Descripción 2
EL3424;Texto Search Descripción 2
EL3425;Texto Search Descripción 2
EL3426;Texto Search Descripción 2
EL3427;Texto Search Descripción 2
EL3427C;Texto Search Descripción 2
EL3428;Texto Search Descripción 2
EL3429;Texto Search Descripción 2
EL3430;Texto Search Descripción 1
EL3431;Texto Search Descripción 2
EL3432;Texto Search Descripción 2
EL3433;Texto Search Descripción 2
EL3434;Texto Search Descripción 2
EL3435;Texto Search Descripción 2
EL3436;Texto Search Descripción 2
EL3437;Texto Search Descripción 2
EL3438;Texto Search Descripción 2
EL3439;Texto Search Descripción 2
EL3440;Texto Search Descripción 2
EL3441;Texto Search Descripción 2
EL3442;Texto Search Descripción 2
EL3443;Texto Search Descripción 2
EL3444;Texto Search Descripción 2
EL3445;Texto Search Descripción 2
EL3446;Texto Search Descripción 29
EL3447;Texto Search Descripción 29
EL3448;Texto Search Descripción 29
EL3449;Texto Search Descripción 29
EL3450;Texto Search Descripción 2
EL3451;Texto Search Descripción 7
EL3452;Texto Search Descripción 29
EL3453;Texto Search Descripción 29
EL3454;Texto Search Descripción 29
EL3455;Texto Search Descripción 29
EL3456;Texto Search Descripción 29
EL3457;Texto Search Descripción 29
EL3458;Texto Search Descripción 29
EL3459;Texto Search Descripción 29
EL3460;Texto Search Descripción 7
EL3461;Texto Search Descripción 29
EL3462;Texto Search Descripción 2
EL3463;Texto Search Descripción 2
EL3464;Texto Search Descripción 2
EL3465;Texto Search Descripción 2
EL3466;Texto Search Descripción 2
EL3467;Texto Search Descripción 2
EL3468;Texto Search Descripción 2
EL3469;Texto Search Descripción 2
EL3470;Texto Search Descripción 2
EL3471;Texto Search Descripción 2
EL3472;Texto Search Descripción 2
EL3473;Texto Search Descripción 2
EL3474;Texto Search Descripción 2
EL3475;Texto Search Descripción 2
EL3476;Texto Search Descripción 2
EL3477;Texto Search Descripción 2
EL3478;Texto Search Descripción 2
EL3479;Texto Search Descripción 2
EL3480;Texto Search Descripción 2
EL3481;Texto Search Descripción 2
EL3482;Texto Search Descripción 2
EL3483;Texto Search Descripción 2
EL3484;Texto Search Descripción 2
EL3485;Texto Search Descripción 2
EL3486;Texto Search Descripción 2
EL3487;Texto Search Descripción 2
EL3488;Texto Search Descripción 2
EL3489;Texto Search Descripción 2
EL3490;Texto Search Descripción 2
EL3491;Texto Search Descripción 2
EL3492;Texto Search Descripción 2
EL3493;Texto Search Descripción 2
EL3494;Texto Search Descripción 2
EL3495;Texto Search Descripción 2
EL3496;Texto Search Descripción 2
EL3497;Texto Search Descripción 2
EL3498;Texto Search Descripción 2
EL3499;Texto Search Descripción 2
EL3500;Texto Search Descripción 2
EL3501;Texto Search Descripción 2
EL3502;Texto Search Descripción 2
EL3503;Texto Search Descripción 2
EL3504;Texto Search Descripción 2
EL3505;Texto Search Descripción 2
EL3506;Texto Search Descripción 2
EL3507;Texto Search Descripción 2
EL3508;Texto Search Descripción 2
EL3509;Texto Search Descripción 2
EL3510;Texto Search Descripción 2
EL3511;Texto Search Descripción 2
EL3511C;Texto Search Descripción 2
EL3512;Texto Search Descripción 2
EL3513;Texto Search Descripción 2
EL3514;Texto Search Descripción 2
EL3515;Texto Search Descripción 2
EL3516;Texto Search Descripción 2
EL3517;Texto Search Descripción 2
EL3518;Texto Search Descripción 2
EL3519;Texto Search Descripción 2
EL3520;Texto Search Descripción 2
EL3521;Texto Search Descripción 2
EL3522;Texto Search Descripción 2
EL3523;Texto Search Descripción 2
EL3524;Texto Search Descripción 2
EL3525;Texto Search Descripción 2
EL3526;Texto Search Descripción 2
EL3527;Texto Search Descripción 2
EL3528;Texto Search Descripción 2
EL3529;Texto Search Descripción 2
EL3530;Texto Search Descripción 2
EL3531;Texto Search Descripción 2
EL3532C;Texto Search Descripción 2
EL3533C;Texto Search Descripción 2
EL3534;Texto Search Descripción 2
EL3535;Texto Search Descripción 2
EL3536;Texto Search Descripción 2
EL3537;Texto Search Descripción 2
EL3538;Texto Search Descripción 2
EL3539;Texto Search Descripción 2
EL3540C;Texto Search Descripción 2
EL3541;Texto Search Descripción 2
EL3542;Texto Search Descripción 2
EL3543;Texto Search Descripción 2
EL3544;Texto Search Descripción 2
EL3545;Texto Search Descripción 2
EL3546;Texto Search Descripción 2
EL3547;Texto Search Descripción 2
EL3548C;Texto Search Descripción 2
EL3549;Texto Search Descripción 2
EL3550;Texto Search Descripción 2
EL3551;Texto Search Descripción 2
EL3552C;Texto Search Descripción 2
EL3553;Texto Search Descripción 2
EL3554;Texto Search Descripción 2
EL3555;Texto Search Descripción 2
EL3556;Texto Search Descripción 2
EL3557;Texto Search Descripción 2
EL3558;Texto Search Descripción 2
EL3559;Texto Search Descripción 2
EL3560;Texto Search Descripción 2
EL3561;Texto Search Descripción 2
EL3562;Texto Search Descripción 2
EL3563;Texto Search Descripción 2
EL3564;Texto Search Descripción 2
EL3565;Texto Search Descripción 2
EL3566;Texto Search Descripción 2
EL3567;Texto Search Descripción 2
EL3568;Texto Search Descripción 2
EL3569;Texto Search Descripción 2
EL3570;Texto Search Descripción 15
EL3571;Texto Search Descripción 15
EL3572;Texto Search Descripción 1
EL3573;Texto Search Descripción 15
EL3574;Texto Search Descripción 7
EL3575;Texto Search Descripción 7
EL3576;Texto Search Descripción 15
EL3577;Texto Search Descripción 15
EL3578;Texto Search Descripción 15
EL3579;Texto Search Descripción 15
EL3580;Texto Search Descripción 15
EL3581;Texto Search Descripción 15
EL3582;Texto Search Descripción 7
EL3583;Texto Search Descripción 15
EL3584;Texto Search Descripción 15
EL3585;Texto Search Descripción 15
EL3586;Texto Search Descripción 15
EL3587;Texto Search Descripción 15
EL3588;Texto Search Descripción 15
EL3589;Texto Search Descripción 15
EL3590;Texto Search Descripción 7
EL3591;Texto Search Descripción 15
EL3592;Texto Search Descripción 15
EL3593;Texto Search Descripción 7
EL3594;Texto Search Descripción 15
EL3595;Texto Search Descripción 15
EL3596;Texto Search Descripción 15
EL3597;Texto Search Descripción 15
EL3598;Texto Search Descripción 15
EL3599;Texto Search Descripción 15
EL3601;Texto Search Descripción 15
EL3602;Texto Search Descripción 7
EL3604;Texto Search Descripción 15
EL3605;Texto Search Descripción 15
EL3606;Texto Search Descripción 15
EL3607;Texto Search Descripción 15
EL3608;Texto Search Descripción 15
EL3609;Texto Search Descripción 15
EL3610;Texto Search Descripción 15
EL3611;Texto Search Descripción 15
EL3612;Texto Search Descripción 15
EL3613;Texto Search Descripción 15
EL3614;Texto Search Descripción 15
EL3615;Texto Search Descripción 15
EL3616;Texto Search Descripción 15
EL3617;Texto Search Descripción 15
EL3618;Texto Search Descripción 15
EL3619;Texto Search Descripción 15
EL3620;Texto Search Descripción 15
EL3621;Texto Search Descripción 15
EL3622;Texto Search Descripción 15
EL3623;Texto Search Descripción 15
EL3624;Texto Search Descripción 15
EL3625;Texto Search Descripción 15
EL3626;Texto Search Descripción 15
EL3627;Texto Search Descripción 15
EL3628;Texto Search Descripción 15
EL3629;Texto Search Descripción 15
EL3630;Texto Search Descripción 15
EL3631;Texto Search Descripción 15
EL3632;Texto Search Descripción 15
EL3633;Texto Search Descripción 15
EL3635;Texto Search Descripción 15
EL3636;Texto Search Descripción 15
EL3637;Texto Search Descripción 15
EL3638;Texto Search Descripción 15
EL3639;Texto Search Descripción 15
EL3640;Texto Search Descripción 15
EL3641;Texto Search Descripción 15
EL3642;Texto Search Descripción 15
EL3643;Texto Search Descripción 5
EL3644;Texto Search Descripción 959
EL3645;Texto Search Descripción 960
EL3646C;Texto Search Descripción 15
EL3647C;Texto Search Descripción 15
EL3648C;Texto Search Descripción 15
EL3649;Texto Search Descripción 15
EL3650;Texto Search Descripción 7
EL3651;Texto Search Descripción 15
EL3652;Texto Search Descripción 15
EL3653;Texto Search Descripción 15
EL3654;Texto Search Descripción 15
EL3655;Texto Search Descripción 15
EL3656;Texto Search Descripción 15
EL3657;Texto Search Descripción 15
EL3658;Texto Search Descripción 15
EL3659;Texto Search Descripción 15
EL3660;Texto Search Descripción 15
EL3661;Texto Search Descripción 15
EL3662;Texto Search Descripción 15
EL3663;Texto Search Descripción 15
EL3664;Texto Search Descripción 15
EL3665;Texto Search Descripción 15
EL3666;Texto Search Descripción 15
EL3667;Texto Search Descripción 15
EL3668;Texto Search Descripción 15
EL3669;Texto Search Descripción 15
EL3670;Texto Search Descripción 15
EL3671;Texto Search Descripción 15
EL3672;Texto Search Descripción 15
EL3673;Texto Search Descripción 15
EL3674;Texto Search Descripción 15
EL3675;Texto Search Descripción 15
EL3676;Texto Search Descripción 15
EL3677;Texto Search Descripción 15
EL3678;Texto Search Descripción 15
EL3679;Texto Search Descripción 15
EL3680;Texto Search Descripción 15
EL3681;Texto Search Descripción 15
EL3682;Texto Search Descripción 15
EL3683;Texto Search Descripción 15
EL3684;Texto Search Descripción 15
EL3685;Texto Search Descripción 15
EL3686;Texto Search Descripción 15
EL3687;Texto Search Descripción 15
EL3688;Texto Search Descripción 15
EL3689;Texto Search Descripción 15
EL3690;Texto Search Descripción 15
EL3691;Texto Search Descripción 15
EL3692;Texto Search Descripción 15
EL3693;Texto Search Descripción 15
EL3694;Texto Search Descripción 15
EL3695;Texto Search Descripción 15
EL3696;Texto Search Descripción 15
EL3697;Texto Search Descripción 15
EL3698;Texto Search Descripción 15
EL3699;Texto Search Descripción 15
EL3700;Texto Search Descripción 15
EL3701;Texto Search Descripción 15
EL3702;Texto Search Descripción 15
EL3703;Texto Search Descripción 15
EL3704;Texto Search Descripción 15
EL3705;Texto Search Descripción 15
EL3706;Texto Search Descripción 15
EL3707;Texto Search Descripción 1750
EL3708;Texto Search Descripción 15
EL3709;Texto Search Descripción 15
EL3710;Texto Search Descripción 15
EL3711;Texto Search Descripción 15
EL3712;Texto Search Descripción 15
EL3713;Texto Search Descripción 15
EL3714;Texto Search Descripción 15
EL3715;Texto Search Descripción 15
EL3716;Texto Search Descripción 15
EL3717;Texto Search Descripción 15
EL3718;Texto Search Descripción 15
EL3719;Texto Search Descripción 15
EL3720;Texto Search Descripción 15
EL3721;Texto Search Descripción 15
EL3722;Texto Search Descripción 15
EL3723;Texto Search Descripción 15
EL3724;Texto Search Descripción 15
EL3725;Texto Search Descripción 15
EL3726;Texto Search Descripción 15
EL3727;Texto Search Descripción 15
EL3728;Texto Search Descripción 15
EL3729;Texto Search Descripción 15
EL3730;Texto Search Descripción 15
EL3731;Texto Search Descripción 15
EL3732;Texto Search Descripción 15
EL3733;Texto Search Descripción 15
EL3734;Texto Search Descripción 15
EL3735;Texto Search Descripción 15
EL3737;Texto Search Descripción 15
EL3738;Texto Search Descripción 15
EL3739;Texto Search Descripción 15
EL3740;Texto Search Descripción 15
EL3741;Texto Search Descripción 15
EL3742;Texto Search Descripción 15
EL3743;Texto Search Descripción 15
EL3744;Texto Search Descripción 15
EL3745;Texto Search Descripción 15
EL3746;Texto Search Descripción 15
EL3747;Texto Search Descripción 15
EL3748;Texto Search Descripción 15
EL3749;Texto Search Descripción 15
EL3750;Texto Search Descripción 15
EL3751;Texto Search Descripción 15
EL3752;Texto Search Descripción 15
EL3753;Texto Search Descripción 15
EL3754;Texto Search Descripción 15
EL3755;Texto Search Descripción 15
EL3756;Texto Search Descripción 15
EL3757;Texto Search Descripción 15
EL3758;Texto Search Descripción 15
EL3759;Texto Search Descripción 15
EL3760;Texto Search Descripción 15
EL3761;Texto Search Descripción 15
EL3762;Texto Search Descripción 15
EL3763;Texto Search Descripción 15
EL3764;Texto Search Descripción 15
EL3765;Texto Search Descripción 15
EL3766;Texto Search Descripción 15
EL3767;Texto Search Descripción 15
EL3768;Texto Search Descripción 15
EL3769;Texto Search Descripción 15
EL3770;Texto Search Descripción 15
EL3771;Texto Search Descripción 15
EL3772;Texto Search Descripción 15
EL3773;Texto Search Descripción 15
EL3774;Texto Search Descripción 15
EL3775;Texto Search Descripción 15
EL3776;Texto Search Descripción 15
EL3777;Texto Search Descripción 15
EL3778;Texto Search Descripción 15
EL3779;Texto Search Descripción 15
EL3781;Texto Search Descripción 15
EL3782;Texto Search Descripción 15
EL3783;Texto Search Descripción 15
EL3784;Texto Search Descripción 15
EL3785;Texto Search Descripción 15
EL3786;Texto Search Descripción 15
EL3787;Texto Search Descripción 15
EL3788;Texto Search Descripción 15
EL3789;Texto Search Descripción 15
EL3790;Texto Search Descripción 15
EL3791;Texto Search Descripción 15
EL3792;Texto Search Descripción 15
EL3793;Texto Search Descripción 15
EL3794;Texto Search Descripción 15
EL3795;Texto Search Descripción 15
EL3796;Texto Search Descripción 15
EL3797;Texto Search Descripción 15
EL3798;Texto Search Descripción 15
EL3799;Texto Search Descripción 15
EL3800;Texto Search Descripción 15
EL3801;Texto Search Descripción 15
EL3802;Texto Search Descripción 15
EL3804;Texto Search Descripción 15
EL3807;Texto Search Descripción 15
EL3810;Texto Search Descripción 15
EL3811;Texto Search Descripción 15
EL3812;Texto Search Descripción 15
EL3813;Texto Search Descripción 15
EL3814;Texto Search Descripción 15
EL3818;Texto Search Descripción 15
EL3819;Texto Search Descripción 15
EL3820;Texto Search Descripción 15
EL3821;Texto Search Descripción 15
EL3822;Texto Search Descripción 15
EL3823;Texto Search Descripción 15
EL3824;Texto Search Descripción 15
EL3825;Texto Search Descripción 15
EL3826;Texto Search Descripción 15
EL3828;Texto Search Descripción 15
EL3829;Texto Search Descripción 15
EL3835;Texto Search Descripción 15
EL3838;Texto Search Descripción 15
EL3839;Texto Search Descripción 15
EL3840;Texto Search Descripción 15
EL3841;Texto Search Descripción 15
EL3842;Texto Search Descripción 15
EL3843;Texto Search Descripción 15
EL3844;Texto Search Descripción 15
EL3845;Texto Search Descripción 15
EL3846;Texto Search Descripción 15
EL3847;Texto Search Descripción 15
EL3851;Texto Search Descripción 15
EL3852;Texto Search Descripción 15
EL3853;Texto Search Descripción 15
EL3854;Texto Search Descripción 15
EL3855;Texto Search Descripción 15
EL3857;Texto Search Descripción 15
EL3858;Texto Search Descripción 15
EL3859;Texto Search Descripción 15
EL3860;Texto Search Descripción 15
EL3861;Texto Search Descripción 15
EL3862;Texto Search Descripción 15
EL3863;Texto Search Descripción 15
EL3864;Texto Search Descripción 15
EL3865;Texto Search Descripción 15
EL3866;Texto Search Descripción 15
EL3867A;Texto Search Descripción 7
EL3868;Texto Search Descripción 968
EL3869;Texto Search Descripción 7
EL3870;Texto Search Descripción 7
EL3871;Texto Search Descripción 7
EL3872;Texto Search Descripción 7
EL3873;Texto Search Descripción 7
EL3874;Texto Search Descripción 7
EL3875;Texto Search Descripción 7
EL3876;Texto Search Descripción 7
EL3877;Texto Search Descripción 7
EL3878;Texto Search Descripción 7
EL3879;Texto Search Descripción 7
EL3880;Texto Search Descripción 7
EL3881;Texto Search Descripción 7
EL3882;Texto Search Descripción 7
EL3883;Texto Search Descripción 7
EL3884;Texto Search Descripción 7
EL3885;Texto Search Descripción 7
EL3886;Texto Search Descripción 7
EL3887;Texto Search Descripción 7
EL3888A;Texto Search Descripción 7
EL3889A;Texto Search Descripción 7
EL3890A;Texto Search Descripción 7
EL3891A;Texto Search Descripción 7
EL3892A;Texto Search Descripción 7
EL3893A;Texto Search Descripción 7
EL3894A;Texto Search Descripción 7
EL3895A;Texto Search Descripción 7
EL3896A;Texto Search Descripción 7
EL3897A;Texto Search Descripción 7
EL3898A;Texto Search Descripción 7
EL3899A;Texto Search Descripción 7
EL3900A;Texto Search Descripción 7
EL3901A;Texto Search Descripción 7
EL3902A;Texto Search Descripción 7
EL3903A;Texto Search Descripción 7
EL3904A;Texto Search Descripción 7
EL3905A;Texto Search Descripción 7
EL3906A;Texto Search Descripción 7
EL3907A;Texto Search Descripción 7
EL3908A;Texto Search Descripción 7
EL3909A;Texto Search Descripción 7
EL3910A;Texto Search Descripción 7
EL3911A;Texto Search Descripción 7
EL3912A;Texto Search Descripción 7
EL3913A;Texto Search Descripción 7
EL3914A;Texto Search Descripción 7
EL3915A;Texto Search Descripción 7
EL3916A;Texto Search Descripción 7
EL3917A;Texto Search Descripción 7
EL3918A;Texto Search Descripción 7
EL3919A;Texto Search Descripción 7
EL3920A;Texto Search Descripción 7
EL3921A;Texto Search Descripción 7
EL3922A;Texto Search Descripción 7
EL3923A;Texto Search Descripción 7
EL3924A;Texto Search Descripción 7
EL3925A;Texto Search Descripción 7
EL3926A;Texto Search Descripción 7
EL3927A;Texto Search Descripción 7
EL3928A;Texto Search Descripción 7
EL3929A;Texto Search Descripción 7
EL3930A;Texto Search Descripción 7
EL3931A;Texto Search Descripción 7
EL3932A;Texto Search Descripción 7
EL3933A;Texto Search Descripción 7
EL3934A;Texto Search Descripción 7
EL3935A;Texto Search Descripción 7
EL3936A;Texto Search Descripción 7
EL3937A;Texto Search Descripción 7
EL3938A;Texto Search Descripción 7
EL3939A;Texto Search Descripción 1
EL3940A;Texto Search Descripción 7
EL3941A;Texto Search Descripción 7
EL3942A;Texto Search Descripción 7
EL3943A;Texto Search Descripción 7
EL3944A;Texto Search Descripción 7
EL3945A;Texto Search Descripción 7
EL3946A;Texto Search Descripción 7
EL3947A;Texto Search Descripción 7
EL3948A;Texto Search Descripción 7
EL3949A;Texto Search Descripción 7
EL3950A;Texto Search Descripción 7
EL3951A;Texto Search Descripción 7
EL3952A;Texto Search Descripción 7
EL3953A;Texto Search Descripción 7
EL3954A;Texto Search Descripción 7
EL3955A;Texto Search Descripción 7
EL3956A;Texto Search Descripción 7
EL3957A;Texto Search Descripción 7
EL3958A;Texto Search Descripción 7
EL3959A;Texto Search Descripción 7
EL3960A;Texto Search Descripción 7
EL3961A;Texto Search Descripción 7
EL3962A;Texto Search Descripción 7
EL3963A;Texto Search Descripción 7
EL3964A;Texto Search Descripción 7
EL3965A;Texto Search Descripción 7
EL3966A;Texto Search Descripción 7
EL3967A;Texto Search Descripción 1
EL3968A;Texto Search Descripción 7
EL3969A;Texto Search Descripción 7
EL3970A;Texto Search Descripción 7
EL3971A;Texto Search Descripción 7
EL3972A;Texto Search Descripción 7
EL3973A;Texto Search Descripción 1
EL3974A;Texto Search Descripción 7
EL3975A;Texto Search Descripción 7
EL3976A;Texto Search Descripción 7
EL3977A;Texto Search Descripción 7
EL3978A;Texto Search Descripción 7
EL3979A;Texto Search Descripción 7
EL3980A;Texto Search Descripción 7
EL3981A;Texto Search Descripción 7
EL3982A;Texto Search Descripción 7
EL3983A;Texto Search Descripción 7
EL3984A;Texto Search Descripción 7
EL3985A;Texto Search Descripción 7
EL3986A;Texto Search Descripción 7
EL3987A;Texto Search Descripción 7
EL3988A;Texto Search Descripción 7
EL3989A;Texto Search Descripción 7
EL3990A;Texto Search Descripción 7
EL3991A;Texto Search Descripción 7
EL3992A;Texto Search Descripción 7
EL3993A;Texto Search Descripción 7
EL3994A;Texto Search Descripción 7
EL3995A;Texto Search Descripción 7
EL3996A;Texto Search Descripción 7
EL3997A;Texto Search Descripción 7
EL3998A;Texto Search Descripción 7
EL3999A;Texto Search Descripción 7
EL4001;Texto Search Descripción 1
EL4002;Texto Search Descripción 2
EL4003;Texto Search Descripción 1
EL4004;Texto Search Descripción 2
EL4005;Texto Search Descripción 1
EL4006;Texto Search Descripción 1
EL4007;Texto Search Descripción 1
EL4008;Texto Search Descripción 1
EL4009;Texto Search Descripción 1
EL4010;Texto Search Descripción 2
EL4011;Texto Search Descripción 1
EL4012;Texto Search Descripción 1
EL4013;Texto Search Descripción 1
EL4014;Texto Search Descripción 2
EL4015;Texto Search Descripción 1
EL4016;Texto Search Descripción 1
EL4017;Texto Search Descripción 1
EL4018;Texto Search Descripción 2
EL4019;Texto Search Descripción 1
EL4020;Texto Search Descripción 1
EL4021;Texto Search Descripción 2
EL4022;Texto Search Descripción 2
EL4023;Texto Search Descripción 1
EL4024;Texto Search Descripción 1
EL4025;Texto Search Descripción 1
EL4026;Texto Search Descripción 1
EL4027;Texto Search Descripción 1
EL4028;Texto Search Descripción 1
EL4029;Texto Search Descripción 1
EL4030;Texto Search Descripción 1
EL4031;Texto Search Descripción 1
EL4032;Texto Search Descripción 1
EL4033;Texto Search Descripción 1
EL4034;Texto Search Descripción 1
EL4035;Texto Search Descripción 1
EL4036;Texto Search Descripción 1
EL4037;Texto Search Descripción 2
EL4038;Texto Search Descripción 2
EL4039;Texto Search Descripción 1
EL4040;Texto Search Descripción 1
EL4041;Texto Search Descripción 1
EL4042;Texto Search Descripción 1
EL4043;Texto Search Descripción 1
EL4044;Texto Search Descripción 1
EL4045;Texto Search Descripción 1
EL4046;Texto Search Descripción 1
EL4047;Texto Search Descripción 1
EL4048;Texto Search Descripción 1
EL4049;Texto Search Descripción 1
EL4050;Texto Search Descripción 1
EL4051;Texto Search Descripción 1
EL4052;Texto Search Descripción 1
EL4053;Texto Search Descripción 1
EL4054;Texto Search Descripción 1
EL4055;Texto Search Descripción 1
EL4056;Texto Search Descripción 1
EL4057;Texto Search Descripción 1
EL4058;Texto Search Descripción 1
EL4059;Texto Search Descripción 1
EL4060;Texto Search Descripción 1
EL4061;Texto Search Descripción 1
EL4062;Texto Search Descripción 1
EL4063;Texto Search Descripción 1
EL4064;Texto Search Descripción 1
EL4065;Texto Search Descripción 1
EL4066;Texto Search Descripción 1
EL4067;Texto Search Descripción 2
EL4068;Texto Search Descripción 1
EL4069;Texto Search Descripción 1
EL4070;Texto Search Descripción 2
EL4071;Texto Search Descripción 1
EL4072;Texto Search Descripción 2
EL4073;Texto Search Descripción 1
EL4074;Texto Search Descripción 1
EL4075;Texto Search Descripción 1
EL4076;Texto Search Descripción 1
EL4077;Texto Search Descripción 1
EL4078;Texto Search Descripción 1
EL4079;Texto Search Descripción 1
EL4080;Texto Search Descripción 1
EL4081;Texto Search Descripción 1
EL4082;Texto Search Descripción 1
EL4083;Texto Search Descripción 1
EL4084;Texto Search Descripción 1
EL4085;Texto Search Descripción 1
EL4086;Texto Search Descripción 1
EL4087;Texto Search Descripción 1
EL4088;Texto Search Descripción 1
EL4089;Texto Search Descripción 1
EL4090;Texto Search Descripción 1
EL4091;Texto Search Descripción 1
EL4092;Texto Search Descripción 1
EL4093;Texto Search Descripción 1
EL4094;Texto Search Descripción 1
EL4095;Texto Search Descripción 1
EL4096;Texto Search Descripción 1
EL4097;Texto Search Descripción 1
EL4098;Texto Search Descripción 1
EL4099;Texto Search Descripción 1
EL4100;Texto Search Descripción 1
EL41000;Texto Search Descripción 1
EL41001;Texto Search Descripción 1
EL41002;Texto Search Descripción 1
EL41003;Texto Search Descripción 972
EL41004;Texto Search Descripción 880
EL41005;Texto Search Descripción 1
EL41006;Texto Search Descripción 973
EL41007;Texto Search Descripción 974
EL41008;Texto Search Descripción 1
EL41009;Texto Search Descripción 1
EL4101;Texto Search Descripción 1
EL41010;Texto Search Descripción 1
EL41011;Texto Search Descripción 1
EL41012;Texto Search Descripción 1
EL41013;Texto Search Descripción 1
EL41014;Texto Search Descripción 1
EL41015;Texto Search Descripción 1
EL41016;Texto Search Descripción 1
EL41017;Texto Search Descripción 1
EL41018;Texto Search Descripción 1
EL41019;Texto Search Descripción 1
EL4102;Texto Search Descripción 1
EL41020;Texto Search Descripción 1
EL41021;Texto Search Descripción 1
EL41022;Texto Search Descripción 1
EL41023;Texto Search Descripción 976
EL41024;Texto Search Descripción 1
EL41025;Texto Search Descripción 1
EL41026;Texto Search Descripción 1
EL41027;Texto Search Descripción 1
EL41029;Texto Search Descripción 1
EL4103;Texto Search Descripción 1
EL41030;Texto Search Descripción 1
EL41031;Texto Search Descripción 1
EL41032;Texto Search Descripción 882
EL41033;Texto Search Descripción 1
EL41034;Texto Search Descripción 1
EL41035;Texto Search Descripción 1
EL41036C;Texto Search Descripción 1
EL41037C;Texto Search Descripción 1
EL41038;Texto Search Descripción 1
EL41039C;Texto Search Descripción 1
EL4104;Texto Search Descripción 1
EL41040C;Texto Search Descripción 1
EL41041C;Texto Search Descripción 1
EL41042C;Texto Search Descripción 1
EL41043;Texto Search Descripción 1
EL41044;Texto Search Descripción 1
EL41045C;Texto Search Descripción 1
EL41046;Texto Search Descripción 1
EL41048C;Texto Search Descripción 1
EL41049C;Texto Search Descripción 1
EL4105;Texto Search Descripción 1
EL41050C;Texto Search Descripción 978
EL41051C;Texto Search Descripción 1
EL41052C;Texto Search Descripción 1
EL41053C;Texto Search Descripción 1
EL41054C;Texto Search Descripción 1
EL41055C;Texto Search Descripción 1
EL41056C;Texto Search Descripción 1
EL41057C;Texto Search Descripción 980
EL41058C;Texto Search Descripción 1
EL41059C;Texto Search Descripción 1
EL4106;Texto Search Descripción 1
EL41060C;Texto Search Descripción 1
EL41061C;Texto Search Descripción 1
EL41062C;Texto Search Descripción 1
EL41063C;Texto Search Descripción 1
EL41064C;Texto Search Descripción 1
EL41065C;Texto Search Descripción 1
EL41066C;Texto Search Descripción 1
EL41067C;Texto Search Descripción 1
EL41068C;Texto Search Descripción 1
EL41069C;Texto Search Descripción 1
EL4107;Texto Search Descripción 1
EL41070C;Texto Search Descripción 1
EL41071C;Texto Search Descripción 1
EL41072C;Texto Search Descripción 1
EL41073C;Texto Search Descripción 1
EL41074C;Texto Search Descripción 1
EL41075C;Texto Search Descripción 1
EL41076C;Texto Search Descripción 1
EL41077C;Texto Search Descripción 1
EL41078C;Texto Search Descripción 23
EL41079C;Texto Search Descripción 1
EL4108;Texto Search Descripción 34
EL41080C;Texto Search Descripción 1
EL41081C;Texto Search Descripción 1
EL41082C;Texto Search Descripción 1
EL41083C;Texto Search Descripción 1
EL41084C;Texto Search Descripción 1
EL41085C;Texto Search Descripción 1
EL41086C;Texto Search Descripción 1
EL41087C;Texto Search Descripción 1
EL41088C;Texto Search Descripción 1
EL41089C;Texto Search Descripción 1
EL4109;Texto Search Descripción 1
EL41090C;Texto Search Descripción 1
EL41091C;Texto Search Descripción 1
EL41092C;Texto Search Descripción 1
EL41093C;Texto Search Descripción 1
EL41094C;Texto Search Descripción 1
EL41095C;Texto Search Descripción 1
EL41096C;Texto Search Descripción 1
EL41097C;Texto Search Descripción 1
EL41098;Texto Search Descripción 1
EL41099C;Texto Search Descripción 1
EL4110;Texto Search Descripción 1
EL41100C;Texto Search Descripción 991
EL41101C;Texto Search Descripción 1
EL41102C;Texto Search Descripción 1
EL41103C;Texto Search Descripción 1
EL41104C;Texto Search Descripción 1
EL41105C;Texto Search Descripción 1
EL41106C;Texto Search Descripción 1
EL41107C;Texto Search Descripción 1
EL41108C;Texto Search Descripción 1
EL41109C;Texto Search Descripción 1
EL4111;Texto Search Descripción 2
EL41110C;Texto Search Descripción 1
EL41111C;Texto Search Descripción 1
EL41112C;Texto Search Descripción 1
EL41113C;Texto Search Descripción 1
EL41114C;Texto Search Descripción 1
EL41115C;Texto Search Descripción 1
EL41116;Texto Search Descripción 1
EL41117C;Texto Search Descripción 1
EL41118C;Texto Search Descripción 1
EL41119C;Texto Search Descripción 1
EL4112;Texto Search Descripción 1
EL41120C;Texto Search Descripción 1
EL41121C;Texto Search Descripción 1
EL41122C;Texto Search Descripción 632
EL41123;Texto Search Descripción 1
EL41124C;Texto Search Descripción 1
EL41124K;Texto Search Descripción 1
EL41125;Texto Search Descripción 1
EL41126C;Texto Search Descripción 1
EL41127C;Texto Search Descripción 1
EL41128C;Texto Search Descripción 1
EL41129C;Texto Search Descripción 1
EL4113;Texto Search Descripción 1
EL41130C;Texto Search Descripción 1
EL41131C;Texto Search Descripción 1000
EL41132C;Texto Search Descripción 1001
EL41133C;Texto Search Descripción 1002
EL41134C;Texto Search Descripción 1
EL41135C;Texto Search Descripción 1
EL41136C;Texto Search Descripción 1
EL41137C;Texto Search Descripción 1
EL41138C;Texto Search Descripción 1
EL41139C;Texto Search Descripción 1007
EL41140C;Texto Search Descripción 1
EL41140K;Texto Search Descripción 1
EL41141C;Texto Search Descripción 1
EL41142C;Texto Search Descripción 1
EL41143C;Texto Search Descripción 1
EL41144C;Texto Search Descripción 1
EL41145;Texto Search Descripción 1
EL41146;Texto Search Descripción 1
EL41147;Texto Search Descripción 1
EL41148;Texto Search Descripción 1
EL41149C;Texto Search Descripción 1
EL4115;Texto Search Descripción 1
EL41150C;Texto Search Descripción 1
EL41151C;Texto Search Descripción 1
EL41152;Texto Search Descripción 1
EL41153;Texto Search Descripción 1
EL41154C;Texto Search Descripción 1
EL41155C;Texto Search Descripción 1
EL41156C;Texto Search Descripción 1
EL41156K;Texto Search Descripción 1
EL41157C;Texto Search Descripción 1
EL41157K;Texto Search Descripción 1
EL41158C;Texto Search Descripción 1
EL41158K;Texto Search Descripción 1
EL41159C;Texto Search Descripción 1
EL41159K;Texto Search Descripción 1
EL41160C;Texto Search Descripción 1
EL41160K;Texto Search Descripción 1
EL41161C;Texto Search Descripción 1
EL41161K;Texto Search Descripción 1
EL41162C;Texto Search Descripción 1
EL41162K;Texto Search Descripción 1
EL41163C;Texto Search Descripción 1
EL41163K;Texto Search Descripción 1
EL41164C;Texto Search Descripción 1
EL41164K;Texto Search Descripción 1
EL41165C;Texto Search Descripción 1
EL41165K;Texto Search Descripción 1
EL41166C;Texto Search Descripción 1
EL41166K;Texto Search Descripción 1
EL41167C;Texto Search Descripción 1
EL41168C;Texto Search Descripción 1
EL41168LK;Texto Search Descripción 1
EL41168RK;Texto Search Descripción 1
EL41169C;Texto Search Descripción 1
EL41170C;Texto Search Descripción 1
EL41171C;Texto Search Descripción 1
EL41172C;Texto Search Descripción 1
EL41173C;Texto Search Descripción 1
EL41174C;Texto Search Descripción 1
EL41175C;Texto Search Descripción 1
EL41176C;Texto Search Descripción 1
EL41177C;Texto Search Descripción 1
EL41178C;Texto Search Descripción 246
EL41179C;Texto Search Descripción 1
EL41180C;Texto Search Descripción 1018
EL41181C;Texto Search Descripción 1019
EL41182C;Texto Search Descripción 1
EL41183C;Texto Search Descripción 1
EL41184C;Texto Search Descripción 76
EL41185C;Texto Search Descripción 1
EL41186C;Texto Search Descripción 644
EL41187C;Texto Search Descripción 94
EL41188C;Texto Search Descripción 1
EL41189C;Texto Search Descripción 1
EL41190C;Texto Search Descripción 1
EL41191C;Texto Search Descripción 1
EL41191K;Texto Search Descripción 1
EL41192C;Texto Search Descripción 1
EL41193C;Texto Search Descripción 1
EL41194C;Texto Search Descripción 1
EL41194K;Texto Search Descripción 1
EL41195C;Texto Search Descripción 1022
EL41195K;Texto Search Descripción 1
EL41196;Texto Search Descripción 1
EL41197C;Texto Search Descripción 1
EL41198C;Texto Search Descripción 1
EL41199C;Texto Search Descripción 1
EL4120;Texto Search Descripción 1
EL41200C;Texto Search Descripción 1
EL41201;Texto Search Descripción 1
EL41202;Texto Search Descripción 1
EL41203;Texto Search Descripción 1
EL41204;Texto Search Descripción 1
EL41205;Texto Search Descripción 1
EL41206;Texto Search Descripción 1
EL41207;Texto Search Descripción 1
EL41208;Texto Search Descripción 1
EL41209;Texto Search Descripción 1
EL4121;Texto Search Descripción 1
EL41210;Texto Search Descripción 1
EL41211;Texto Search Descripción 1
EL41212;Texto Search Descripción 1
EL41213;Texto Search Descripción 1
EL41214;Texto Search Descripción 1
EL41215;Texto Search Descripción 1
EL41216;Texto Search Descripción 1
EL41217;Texto Search Descripción 1
EL41218;Texto Search Descripción 1
EL41219;Texto Search Descripción 1
EL4122;Texto Search Descripción 2
EL41220;Texto Search Descripción 1
EL41221;Texto Search Descripción 1
EL41222;Texto Search Descripción 1
EL41223;Texto Search Descripción 1
EL41224;Texto Search Descripción 1
EL41225;Texto Search Descripción 1
EL41226;Texto Search Descripción 1
EL41227;Texto Search Descripción 1
EL41228;Texto Search Descripción 1
EL41229;Texto Search Descripción 1
EL4123;Texto Search Descripción 1
EL41230;Texto Search Descripción 1
EL41231;Texto Search Descripción 1
EL41234;Texto Search Descripción 482
EL41235;Texto Search Descripción 1
EL41236;Texto Search Descripción 1
EL41237;Texto Search Descripción 1
EL41238;Texto Search Descripción 1
EL41239;Texto Search Descripción 1
EL4124;Texto Search Descripción 1
EL41240;Texto Search Descripción 1
EL41241;Texto Search Descripción 1
EL41242;Texto Search Descripción 1
EL41243;Texto Search Descripción 1
EL41244;Texto Search Descripción 1
EL41246;Texto Search Descripción 1
EL41247;Texto Search Descripción 1
EL41248;Texto Search Descripción 1
EL41249;Texto Search Descripción 1
EL4125;Texto Search Descripción 1
EL41250;Texto Search Descripción 1
EL41251;Texto Search Descripción 1
EL41252;Texto Search Descripción 1
EL41253;Texto Search Descripción 1
EL41254;Texto Search Descripción 1
EL41257;Texto Search Descripción 1
EL41258;Texto Search Descripción 1
EL41259;Texto Search Descripción 1
EL4126;Texto Search Descripción 1
EL41260;Texto Search Descripción 1
EL41261;Texto Search Descripción 1
EL41262;Texto Search Descripción 1
EL41263;Texto Search Descripción 1
EL41264;Texto Search Descripción 1
EL41265;Texto Search Descripción 1
EL41266;Texto Search Descripción 1
EL41269;Texto Search Descripción 1
EL4127;Texto Search Descripción 2
EL41270;Texto Search Descripción 1
EL41271;Texto Search Descripción 1
EL41272;Texto Search Descripción 1
EL41273;Texto Search Descripción 1
EL41274;Texto Search Descripción 1
EL41275;Texto Search Descripción 1
EL41276;Texto Search Descripción 1
EL41277;Texto Search Descripción 1
EL41278;Texto Search Descripción 1
EL41279;Texto Search Descripción 1
EL4128;Texto Search Descripción 1
EL41280;Texto Search Descripción 1
EL41282;Texto Search Descripción 1
EL41283;Texto Search Descripción 1
EL41284;Texto Search Descripción 1
EL41285;Texto Search Descripción 1
EL41286;Texto Search Descripción 1
EL41287;Texto Search Descripción 1
EL4129;Texto Search Descripción 1
EL41290;Texto Search Descripción 1
EL41291;Texto Search Descripción 1
EL41292;Texto Search Descripción 1
EL41293;Texto Search Descripción 1
EL41294;Texto Search Descripción 1
EL41295;Texto Search Descripción 1
EL41296;Texto Search Descripción 1
EL41297;Texto Search Descripción 1
EL41298;Texto Search Descripción 1
EL41299;Texto Search Descripción 1
EL4130;Texto Search Descripción 1
EL41300;Texto Search Descripción 1
EL41301;Texto Search Descripción 1
EL41302;Texto Search Descripción 1
EL41303;Texto Search Descripción 1
EL41304;Texto Search Descripción 1
EL41305;Texto Search Descripción 1
EL41306;Texto Search Descripción 1
EL41308;Texto Search Descripción 1
EL41309;Texto Search Descripción 1
EL4131;Texto Search Descripción 1
EL41310;Texto Search Descripción 1
EL41311;Texto Search Descripción 1
EL41312;Texto Search Descripción 1
EL41313;Texto Search Descripción 1
EL41314;Texto Search Descripción 1
EL41315;Texto Search Descripción 1
EL41316;Texto Search Descripción 1
EL41317;Texto Search Descripción 1
EL41318;Texto Search Descripción 1
EL41319;Texto Search Descripción 1
EL4132;Texto Search Descripción 1
EL41320;Texto Search Descripción 1
EL41321;Texto Search Descripción 1
EL41322;Texto Search Descripción 1
EL41323;Texto Search Descripción 1
EL41324;Texto Search Descripción 1
EL41325;Texto Search Descripción 1
EL41326;Texto Search Descripción 1
EL41327;Texto Search Descripción 1
EL41328;Texto Search Descripción 1
EL41329;Texto Search Descripción 1
EL4133;Texto Search Descripción 1
EL41330;Texto Search Descripción 1
EL41331;Texto Search Descripción 1
EL41332;Texto Search Descripción 1
EL41333;Texto Search Descripción 1
EL41334;Texto Search Descripción 1
EL41335;Texto Search Descripción 1
EL41336;Texto Search Descripción 1
EL41337;Texto Search Descripción 1
EL41338;Texto Search Descripción 1
EL41339;Texto Search Descripción 1
EL4134;Texto Search Descripción 1
EL41341;Texto Search Descripción 1
EL41342;Texto Search Descripción 1
EL41344;Texto Search Descripción 1
EL41345;Texto Search Descripción 1
EL41346;Texto Search Descripción 1
EL41347;Texto Search Descripción 1
EL41348;Texto Search Descripción 1
EL41349;Texto Search Descripción 1
EL4135;Texto Search Descripción 1
EL41350;Texto Search Descripción 1
EL41351;Texto Search Descripción 1
EL41352;Texto Search Descripción 1
EL41353;Texto Search Descripción 1
EL41354;Texto Search Descripción 1
EL41355;Texto Search Descripción 1
EL41356;Texto Search Descripción 1
EL41357;Texto Search Descripción 1
EL41358;Texto Search Descripción 1
EL41359;Texto Search Descripción 1
EL4136;Texto Search Descripción 1
EL41360;Texto Search Descripción 1
EL41361;Texto Search Descripción 1
EL41362;Texto Search Descripción 1
EL41363;Texto Search Descripción 1
EL41364;Texto Search Descripción 1
EL41365;Texto Search Descripción 1
EL41366C;Texto Search Descripción 1
EL41367C;Texto Search Descripción 1
EL41368C;Texto Search Descripción 1
EL41369C;Texto Search Descripción 1
EL4137;Texto Search Descripción 1
EL41370C;Texto Search Descripción 901
EL41371C;Texto Search Descripción 1
EL41372C;Texto Search Descripción 902
EL41373C;Texto Search Descripción 1
EL41374C;Texto Search Descripción 1
EL41375C;Texto Search Descripción 1
EL41376C;Texto Search Descripción 1
EL41377C;Texto Search Descripción 904
EL41377K;Texto Search Descripción 1
EL41378C;Texto Search Descripción 1
EL41379C;Texto Search Descripción 1
EL41379K;Texto Search Descripción 1
EL4138;Texto Search Descripción 2
EL41380C;Texto Search Descripción 1
EL41380K;Texto Search Descripción 1
EL41381;Texto Search Descripción 1
EL41382C;Texto Search Descripción 1034
EL41382K;Texto Search Descripción 1
EL41383C;Texto Search Descripción 1
EL41384C;Texto Search Descripción 1
EL41385C;Texto Search Descripción 1
EL41386C;Texto Search Descripción 1
EL41387C;Texto Search Descripción 1
EL41388;Texto Search Descripción 1
EL41389;Texto Search Descripción 1
EL41390;Texto Search Descripción 1
EL41391;Texto Search Descripción 1
EL41392;Texto Search Descripción 1
EL41393;Texto Search Descripción 1
EL41394;Texto Search Descripción 1
EL41395;Texto Search Descripción 1
EL41396;Texto Search Descripción 1
EL41398;Texto Search Descripción 1
EL41399;Texto Search Descripción 1
EL4140;Texto Search Descripción 1
EL41400;Texto Search Descripción 1
EL41402;Texto Search Descripción 1
EL41404;Texto Search Descripción 1
EL41405;Texto Search Descripción 1
EL41406;Texto Search Descripción 1
EL41407;Texto Search Descripción 1
EL41408;Texto Search Descripción 1
EL41409;Texto Search Descripción 1
EL41409C;Texto Search Descripción 1037
EL41410;Texto Search Descripción 1
EL41411;Texto Search Descripción 1
EL41412;Texto Search Descripción 1
EL41413;Texto Search Descripción 1
EL41414;Texto Search Descripción 1
EL41415;Texto Search Descripción 1
EL41416;Texto Search Descripción 1
EL41417;Texto Search Descripción 1
EL41418;Texto Search Descripción 1
EL41419;Texto Search Descripción 1
EL4142;Texto Search Descripción 1
EL41422;Texto Search Descripción 1
EL41427;Texto Search Descripción 1
EL41429;Texto Search Descripción 1
EL4143;Texto Search Descripción 1
EL41430;Texto Search Descripción 1
EL41431;Texto Search Descripción 1
EL41432;Texto Search Descripción 1
EL41434;Texto Search Descripción 1
EL4144;Texto Search Descripción 1
EL41440;Texto Search Descripción 1
EL41441;Texto Search Descripción 1
EL41442;Texto Search Descripción 1
EL41443;Texto Search Descripción 1
EL41445;Texto Search Descripción 1
EL41447;Texto Search Descripción 1
EL41448;Texto Search Descripción 1
EL41449;Texto Search Descripción 1
EL4145;Texto Search Descripción 1
EL41450;Texto Search Descripción 1
EL41451;Texto Search Descripción 1
EL41454;Texto Search Descripción 1
EL41458;Texto Search Descripción 1
EL4146;Texto Search Descripción 1
EL41460;Texto Search Descripción 1
EL41461;Texto Search Descripción 1
EL41462;Texto Search Descripción 1
EL41469;Texto Search Descripción 1
EL4147;Texto Search Descripción 2
EL41471;Texto Search Descripción 1
EL41473;Texto Search Descripción 1
EL41474;Texto Search Descripción 1
EL41476;Texto Search Descripción 1
EL41478;Texto Search Descripción 1
EL41479;Texto Search Descripción 1
EL4148;Texto Search Descripción 2
EL41481;Texto Search Descripción 1
EL41482;Texto Search Descripción 1
EL41486;Texto Search Descripción 1
EL41487;Texto Search Descripción 1
EL41488;Texto Search Descripción 1
EL41489;Texto Search Descripción 1
EL4149;Texto Search Descripción 1
EL41490;Texto Search Descripción 1
EL41491;Texto Search Descripción 1
EL41492;Texto Search Descripción 1
EL41494;Texto Search Descripción 1
EL41495;Texto Search Descripción 1
EL41496;Texto Search Descripción 1
EL4150;Texto Search Descripción 1
EL41500;Texto Search Descripción 1
EL41501;Texto Search Descripción 1
EL41502;Texto Search Descripción 1
EL41507;Texto Search Descripción 1
EL41509;Texto Search Descripción 1
EL4151;Texto Search Descripción 1
EL41510;Texto Search Descripción 1
EL41511;Texto Search Descripción 1
EL41512;Texto Search Descripción 1
EL41513;Texto Search Descripción 1
EL41514;Texto Search Descripción 1
EL41515;Texto Search Descripción 1
EL41516;Texto Search Descripción 1
EL41517;Texto Search Descripción 1
EL41518;Texto Search Descripción 1
EL41519;Texto Search Descripción 1
EL4152;Texto Search Descripción 1
EL41520;Texto Search Descripción 1
EL41523;Texto Search Descripción 1
EL41524;Texto Search Descripción 1
EL41525;Texto Search Descripción 1
EL41526K;Texto Search Descripción 1
EL41527;Texto Search Descripción 1
EL41528;Texto Search Descripción 1
EL41529;Texto Search Descripción 1
EL4153;Texto Search Descripción 1
EL41530;Texto Search Descripción 1
EL41531;Texto Search Descripción 1
EL41532;Texto Search Descripción 1
EL41533;Texto Search Descripción 1
EL41534;Texto Search Descripción 1
EL41536;Texto Search Descripción 1
EL41537;Texto Search Descripción 1
EL41538;Texto Search Descripción 1
EL41539;Texto Search Descripción 1
EL4154;Texto Search Descripción 1
EL41540;Texto Search Descripción 1
EL41541;Texto Search Descripción 1
EL41542;Texto Search Descripción 1
EL41543;Texto Search Descripción 1
EL41544;Texto Search Descripción 1
EL41545;Texto Search Descripción 1
EL41546;Texto Search Descripción 1
EL41547;Texto Search Descripción 1
EL41548;Texto Search Descripción 1
EL41549;Texto Search Descripción 1
EL4155;Texto Search Descripción 1
EL41550;Texto Search Descripción 1
EL41551;Texto Search Descripción 1
EL41552;Texto Search Descripción 1
EL41553;Texto Search Descripción 1
EL41554;Texto Search Descripción 1
EL41555;Texto Search Descripción 1
EL41556;Texto Search Descripción 1
EL41557;Texto Search Descripción 1
EL41558;Texto Search Descripción 1
EL41559;Texto Search Descripción 1
EL4156;Texto Search Descripción 1
EL41560;Texto Search Descripción 1
EL41561;Texto Search Descripción 1
EL41562;Texto Search Descripción 1
EL41563;Texto Search Descripción 1
EL41564;Texto Search Descripción 1
EL41565;Texto Search Descripción 1
EL41566;Texto Search Descripción 1
EL41567;Texto Search Descripción 1
EL41568;Texto Search Descripción 1
EL41569;Texto Search Descripción 1
EL4157;Texto Search Descripción 1
EL41570;Texto Search Descripción 1
EL41571;Texto Search Descripción 1
EL41572C;Texto Search Descripción 1
EL41573C;Texto Search Descripción 476
EL41574C;Texto Search Descripción 1
EL41574K;Texto Search Descripción 1
EL41575C;Texto Search Descripción 1
EL41575K;Texto Search Descripción 1
EL41576C;Texto Search Descripción 1
EL41576K;Texto Search Descripción 1
EL41577C;Texto Search Descripción 1
EL41578C;Texto Search Descripción 1
EL41579C;Texto Search Descripción 1042
EL4158;Texto Search Descripción 1
EL41580C;Texto Search Descripción 1
EL41581C;Texto Search Descripción 1
EL41582C;Texto Search Descripción 1
EL41583C;Texto Search Descripción 1
EL41584C;Texto Search Descripción 1
EL41585C;Texto Search Descripción 1
EL41586;Texto Search Descripción 1
EL41587;Texto Search Descripción 1
EL41588C;Texto Search Descripción 1
EL41588K;Texto Search Descripción 1
EL41589C;Texto Search Descripción 1
EL4159;Texto Search Descripción 1
EL41590C;Texto Search Descripción 1
EL41591;Texto Search Descripción 1
EL41594C;Texto Search Descripción 1
EL41594LK;Texto Search Descripción 1
EL41594RK;Texto Search Descripción 1
EL41595C;Texto Search Descripción 1
EL41596C;Texto Search Descripción 1
EL41597C;Texto Search Descripción 1
EL41598C;Texto Search Descripción 1
EL41599C;Texto Search Descripción 1
EL4160;Texto Search Descripción 1
EL41600C;Texto Search Descripción 1
EL41601C;Texto Search Descripción 23
EL41602C;Texto Search Descripción 1
EL41603C;Texto Search Descripción 1
EL41604C;Texto Search Descripción 1
EL41605C;Texto Search Descripción 1
EL41606C;Texto Search Descripción 1
EL41607C;Texto Search Descripción 1
EL41608C;Texto Search Descripción 1
EL41609C;Texto Search Descripción 1
EL41609K;Texto Search Descripción 1
EL4161;Texto Search Descripción 1
EL41610C;Texto Search Descripción 1
EL41611C;Texto Search Descripción 1
EL41612C;Texto Search Descripción 1
EL41612LK;Texto Search Descripción 1
EL41612RK;Texto Search Descripción 1
EL41613C;Texto Search Descripción 1
EL41614C;Texto Search Descripción 1
EL41614K;Texto Search Descripción 1
EL41615C;Texto Search Descripción 1
EL41616C;Texto Search Descripción 1
EL41617C;Texto Search Descripción 1
EL41618C;Texto Search Descripción 1
EL41619C;Texto Search Descripción 1060
EL4162;Texto Search Descripción 1
EL41620C;Texto Search Descripción 1
EL41621C;Texto Search Descripción 1061
EL41622C;Texto Search Descripción 1
EL41623C;Texto Search Descripción 1
EL41623LK;Texto Search Descripción 1
EL41623RK;Texto Search Descripción 1
EL41624C;Texto Search Descripción 1
EL41624K;Texto Search Descripción 1
EL41625C;Texto Search Descripción 1
EL41625K;Texto Search Descripción 1
EL41626;Texto Search Descripción 1
EL41627;Texto Search Descripción 1
EL41628;Texto Search Descripción 1
EL41629;Texto Search Descripción 1
EL4163;Texto Search Descripción 1
EL41630;Texto Search Descripción 1
EL41631;Texto Search Descripción 1
EL41632C;Texto Search Descripción 1
EL41633C;Texto Search Descripción 1
EL41634;Texto Search Descripción 1
EL41635;Texto Search Descripción 1
EL41636;Texto Search Descripción 1
EL41637;Texto Search Descripción 1
EL41638;Texto Search Descripción 1
EL41639;Texto Search Descripción 1
EL4164;Texto Search Descripción 1
EL41640;Texto Search Descripción 1
EL41641;Texto Search Descripción 1
EL41642;Texto Search Descripción 1
EL41643;Texto Search Descripción 1
EL41644;Texto Search Descripción 1
EL41645;Texto Search Descripción 1
EL41646;Texto Search Descripción 1
EL41647;Texto Search Descripción 1
EL41648;Texto Search Descripción 1
EL41649C;Texto Search Descripción 1
EL4165;Texto Search Descripción 1
EL41650;Texto Search Descripción 1
EL41651;Texto Search Descripción 1
EL41652C;Texto Search Descripción 1
EL41653;Texto Search Descripción 1
EL41654;Texto Search Descripción 1
EL41655;Texto Search Descripción 1
EL41656C;Texto Search Descripción 1
EL41657C;Texto Search Descripción 1
EL41658;Texto Search Descripción 1
EL41659C;Texto Search Descripción 1
EL4166;Texto Search Descripción 2
EL41660C;Texto Search Descripción 1
EL41661C;Texto Search Descripción 1
EL41662C;Texto Search Descripción 1
EL41663C;Texto Search Descripción 1
EL41664C;Texto Search Descripción 1
EL41665;Texto Search Descripción 1
EL41666C;Texto Search Descripción 1
EL41666K;Texto Search Descripción 1
EL41667;Texto Search Descripción 1
EL41668C;Texto Search Descripción 1
EL41669C;Texto Search Descripción 1
EL4167;Texto Search Descripción 1
EL41670C;Texto Search Descripción 1
EL41671C;Texto Search Descripción 1071
EL41672C;Texto Search Descripción 1
EL41673;Texto Search Descripción 1
EL41674C;Texto Search Descripción 1
EL41675K;Texto Search Descripción 1
EL41676C;Texto Search Descripción 1
EL41677C;Texto Search Descripción 1
EL41678;Texto Search Descripción 1
EL41679C;Texto Search Descripción 1
EL4168;Texto Search Descripción 1
EL41680C;Texto Search Descripción 1
EL41681C;Texto Search Descripción 1
EL41681K;Texto Search Descripción 1
EL41682C;Texto Search Descripción 1074
EL41683C;Texto Search Descripción 1
EL41684C;Texto Search Descripción 1
EL41685C;Texto Search Descripción 1
EL41686C;Texto Search Descripción 627
EL41687C;Texto Search Descripción 1
EL41688C;Texto Search Descripción 1
EL41689C;Texto Search Descripción 1
EL4169;Texto Search Descripción 1
EL41690;Texto Search Descripción 1
EL41691C;Texto Search Descripción 1
EL41692C;Texto Search Descripción 1
EL41693C;Texto Search Descripción 1
EL41694C;Texto Search Descripción 1
EL41695C;Texto Search Descripción 1
EL41695K;Texto Search Descripción 1
EL41696C;Texto Search Descripción 1
EL41697C;Texto Search Descripción 1
EL41698;Texto Search Descripción 1
EL41699;Texto Search Descripción 1
EL4170;Texto Search Descripción 2
EL41700;Texto Search Descripción 1
EL41701;Texto Search Descripción 1
EL41702;Texto Search Descripción 1
EL41703;Texto Search Descripción 1
EL41704;Texto Search Descripción 1
EL41705;Texto Search Descripción 1
EL41706;Texto Search Descripción 1
EL41707;Texto Search Descripción 1
EL41708C;Texto Search Descripción 1
EL41709C;Texto Search Descripción 1
EL4171;Texto Search Descripción 2
EL41710C;Texto Search Descripción 1
EL41711C;Texto Search Descripción 1
EL41712C;Texto Search Descripción 1
EL41713;Texto Search Descripción 1
EL41714C;Texto Search Descripción 1
EL41715;Texto Search Descripción 1
EL41716;Texto Search Descripción 1
EL41717;Texto Search Descripción 1
EL41718C;Texto Search Descripción 1
EL41719C;Texto Search Descripción 1
EL4172;Texto Search Descripción 1
EL41720;Texto Search Descripción 1
EL41722;Texto Search Descripción 1
EL41723;Texto Search Descripción 1
EL41724;Texto Search Descripción 1
EL41725;Texto Search Descripción 1
EL41726;Texto Search Descripción 1
EL41727C;Texto Search Descripción 1
EL41728C;Texto Search Descripción 1
EL41729C;Texto Search Descripción 1
EL41730C;Texto Search Descripción 1
EL41732;Texto Search Descripción 1
EL41733;Texto Search Descripción 1
EL41734;Texto Search Descripción 1
EL41735C;Texto Search Descripción 1
EL41736C;Texto Search Descripción 1
EL41737C;Texto Search Descripción 1
EL41738C;Texto Search Descripción 1
EL4174;Texto Search Descripción 1
EL41740C;Texto Search Descripción 1
EL41741C;Texto Search Descripción 1
EL41742C;Texto Search Descripción 1
EL41743C;Texto Search Descripción 1
EL41744C;Texto Search Descripción 1
EL41745C;Texto Search Descripción 1
EL41746C;Texto Search Descripción 1
EL41748C;Texto Search Descripción 1
EL41749C;Texto Search Descripción 1
EL4175;Texto Search Descripción 1
EL41750C;Texto Search Descripción 1
EL41751C;Texto Search Descripción 1
EL41752C;Texto Search Descripción 1
EL41753C;Texto Search Descripción 1
EL41754C;Texto Search Descripción 1
EL41755C;Texto Search Descripción 1
EL41756C;Texto Search Descripción 1
EL41757C;Texto Search Descripción 1
EL41757K;Texto Search Descripción 1
EL41758C;Texto Search Descripción 1
EL41759C;Texto Search Descripción 1
EL4176;Texto Search Descripción 2
EL41760C;Texto Search Descripción 1
EL41761C;Texto Search Descripción 1
EL41762C;Texto Search Descripción 638
EL41763C;Texto Search Descripción 1
EL41764C;Texto Search Descripción 1
EL41765C;Texto Search Descripción 1
EL41766C;Texto Search Descripción 1
EL41767C;Texto Search Descripción 1
EL41768;Texto Search Descripción 1
EL41769C;Texto Search Descripción 1
EL4177;Texto Search Descripción 1
EL41770C;Texto Search Descripción 1
EL41771C;Texto Search Descripción 1
EL41772C;Texto Search Descripción 1
EL41773C;Texto Search Descripción 1
EL41774C;Texto Search Descripción 1
EL41775C;Texto Search Descripción 1
EL41776C;Texto Search Descripción 1
EL41777C;Texto Search Descripción 1
EL41778C;Texto Search Descripción 1
EL41778K;Texto Search Descripción 1
EL41779C;Texto Search Descripción 1
EL4178;Texto Search Descripción 1
EL41780C;Texto Search Descripción 1
EL41781C;Texto Search Descripción 1
EL41782C;Texto Search Descripción 1
EL41783C;Texto Search Descripción 1
EL41784C;Texto Search Descripción 1
EL41785C;Texto Search Descripción 82
EL41786C;Texto Search Descripción 1
EL41787C;Texto Search Descripción 1
EL41788C;Texto Search Descripción 1
EL41789C;Texto Search Descripción 1
EL4179;Texto Search Descripción 2
EL41790C;Texto Search Descripción 1
EL41791C;Texto Search Descripción 1
EL41792C;Texto Search Descripción 1
EL41793C;Texto Search Descripción 1
EL41794C;Texto Search Descripción 1
EL41795C;Texto Search Descripción 1
EL41796C;Texto Search Descripción 1
EL41797C;Texto Search Descripción 1
EL41798C;Texto Search Descripción 1
EL41799C;Texto Search Descripción 1
EL4180;Texto Search Descripción 1
EL41800C;Texto Search Descripción 1129
EL41801C;Texto Search Descripción 1
EL41802C;Texto Search Descripción 1
EL41803C;Texto Search Descripción 481
EL41804C;Texto Search Descripción 66
EL41805;Texto Search Descripción 1
EL41806C;Texto Search Descripción 1
EL41807C;Texto Search Descripción 1
EL41808C;Texto Search Descripción 1133
EL41809C;Texto Search Descripción 1
EL4181;Texto Search Descripción 1
EL41810;Texto Search Descripción 1
EL41811;Texto Search Descripción 1
EL41812;Texto Search Descripción 1
EL41813C;Texto Search Descripción 1
EL41814;Texto Search Descripción 1
EL41815C;Texto Search Descripción 1
EL41816;Texto Search Descripción 1
EL41817;Texto Search Descripción 1
EL41818;Texto Search Descripción 1
EL41819;Texto Search Descripción 1
EL4182;Texto Search Descripción 1
EL41820;Texto Search Descripción 1
EL41821;Texto Search Descripción 1
EL41822C;Texto Search Descripción 1
EL41823;Texto Search Descripción 1
EL41824;Texto Search Descripción 1
EL41825;Texto Search Descripción 1
EL41826;Texto Search Descripción 1
EL41827C;Texto Search Descripción 1
EL41827LK;Texto Search Descripción 1
EL41827RK;Texto Search Descripción 1
EL41828;Texto Search Descripción 1
EL4183;Texto Search Descripción 1
EL41830;Texto Search Descripción 1
EL41831;Texto Search Descripción 1
EL41832C;Texto Search Descripción 1
EL41833;Texto Search Descripción 1
EL41834C;Texto Search Descripción 1
EL41836C;Texto Search Descripción 1140
EL41837;Texto Search Descripción 1
EL41838C;Texto Search Descripción 1
EL41839;Texto Search Descripción 1
EL4184;Texto Search Descripción 1
EL41840C;Texto Search Descripción 1
EL41841;Texto Search Descripción 1
EL41842C;Texto Search Descripción 1
EL41844;Texto Search Descripción 1
EL41846C;Texto Search Descripción 1
EL41847C;Texto Search Descripción 1
EL41848C;Texto Search Descripción 1
EL41849C;Texto Search Descripción 1
EL41849K;Texto Search Descripción 1
EL41850C;Texto Search Descripción 1
EL41850K;Texto Search Descripción 1
EL41851C;Texto Search Descripción 1
EL41852C;Texto Search Descripción 1
EL41853C;Texto Search Descripción 1
EL41854C;Texto Search Descripción 1
EL41855C;Texto Search Descripción 1
EL41856C;Texto Search Descripción 1147
EL41857C;Texto Search Descripción 1
EL41858C;Texto Search Descripción 1
EL41859C;Texto Search Descripción 1
EL41860C;Texto Search Descripción 1
EL41861C;Texto Search Descripción 1
EL41862C;Texto Search Descripción 1
EL41863C;Texto Search Descripción 1
EL41864C;Texto Search Descripción 1
EL41865C;Texto Search Descripción 1
EL41866C;Texto Search Descripción 1
EL41867C;Texto Search Descripción 1
EL41868C;Texto Search Descripción 1
EL41869C;Texto Search Descripción 1574
EL4187;Texto Search Descripción 1
EL41870C;Texto Search Descripción 1
EL41871C;Texto Search Descripción 1
EL41872C;Texto Search Descripción 1
EL41873C;Texto Search Descripción 1
EL41874;Texto Search Descripción 1
EL41875;Texto Search Descripción 1
EL41876;Texto Search Descripción 1
EL41877;Texto Search Descripción 1
EL41878;Texto Search Descripción 1
EL41879C;Texto Search Descripción 1
EL4188;Texto Search Descripción 1
EL41880C;Texto Search Descripción 1
EL41881;Texto Search Descripción 1
EL41882C;Texto Search Descripción 1
EL41883;Texto Search Descripción 1
EL41884C;Texto Search Descripción 1578
EL41885;Texto Search Descripción 1
EL41886C;Texto Search Descripción 1
EL41886K;Texto Search Descripción 1
EL41887C;Texto Search Descripción 1
EL41887K;Texto Search Descripción 1
EL41888;Texto Search Descripción 1
EL41889;Texto Search Descripción 1
EL4189;Texto Search Descripción 1
EL41890C;Texto Search Descripción 1
EL41890K;Texto Search Descripción 1
EL41891;Texto Search Descripción 1
EL41892C;Texto Search Descripción 1
EL41893C;Texto Search Descripción 659
EL41894C;Texto Search Descripción 1
EL41895C;Texto Search Descripción 1
EL41898;Texto Search Descripción 1
EL4190;Texto Search Descripción 1
EL41901C;Texto Search Descripción 1
EL41903C;Texto Search Descripción 1
EL41904C;Texto Search Descripción 1
EL41905C;Texto Search Descripción 1
EL41906C;Texto Search Descripción 1
EL41907C;Texto Search Descripción 1
EL41908C;Texto Search Descripción 1
EL41909C;Texto Search Descripción 1
EL4191;Texto Search Descripción 1
EL41910C;Texto Search Descripción 1
EL41910LK;Texto Search Descripción 1
EL41910RK;Texto Search Descripción 1
EL41911;Texto Search Descripción 1
EL41912C;Texto Search Descripción 1
EL41913C;Texto Search Descripción 1
EL41914C;Texto Search Descripción 1
EL41915C;Texto Search Descripción 1
EL41916C;Texto Search Descripción 1
EL41917C;Texto Search Descripción 1
EL41918C;Texto Search Descripción 1
EL41919;Texto Search Descripción 1
EL4192;Texto Search Descripción 1
EL41920;Texto Search Descripción 1
EL41921C;Texto Search Descripción 1
EL41922C;Texto Search Descripción 1
EL41923C;Texto Search Descripción 1
EL41925C;Texto Search Descripción 1
EL41926C;Texto Search Descripción 1
EL41926K;Texto Search Descripción 1
EL41927C;Texto Search Descripción 1
EL41929C;Texto Search Descripción 1
EL4193;Texto Search Descripción 1
EL41930C;Texto Search Descripción 1583
EL41932C;Texto Search Descripción 1
EL41933C;Texto Search Descripción 1
EL41934C;Texto Search Descripción 1
EL41935C;Texto Search Descripción 1
EL41936C;Texto Search Descripción 1
EL41937C;Texto Search Descripción 1
EL41938C;Texto Search Descripción 1171
EL41939C;Texto Search Descripción 1172
EL4194;Texto Search Descripción 1
EL41940C;Texto Search Descripción 1
EL41941C;Texto Search Descripción 1
EL41941K;Texto Search Descripción 1
EL41942C;Texto Search Descripción 1
EL41943;Texto Search Descripción 1
EL41944C;Texto Search Descripción 1
EL41945C;Texto Search Descripción 1
EL41946C;Texto Search Descripción 1
EL41947C;Texto Search Descripción 1
EL41948C;Texto Search Descripción 1
EL41949C;Texto Search Descripción 1
EL4195;Texto Search Descripción 1
EL41950C;Texto Search Descripción 1
EL41951C;Texto Search Descripción 1
EL41952C;Texto Search Descripción 1589
EL41953C;Texto Search Descripción 1
EL41954C;Texto Search Descripción 1
EL41955C;Texto Search Descripción 1
EL41956C;Texto Search Descripción 1
EL41957C;Texto Search Descripción 1
EL41958C;Texto Search Descripción 1
EL41959C;Texto Search Descripción 1
EL4196;Texto Search Descripción 1
EL41960C;Texto Search Descripción 1
EL41961C;Texto Search Descripción 1182
EL41962C;Texto Search Descripción 1
EL41963C;Texto Search Descripción 1
EL41964C;Texto Search Descripción 1
EL41965C;Texto Search Descripción 1
EL41966C;Texto Search Descripción 1
EL41967C;Texto Search Descripción 1
EL41968C;Texto Search Descripción 1184
EL41969C;Texto Search Descripción 1
EL4197;Texto Search Descripción 1
EL41970C;Texto Search Descripción 1
EL41971C;Texto Search Descripción 1187
EL41972;Texto Search Descripción 1
EL41976;Texto Search Descripción 1
EL41979C;Texto Search Descripción 1
EL4198;Texto Search Descripción 2
EL41980;Texto Search Descripción 1
EL41981C;Texto Search Descripción 1
EL41982C;Texto Search Descripción 1
EL41983;Texto Search Descripción 1
EL41984;Texto Search Descripción 1
EL41985;Texto Search Descripción 1
EL41986;Texto Search Descripción 1
EL41987;Texto Search Descripción 1
EL41988C;Texto Search Descripción 76
EL41989C;Texto Search Descripción 1
EL41990C;Texto Search Descripción 94
EL41991C;Texto Search Descripción 1
EL41992C;Texto Search Descripción 1
EL41993C;Texto Search Descripción 1189
EL41994C;Texto Search Descripción 1
EL41995C;Texto Search Descripción 1
EL41996C;Texto Search Descripción 1
EL41997C;Texto Search Descripción 1
EL41997K;Texto Search Descripción 1
EL41998C;Texto Search Descripción 1
EL41998K;Texto Search Descripción 1
EL41999C;Texto Search Descripción 1
EL41999K;Texto Search Descripción 1
EL4200;Texto Search Descripción 1
EL42000C;Texto Search Descripción 1
EL42001C;Texto Search Descripción 1
EL42002C;Texto Search Descripción 1
EL42003;Texto Search Descripción 1
EL42005C;Texto Search Descripción 1
EL42006C;Texto Search Descripción 1
EL42007C;Texto Search Descripción 1
EL42008C;Texto Search Descripción 1
EL42008LK;Texto Search Descripción 1
EL42008RK;Texto Search Descripción 1
EL42009C;Texto Search Descripción 1
EL4201;Texto Search Descripción 1
EL42010;Texto Search Descripción 1
EL42011C;Texto Search Descripción 1
EL42012;Texto Search Descripción 1
EL42013C;Texto Search Descripción 1
EL42014;Texto Search Descripción 1
EL42015;Texto Search Descripción 1
EL42016;Texto Search Descripción 1
EL42017;Texto Search Descripción 1
EL42018;Texto Search Descripción 1
EL42019C;Texto Search Descripción 1
EL4202;Texto Search Descripción 1
EL42020C;Texto Search Descripción 1
EL42021C;Texto Search Descripción 1
EL42022C;Texto Search Descripción 1
EL42023C;Texto Search Descripción 1
EL42024C;Texto Search Descripción 1
EL42025C;Texto Search Descripción 1
EL42026C;Texto Search Descripción 1
EL42027C;Texto Search Descripción 1
EL42028C;Texto Search Descripción 1
EL42029C;Texto Search Descripción 1
EL4203;Texto Search Descripción 2
EL42030C;Texto Search Descripción 1
EL42031C;Texto Search Descripción 1
EL42032C;Texto Search Descripción 1
EL42033C;Texto Search Descripción 1
EL42034C;Texto Search Descripción 1
EL42035C;Texto Search Descripción 1
EL42036C;Texto Search Descripción 1203
EL42037C;Texto Search Descripción 1
EL42038C;Texto Search Descripción 1
EL42039C;Texto Search Descripción 1
EL4204;Texto Search Descripción 2
EL42040C;Texto Search Descripción 1205
EL42041C;Texto Search Descripción 1
EL42042C;Texto Search Descripción 1
EL42043C;Texto Search Descripción 1
EL42044C;Texto Search Descripción 1
EL42045C;Texto Search Descripción 1207
EL42046C;Texto Search Descripción 1
EL42047C;Texto Search Descripción 1
EL42048C;Texto Search Descripción 1
EL42049;Texto Search Descripción 1
EL4205;Texto Search Descripción 1
EL42050C;Texto Search Descripción 1
EL42051C;Texto Search Descripción 1
EL42052C;Texto Search Descripción 1
EL42053C;Texto Search Descripción 1
EL42054C;Texto Search Descripción 1214
EL42055C;Texto Search Descripción 1215
EL42056C;Texto Search Descripción 1
EL42057C;Texto Search Descripción 1
EL42058C;Texto Search Descripción 1
EL42059C;Texto Search Descripción 1217
EL4206;Texto Search Descripción 1
EL42060;Texto Search Descripción 1
EL42061C;Texto Search Descripción 1
EL42062C;Texto Search Descripción 1
EL42063C;Texto Search Descripción 1
EL42064C;Texto Search Descripción 1
EL42065C;Texto Search Descripción 1219
EL42066C;Texto Search Descripción 1220
EL42067C;Texto Search Descripción 1
EL42068C;Texto Search Descripción 1
EL42069C;Texto Search Descripción 1222
EL4207;Texto Search Descripción 2
EL42070C;Texto Search Descripción 1602
EL42071C;Texto Search Descripción 1
EL42072C;Texto Search Descripción 1
EL42073C;Texto Search Descripción 1
EL42073K;Texto Search Descripción 1
EL42074C;Texto Search Descripción 1
EL42075C;Texto Search Descripción 1
EL42076C;Texto Search Descripción 1
EL42077C;Texto Search Descripción 1223
EL42078C;Texto Search Descripción 1
EL42079C;Texto Search Descripción 1
EL4208;Texto Search Descripción 1
EL42081C;Texto Search Descripción 1226
EL42082C;Texto Search Descripción 1
EL42083C;Texto Search Descripción 1228
EL42084C;Texto Search Descripción 1229
EL42085C;Texto Search Descripción 1
EL42086C;Texto Search Descripción 1
EL42087C;Texto Search Descripción 1
EL42088C;Texto Search Descripción 1
EL42089C;Texto Search Descripción 1
EL4209;Texto Search Descripción 2
EL42090;Texto Search Descripción 1
EL42092;Texto Search Descripción 1
EL42093;Texto Search Descripción 1
EL42094;Texto Search Descripción 1
EL42095;Texto Search Descripción 1
EL42096C;Texto Search Descripción 1
EL42097;Texto Search Descripción 1
EL42098;Texto Search Descripción 1
EL42099C;Texto Search Descripción 1
EL4210;Texto Search Descripción 1
EL42100C;Texto Search Descripción 1
EL42101;Texto Search Descripción 1
EL42102;Texto Search Descripción 1
EL42103C;Texto Search Descripción 1
EL42104;Texto Search Descripción 1
EL42105;Texto Search Descripción 1
EL42106;Texto Search Descripción 1
EL42107;Texto Search Descripción 1
EL42108C;Texto Search Descripción 1
EL42109C;Texto Search Descripción 1
EL4211;Texto Search Descripción 1
EL42110C;Texto Search Descripción 1
EL42111C;Texto Search Descripción 1
EL42112C;Texto Search Descripción 1
EL42113C;Texto Search Descripción 1
EL42114C;Texto Search Descripción 1
EL42115C;Texto Search Descripción 1
EL42116;Texto Search Descripción 1
EL42117C;Texto Search Descripción 1
EL42118;Texto Search Descripción 1
EL42119C;Texto Search Descripción 1239
EL4212;Texto Search Descripción 1
EL42120C;Texto Search Descripción 1
EL42120K;Texto Search Descripción 1
EL42121C;Texto Search Descripción 1
EL42121K;Texto Search Descripción 1
EL42122C;Texto Search Descripción 1
EL42123;Texto Search Descripción 1
EL42125;Texto Search Descripción 1
EL42126;Texto Search Descripción 1
EL42127;Texto Search Descripción 1
EL42128;Texto Search Descripción 1
EL42129C;Texto Search Descripción 1610
EL42129K;Texto Search Descripción 1
EL4213;Texto Search Descripción 1
EL42132;Texto Search Descripción 1
EL42133;Texto Search Descripción 1
EL42134;Texto Search Descripción 34
EL42136C;Texto Search Descripción 1
EL42137C;Texto Search Descripción 1
EL42138C;Texto Search Descripción 1
EL42139C;Texto Search Descripción 1
EL4214;Texto Search Descripción 2
EL42140C;Texto Search Descripción 1
EL42141;Texto Search Descripción 1
EL42142;Texto Search Descripción 1
EL42143;Texto Search Descripción 1
EL42144;Texto Search Descripción 1
EL42145;Texto Search Descripción 1
EL42146C;Texto Search Descripción 1
EL42147C;Texto Search Descripción 1
EL42148C;Texto Search Descripción 1
EL42149;Texto Search Descripción 1
EL4215;Texto Search Descripción 1
EL42150;Texto Search Descripción 1
EL42151;Texto Search Descripción 1
EL42152;Texto Search Descripción 1
EL42153C;Texto Search Descripción 1
EL42154C;Texto Search Descripción 1
EL42155C;Texto Search Descripción 1
EL42156C;Texto Search Descripción 1
EL42157C;Texto Search Descripción 1
EL42158;Texto Search Descripción 1
EL42159C;Texto Search Descripción 1
EL4216;Texto Search Descripción 1
EL42160C;Texto Search Descripción 1
EL42161C;Texto Search Descripción 1617
EL42162C;Texto Search Descripción 1
EL42163C;Texto Search Descripción 1
EL42164C;Texto Search Descripción 1
EL42165C;Texto Search Descripción 1247
EL42166C;Texto Search Descripción 1
EL42167C;Texto Search Descripción 1249
EL42168C;Texto Search Descripción 1618
EL42169C;Texto Search Descripción 1
EL4217;Texto Search Descripción 1
EL42170C;Texto Search Descripción 1
EL42171C;Texto Search Descripción 1
EL42171LK;Texto Search Descripción 1
EL42171RK;Texto Search Descripción 1
EL42172C;Texto Search Descripción 1250
EL42173C;Texto Search Descripción 1
EL42174C;Texto Search Descripción 1252
EL42175C;Texto Search Descripción 1
EL42176C;Texto Search Descripción 1
EL42177;Texto Search Descripción 1
EL42178C;Texto Search Descripción 1
EL42179;Texto Search Descripción 1
EL4218;Texto Search Descripción 1
EL42180C;Texto Search Descripción 1
EL42181;Texto Search Descripción 1
EL42182;Texto Search Descripción 1
EL42183;Texto Search Descripción 1
EL42184C;Texto Search Descripción 1
EL42185;Texto Search Descripción 1
EL42186;Texto Search Descripción 1
EL42188;Texto Search Descripción 1
EL42189K;Texto Search Descripción 1
EL4219;Texto Search Descripción 1
EL42190C;Texto Search Descripción 1
EL42190LK;Texto Search Descripción 1
EL42190RK;Texto Search Descripción 1
EL42191;Texto Search Descripción 1
EL42192C;Texto Search Descripción 1
EL42193;Texto Search Descripción 1
EL42194C;Texto Search Descripción 1
EL42195C;Texto Search Descripción 1
EL42195K;Texto Search Descripción 1
EL42196C;Texto Search Descripción 1
EL42197C;Texto Search Descripción 1
EL42198C;Texto Search Descripción 1
EL42199C;Texto Search Descripción 1
EL4220;Texto Search Descripción 1
EL42200C;Texto Search Descripción 1
EL42201C;Texto Search Descripción 1
EL42202C;Texto Search Descripción 1
EL42203C;Texto Search Descripción 1
EL42203K;Texto Search Descripción 1
EL42204C;Texto Search Descripción 1
EL42205C;Texto Search Descripción 1
EL42206C;Texto Search Descripción 1
EL42207C;Texto Search Descripción 1
EL42209C;Texto Search Descripción 1
EL4221;Texto Search Descripción 1
EL42211C;Texto Search Descripción 1
EL42212C;Texto Search Descripción 1
EL42213C;Texto Search Descripción 1
EL42213K;Texto Search Descripción 1
EL42214C;Texto Search Descripción 1
EL42215C;Texto Search Descripción 1
EL42216C;Texto Search Descripción 1
EL42217;Texto Search Descripción 1
EL42218C;Texto Search Descripción 1
EL42219C;Texto Search Descripción 1
EL4222;Texto Search Descripción 1
EL42220;Texto Search Descripción 1
EL42221C;Texto Search Descripción 1
EL42221K;Texto Search Descripción 1
EL42222;Texto Search Descripción 1
EL42223C;Texto Search Descripción 1
EL42223K;Texto Search Descripción 1
EL42224;Texto Search Descripción 1
EL42225C;Texto Search Descripción 1
EL42226C;Texto Search Descripción 1
EL42227C;Texto Search Descripción 1
EL42228C;Texto Search Descripción 1
EL42229C;Texto Search Descripción 1
EL4223;Texto Search Descripción 1
EL42230C;Texto Search Descripción 1
EL42231C;Texto Search Descripción 1
EL42232;Texto Search Descripción 1
EL42233C;Texto Search Descripción 1
EL42234C;Texto Search Descripción 1
EL42235C;Texto Search Descripción 1
EL42235K;Texto Search Descripción 1
EL42236;Texto Search Descripción 1
EL42237C;Texto Search Descripción 1
EL42238C;Texto Search Descripción 1
EL42239;Texto Search Descripción 1
EL4224;Texto Search Descripción 1
EL42240C;Texto Search Descripción 1
EL42241;Texto Search Descripción 1
EL42242;Texto Search Descripción 1
EL42243C;Texto Search Descripción 1
EL42245;Texto Search Descripción 1
EL42246;Texto Search Descripción 1
EL42247C;Texto Search Descripción 1
EL42248C;Texto Search Descripción 1
EL42248K;Texto Search Descripción 1
EL42249;Texto Search Descripción 1
EL4225;Texto Search Descripción 2
EL42250;Texto Search Descripción 1
EL42251;Texto Search Descripción 1
EL42252C;Texto Search Descripción 1
EL42253C;Texto Search Descripción 1
EL42254;Texto Search Descripción 1
EL42255;Texto Search Descripción 1
EL42256C;Texto Search Descripción 1
EL42257C;Texto Search Descripción 1
EL42257K;Texto Search Descripción 1
EL42258C;Texto Search Descripción 1
EL42259C;Texto Search Descripción 1
EL42259K;Texto Search Descripción 1
EL4226;Texto Search Descripción 2
EL42260C;Texto Search Descripción 1
EL42261C;Texto Search Descripción 1
EL42262;Texto Search Descripción 1
EL42263C;Texto Search Descripción 1
EL42263K;Texto Search Descripción 1
EL42264;Texto Search Descripción 1
EL42265C;Texto Search Descripción 1
EL42266;Texto Search Descripción 1
EL42267;Texto Search Descripción 1
EL42268C;Texto Search Descripción 1
EL42268K;Texto Search Descripción 1
EL42269C;Texto Search Descripción 1
EL4227;Texto Search Descripción 2
EL42270;Texto Search Descripción 1
EL42271C;Texto Search Descripción 1
EL42273C;Texto Search Descripción 1
EL42276C;Texto Search Descripción 1
EL42277C;Texto Search Descripción 1
EL42278C;Texto Search Descripción 1
EL42279C;Texto Search Descripción 1
EL4228;Texto Search Descripción 2
EL42280C;Texto Search Descripción 1
EL42281C;Texto Search Descripción 1
EL42282;Texto Search Descripción 1
EL42283;Texto Search Descripción 1
EL42284A;Texto Search Descripción 1
EL42286;Texto Search Descripción 1
EL42287;Texto Search Descripción 1
EL42288;Texto Search Descripción 1
EL4229;Texto Search Descripción 1
EL42290;Texto Search Descripción 1
EL42291C;Texto Search Descripción 1
EL42292C;Texto Search Descripción 1
EL42292K;Texto Search Descripción 1
EL42293;Texto Search Descripción 1
EL42294C;Texto Search Descripción 1630
EL42295;Texto Search Descripción 1
EL42296;Texto Search Descripción 1
EL42297C;Texto Search Descripción 1
EL42298C;Texto Search Descripción 1
EL4230;Texto Search Descripción 1
EL42300C;Texto Search Descripción 1633
EL42301C;Texto Search Descripción 1
EL42303;Texto Search Descripción 1
EL42304;Texto Search Descripción 1
EL42305;Texto Search Descripción 1
EL42306C;Texto Search Descripción 1
EL42307C;Texto Search Descripción 1636
EL42308C;Texto Search Descripción 1
EL42309C;Texto Search Descripción 1
EL4231;Texto Search Descripción 1
EL42310C;Texto Search Descripción 1
EL42311C;Texto Search Descripción 1640
EL42312C;Texto Search Descripción 1641
EL42313C;Texto Search Descripción 1
EL42314C;Texto Search Descripción 1643
EL42315C;Texto Search Descripción 1
EL42316C;Texto Search Descripción 1
EL42317C;Texto Search Descripción 1
EL42318C;Texto Search Descripción 1
EL42318K;Texto Search Descripción 1
EL42319C;Texto Search Descripción 1
EL4232;Texto Search Descripción 1
EL42320C;Texto Search Descripción 1
EL42321C;Texto Search Descripción 1
EL42322C;Texto Search Descripción 1
EL42323C;Texto Search Descripción 1
EL42324C;Texto Search Descripción 1653
EL42325C;Texto Search Descripción 1
EL42325LK;Texto Search Descripción 1
EL42325RK;Texto Search Descripción 1
EL42327C;Texto Search Descripción 1
EL42327K;Texto Search Descripción 1
EL42328C;Texto Search Descripción 1656
EL42329C;Texto Search Descripción 1
EL4233;Texto Search Descripción 1
EL42330C;Texto Search Descripción 1
EL42331C;Texto Search Descripción 1659
EL42332;Texto Search Descripción 1
EL42333C;Texto Search Descripción 1
EL42334;Texto Search Descripción 1
EL42335C;Texto Search Descripción 1262
EL42336C;Texto Search Descripción 1661
EL42337A;Texto Search Descripción 1
EL42338A;Texto Search Descripción 1
EL42339A;Texto Search Descripción 1
EL4234;Texto Search Descripción 1
EL42340;Texto Search Descripción 1
EL42341A;Texto Search Descripción 1
EL42342A;Texto Search Descripción 1
EL42343A;Texto Search Descripción 1
EL42344A;Texto Search Descripción 1
EL42345A;Texto Search Descripción 1
EL42346A;Texto Search Descripción 1
EL42347A;Texto Search Descripción 1
EL42348A;Texto Search Descripción 1
EL42349A;Texto Search Descripción 1
EL4235;Texto Search Descripción 2
EL42350A;Texto Search Descripción 1
EL42351A;Texto Search Descripción 1
EL42352A;Texto Search Descripción 1
EL42353A;Texto Search Descripción 1
EL42354A;Texto Search Descripción 1
EL42355A;Texto Search Descripción 1
EL42356A;Texto Search Descripción 1
EL42357A;Texto Search Descripción 1
EL42358;Texto Search Descripción 1
EL42359C;Texto Search Descripción 1
EL42359K;Texto Search Descripción 1
EL4236;Texto Search Descripción 2
EL42360;Texto Search Descripción 1
EL42361C;Texto Search Descripción 1
EL42362C;Texto Search Descripción 1
EL42363C;Texto Search Descripción 1
EL42364C;Texto Search Descripción 1
EL42365C;Texto Search Descripción 1263
EL42366C;Texto Search Descripción 1
EL42367C;Texto Search Descripción 1
EL42368;Texto Search Descripción 1
EL42369C;Texto Search Descripción 1
EL4237;Texto Search Descripción 2
EL42370;Texto Search Descripción 1
EL42371C;Texto Search Descripción 1
EL42372;Texto Search Descripción 1
EL42373C;Texto Search Descripción 1
EL42373K;Texto Search Descripción 1
EL42374;Texto Search Descripción 1
EL42375C;Texto Search Descripción 1
EL42376;Texto Search Descripción 1
EL42377C;Texto Search Descripción 1
EL42378;Texto Search Descripción 1
EL42379;Texto Search Descripción 1
EL4238;Texto Search Descripción 2
EL42380;Texto Search Descripción 1
EL42381C;Texto Search Descripción 1
EL42381K;Texto Search Descripción 1
EL42382A;Texto Search Descripción 1
EL42383A;Texto Search Descripción 1
EL42384A;Texto Search Descripción 1
EL42385A;Texto Search Descripción 1
EL42386A;Texto Search Descripción 1
EL42387A;Texto Search Descripción 1
EL42388A;Texto Search Descripción 1
EL42389A;Texto Search Descripción 1
EL4239;Texto Search Descripción 1
EL42390A;Texto Search Descripción 1
EL42391A;Texto Search Descripción 1
EL42392A;Texto Search Descripción 1
EL42393A;Texto Search Descripción 1
EL42394A;Texto Search Descripción 1
EL42395A;Texto Search Descripción 1
EL42396A;Texto Search Descripción 1
EL42397;Texto Search Descripción 1
EL42398C;Texto Search Descripción 1
EL42399A;Texto Search Descripción 1
EL4240;Texto Search Descripción 1
EL42400A;Texto Search Descripción 1
EL42401A;Texto Search Descripción 1
EL42402A;Texto Search Descripción 1
EL42403A;Texto Search Descripción 1
EL42404A;Texto Search Descripción 1
EL42405A;Texto Search Descripción 1
EL42406;Texto Search Descripción 1
EL42407C;Texto Search Descripción 1
EL42408;Texto Search Descripción 1
EL42409C;Texto Search Descripción 1
EL4241;Texto Search Descripción 1
EL42410;Texto Search Descripción 1
EL42411;Texto Search Descripción 1
EL42412C;Texto Search Descripción 1
EL42413C;Texto Search Descripción 1
EL42414C;Texto Search Descripción 1
EL42415;Texto Search Descripción 1
EL42416C;Texto Search Descripción 1
EL42417C;Texto Search Descripción 1
EL42418C;Texto Search Descripción 1
EL42419;Texto Search Descripción 1
EL4242;Texto Search Descripción 2
EL42420C;Texto Search Descripción 1
EL42420K;Texto Search Descripción 1
EL42421;Texto Search Descripción 1
EL42422C;Texto Search Descripción 1
EL42423;Texto Search Descripción 1
EL42424C;Texto Search Descripción 1
EL42425C;Texto Search Descripción 1
EL42426C;Texto Search Descripción 1
EL42426K;Texto Search Descripción 1
EL42427C;Texto Search Descripción 1
EL42428C;Texto Search Descripción 1
EL42429C;Texto Search Descripción 1
EL4243;Texto Search Descripción 1
EL42430;Texto Search Descripción 1
EL42431C;Texto Search Descripción 1
EL42432C;Texto Search Descripción 1
EL42433C;Texto Search Descripción 1
EL42434C;Texto Search Descripción 1
EL42435;Texto Search Descripción 1
EL42436C;Texto Search Descripción 1
EL42437C;Texto Search Descripción 1677
EL42438C;Texto Search Descripción 1
EL42439C;Texto Search Descripción 1
EL4244;Texto Search Descripción 1
EL42440;Texto Search Descripción 1
EL42441C;Texto Search Descripción 1
EL42442C;Texto Search Descripción 1
EL42443C;Texto Search Descripción 1
EL42444;Texto Search Descripción 1
EL42445C;Texto Search Descripción 1
EL42446C;Texto Search Descripción 1
EL42446K;Texto Search Descripción 1
EL42447;Texto Search Descripción 1
EL42448C;Texto Search Descripción 1
EL42449;Texto Search Descripción 1
EL4245;Texto Search Descripción 2
EL42450C;Texto Search Descripción 1
EL42450K;Texto Search Descripción 1
EL42451C;Texto Search Descripción 1
EL42452C;Texto Search Descripción 1
EL42453C;Texto Search Descripción 1
EL42454C;Texto Search Descripción 1
EL42454LK;Texto Search Descripción 1
EL42454RK;Texto Search Descripción 1
EL42455C;Texto Search Descripción 1
EL42456C;Texto Search Descripción 1
EL42456K;Texto Search Descripción 1
EL42457C;Texto Search Descripción 1
EL42458C;Texto Search Descripción 1
EL42459C;Texto Search Descripción 1
EL4246;Texto Search Descripción 2
EL42460C;Texto Search Descripción 1
EL42461C;Texto Search Descripción 1
EL42461K;Texto Search Descripción 1
EL42463C;Texto Search Descripción 1
EL42464A;Texto Search Descripción 1
EL42465A;Texto Search Descripción 1
EL42466A;Texto Search Descripción 1
EL42467A;Texto Search Descripción 1
EL42468C;Texto Search Descripción 1
EL42469A;Texto Search Descripción 1
EL4247;Texto Search Descripción 1
EL42470A;Texto Search Descripción 1
EL42471C;Texto Search Descripción 1
EL42472C;Texto Search Descripción 1
EL42473;Texto Search Descripción 1
EL42474C;Texto Search Descripción 1
EL42475A;Texto Search Descripción 1
EL42476A;Texto Search Descripción 1
EL42477A;Texto Search Descripción 1
EL42478A;Texto Search Descripción 1
EL42479C;Texto Search Descripción 1
EL4248;Texto Search Descripción 2
EL42480A;Texto Search Descripción 1
EL42481A;Texto Search Descripción 1
EL42482A;Texto Search Descripción 1
EL42483A;Texto Search Descripción 1
EL42484A;Texto Search Descripción 1
EL42485A;Texto Search Descripción 1
EL42486A;Texto Search Descripción 1
EL42487A;Texto Search Descripción 1
EL42488A;Texto Search Descripción 1
EL42489A;Texto Search Descripción 1
EL4249;Texto Search Descripción 2
EL42490A;Texto Search Descripción 1
EL42491A;Texto Search Descripción 1
EL42492A;Texto Search Descripción 1
EL42493A;Texto Search Descripción 1
EL42494A;Texto Search Descripción 1
EL42495A;Texto Search Descripción 1
EL42496A;Texto Search Descripción 1
EL42497C;Texto Search Descripción 1
EL42498C;Texto Search Descripción 1
EL42499C;Texto Search Descripción 1
EL42499LK;Texto Search Descripción 1
EL42499RK;Texto Search Descripción 1
EL4250;Texto Search Descripción 1
EL42500C;Texto Search Descripción 1
EL42500K;Texto Search Descripción 1
EL42501;Texto Search Descripción 1
EL42502C;Texto Search Descripción 1
EL42503C;Texto Search Descripción 1
EL42504C;Texto Search Descripción 1
EL42505;Texto Search Descripción 1
EL42506C;Texto Search Descripción 1
EL42507C;Texto Search Descripción 1
EL42508C;Texto Search Descripción 1
EL42509C;Texto Search Descripción 1
EL4251;Texto Search Descripción 2
EL42510C;Texto Search Descripción 1
EL42511C;Texto Search Descripción 1
EL42512;Texto Search Descripción 1
EL42513C;Texto Search Descripción 1
EL42514C;Texto Search Descripción 1
EL42515C;Texto Search Descripción 1
EL42516C;Texto Search Descripción 1
EL42516K;Texto Search Descripción 1
EL42517C;Texto Search Descripción 1
EL42518C;Texto Search Descripción 1
EL42519C;Texto Search Descripción 1
EL4252;Texto Search Descripción 1
EL42520C;Texto Search Descripción 1
EL42521C;Texto Search Descripción 1
EL42522C;Texto Search Descripción 1
EL42523C;Texto Search Descripción 1
EL42524;Texto Search Descripción 1
EL42525C;Texto Search Descripción 1
EL42526C;Texto Search Descripción 1
EL42527C;Texto Search Descripción 1
EL42528C;Texto Search Descripción 1
EL42529;Texto Search Descripción 1
EL4253;Texto Search Descripción 2
EL42530C;Texto Search Descripción 1
EL42531C;Texto Search Descripción 1
EL42532C;Texto Search Descripción 1
EL42532K;Texto Search Descripción 1
EL42533;Texto Search Descripción 1
EL42534C;Texto Search Descripción 1
EL42535C;Texto Search Descripción 1
EL42536C;Texto Search Descripción 1
EL42537C;Texto Search Descripción 1
EL42538C;Texto Search Descripción 1
EL42539C;Texto Search Descripción 1
EL4254;Texto Search Descripción 2
EL42540A;Texto Search Descripción 1
EL42541C;Texto Search Descripción 1
EL42542;Texto Search Descripción 1
EL42543C;Texto Search Descripción 1
EL42544C;Texto Search Descripción 1
EL42545A;Texto Search Descripción 1
EL42546A;Texto Search Descripción 1
EL42547A;Texto Search Descripción 1
EL42548A;Texto Search Descripción 1
EL42549;Texto Search Descripción 1
EL4255;Texto Search Descripción 2
EL42550C;Texto Search Descripción 1
EL42551C;Texto Search Descripción 1
EL42552C;Texto Search Descripción 1
EL42553C;Texto Search Descripción 1
EL42554C;Texto Search Descripción 1
EL42555C;Texto Search Descripción 1
EL42556A;Texto Search Descripción 1
EL42557;Texto Search Descripción 1
EL42558A;Texto Search Descripción 1
EL42559C;Texto Search Descripción 1
EL42559K;Texto Search Descripción 1
EL4256;Texto Search Descripción 1
EL42560A;Texto Search Descripción 1
EL42561C;Texto Search Descripción 1
EL42562C;Texto Search Descripción 1
EL42563C;Texto Search Descripción 1
EL42564A;Texto Search Descripción 1
EL42565A;Texto Search Descripción 1
EL42566A;Texto Search Descripción 1
EL42567C;Texto Search Descripción 1
EL42568A;Texto Search Descripción 1
EL42569A;Texto Search Descripción 1
EL4257;Texto Search Descripción 1
EL42570A;Texto Search Descripción 1
EL42571C;Texto Search Descripción 1
EL42571K;Texto Search Descripción 1
EL42572A;Texto Search Descripción 1
EL42573A;Texto Search Descripción 1
EL42574A;Texto Search Descripción 1
EL42575C;Texto Search Descripción 1
EL42575K;Texto Search Descripción 1
EL42576A;Texto Search Descripción 1
EL42577A;Texto Search Descripción 1
EL42578A;Texto Search Descripción 1
EL42579A;Texto Search Descripción 1
EL4258;Texto Search Descripción 1
EL42580A;Texto Search Descripción 1
EL42581A;Texto Search Descripción 1
EL42582A;Texto Search Descripción 1
EL42583A;Texto Search Descripción 1
EL42584;Texto Search Descripción 1
EL42585C;Texto Search Descripción 1
EL42586A;Texto Search Descripción 1
EL42587C;Texto Search Descripción 1
EL42587K;Texto Search Descripción 1
EL42588C;Texto Search Descripción 1
EL42588K;Texto Search Descripción 1
EL42589C;Texto Search Descripción 1
EL4259;Texto Search Descripción 1
EL42590C;Texto Search Descripción 1
EL42591C;Texto Search Descripción 1
EL42592C;Texto Search Descripción 1
EL42593C;Texto Search Descripción 1
EL42594C;Texto Search Descripción 1
EL42595C;Texto Search Descripción 1
EL42596;Texto Search Descripción 1
EL42597C;Texto Search Descripción 1
EL42598C;Texto Search Descripción 1
EL42599C;Texto Search Descripción 1
EL4260;Texto Search Descripción 1
EL42600C;Texto Search Descripción 1
EL42601;Texto Search Descripción 1
EL42602;Texto Search Descripción 1
EL42603C;Texto Search Descripción 1
EL42603K;Texto Search Descripción 1
EL42604;Texto Search Descripción 1
EL42605C;Texto Search Descripción 1
EL42606C;Texto Search Descripción 1
EL42607;Texto Search Descripción 1
EL42608C;Texto Search Descripción 1
EL42608LK;Texto Search Descripción 1
EL42608RK;Texto Search Descripción 1
EL42609C;Texto Search Descripción 1688
EL4261;Texto Search Descripción 2
EL42610A;Texto Search Descripción 1
EL42611A;Texto Search Descripción 1
EL42612A;Texto Search Descripción 1
EL42613A;Texto Search Descripción 1
EL42614A;Texto Search Descripción 1
EL42615A;Texto Search Descripción 1
EL42616A;Texto Search Descripción 1
EL42617A;Texto Search Descripción 1
EL42618A;Texto Search Descripción 1
EL42619A;Texto Search Descripción 1
EL4262;Texto Search Descripción 1
EL42620C;Texto Search Descripción 1
EL42621;Texto Search Descripción 1
EL42622C;Texto Search Descripción 1
EL42623C;Texto Search Descripción 1
EL42624C;Texto Search Descripción 1
EL42625C;Texto Search Descripción 1
EL42626C;Texto Search Descripción 1
EL42627A;Texto Search Descripción 1
EL42628A;Texto Search Descripción 1
EL42629A;Texto Search Descripción 1
EL4263;Texto Search Descripción 1
EL42630A;Texto Search Descripción 1
EL42631A;Texto Search Descripción 1
EL42632A;Texto Search Descripción 1
EL42633A;Texto Search Descripción 1
EL42634A;Texto Search Descripción 1
EL42635A;Texto Search Descripción 1
EL42636A;Texto Search Descripción 1
EL42637A;Texto Search Descripción 1
EL42638A;Texto Search Descripción 1
EL42639A;Texto Search Descripción 1
EL4264;Texto Search Descripción 1
EL42640A;Texto Search Descripción 1
EL42641C;Texto Search Descripción 1
EL42642C;Texto Search Descripción 1
EL42643C;Texto Search Descripción 1
EL42644C;Texto Search Descripción 1
EL42645;Texto Search Descripción 1
EL42646C;Texto Search Descripción 1
EL42646K;Texto Search Descripción 1
EL42647C;Texto Search Descripción 1
EL42648C;Texto Search Descripción 1
EL42649;Texto Search Descripción 1
EL4265;Texto Search Descripción 1
EL42650C;Texto Search Descripción 1
EL42651C;Texto Search Descripción 1
EL42652;Texto Search Descripción 1
EL42653C;Texto Search Descripción 1
EL42653K;Texto Search Descripción 1
EL42654C;Texto Search Descripción 1
EL42655C;Texto Search Descripción 1
EL42656C;Texto Search Descripción 1
EL42657C;Texto Search Descripción 1
EL42658C;Texto Search Descripción 1
EL42659;Texto Search Descripción 1
EL4266;Texto Search Descripción 2
EL42660C;Texto Search Descripción 1
EL42661C;Texto Search Descripción 1
EL42662C;Texto Search Descripción 1
EL42663C;Texto Search Descripción 1
EL42664C;Texto Search Descripción 1
EL42665C;Texto Search Descripción 1
EL42666;Texto Search Descripción 1
EL42667C;Texto Search Descripción 1
EL42668C;Texto Search Descripción 1
EL4267;Texto Search Descripción 1
EL42671C;Texto Search Descripción 1
EL42672C;Texto Search Descripción 1
EL42673C;Texto Search Descripción 1
EL42674C;Texto Search Descripción 1
EL42675C;Texto Search Descripción 1
EL42676C;Texto Search Descripción 1
EL42677A;Texto Search Descripción 1
EL42678A;Texto Search Descripción 1
EL42679A;Texto Search Descripción 1
EL4268;Texto Search Descripción 1
EL42680A;Texto Search Descripción 1
EL42681A;Texto Search Descripción 1
EL42682A;Texto Search Descripción 1
EL42683A;Texto Search Descripción 1
EL42684A;Texto Search Descripción 1
EL42685A;Texto Search Descripción 1
EL42686A;Texto Search Descripción 1
EL42687A;Texto Search Descripción 1
EL42688A;Texto Search Descripción 1
EL42689A;Texto Search Descripción 1
EL4269;Texto Search Descripción 1
EL42690A;Texto Search Descripción 1
EL42691A;Texto Search Descripción 1
EL42692A;Texto Search Descripción 1
EL42693;Texto Search Descripción 1
EL42694C;Texto Search Descripción 1
EL42694K;Texto Search Descripción 1
EL42695;Texto Search Descripción 1
EL42696C;Texto Search Descripción 1
EL42697;Texto Search Descripción 1
EL42698C;Texto Search Descripción 1
EL42698K;Texto Search Descripción 1
EL42699;Texto Search Descripción 1
EL4270;Texto Search Descripción 1
EL42700C;Texto Search Descripción 1
EL42701;Texto Search Descripción 1
EL42702C;Texto Search Descripción 1
EL42702K;Texto Search Descripción 1
EL42703;Texto Search Descripción 1
EL42704C;Texto Search Descripción 1
EL42705;Texto Search Descripción 1
EL42706C;Texto Search Descripción 1
EL42707;Texto Search Descripción 1
EL42708C;Texto Search Descripción 1
EL42709;Texto Search Descripción 1
EL4271;Texto Search Descripción 1
EL42710C;Texto Search Descripción 1
EL42711C;Texto Search Descripción 1
EL42712;Texto Search Descripción 1
EL42713C;Texto Search Descripción 1
EL42714C;Texto Search Descripción 1
EL42715C;Texto Search Descripción 1
EL42716;Texto Search Descripción 1
EL42717C;Texto Search Descripción 1
EL42718;Texto Search Descripción 1
EL42719C;Texto Search Descripción 1
EL4272;Texto Search Descripción 1
EL42720;Texto Search Descripción 1
EL42721C;Texto Search Descripción 1
EL42722;Texto Search Descripción 1
EL42723C;Texto Search Descripción 1
EL42724C;Texto Search Descripción 1
EL42725;Texto Search Descripción 1
EL42726;Texto Search Descripción 1
EL42727C;Texto Search Descripción 1
EL42728;Texto Search Descripción 1
EL42729C;Texto Search Descripción 1
EL4273;Texto Search Descripción 1
EL42730;Texto Search Descripción 1
EL42731C;Texto Search Descripción 1
EL42731K;Texto Search Descripción 1
EL42732;Texto Search Descripción 1
EL42733C;Texto Search Descripción 1
EL42734;Texto Search Descripción 1
EL42735C;Texto Search Descripción 1
EL42735K;Texto Search Descripción 1
EL42736;Texto Search Descripción 1
EL42737C;Texto Search Descripción 1
EL42738C;Texto Search Descripción 1
EL42739;Texto Search Descripción 1
EL4274;Texto Search Descripción 1
EL42740C;Texto Search Descripción 1
EL42741;Texto Search Descripción 1
EL42742C;Texto Search Descripción 1
EL42743;Texto Search Descripción 1
EL42744;Texto Search Descripción 1
EL42745C;Texto Search Descripción 1
EL42746C;Texto Search Descripción 1
EL42746K;Texto Search Descripción 1
EL42747;Texto Search Descripción 1
EL42748C;Texto Search Descripción 1
EL42749C;Texto Search Descripción 1
EL4275;Texto Search Descripción 2
EL42750;Texto Search Descripción 1
EL42751C;Texto Search Descripción 1
EL42752;Texto Search Descripción 1
EL42753C;Texto Search Descripción 1
EL42753K;Texto Search Descripción 1
EL42754;Texto Search Descripción 1
EL42755C;Texto Search Descripción 1
EL42756;Texto Search Descripción 1
EL42757C;Texto Search Descripción 1
EL42758;Texto Search Descripción 1
EL42759C;Texto Search Descripción 1
EL4276;Texto Search Descripción 1
EL42760C;Texto Search Descripción 1
EL42761C;Texto Search Descripción 1
EL42762;Texto Search Descripción 1
EL42763C;Texto Search Descripción 1
EL42764;Texto Search Descripción 1
EL42765C;Texto Search Descripción 1
EL42765K;Texto Search Descripción 1
EL42766;Texto Search Descripción 1
EL42767C;Texto Search Descripción 1
EL42767K;Texto Search Descripción 1
EL42768;Texto Search Descripción 1
EL42769C;Texto Search Descripción 1
EL42769K;Texto Search Descripción 1
EL4277;Texto Search Descripción 2
EL42770;Texto Search Descripción 1
EL42771C;Texto Search Descripción 1
EL42772;Texto Search Descripción 1
EL42773C;Texto Search Descripción 1
EL42774A;Texto Search Descripción 1
EL42775A;Texto Search Descripción 1
EL42776A;Texto Search Descripción 1
EL42777;Texto Search Descripción 1
EL42778C;Texto Search Descripción 1
EL42778K;Texto Search Descripción 1
EL42779;Texto Search Descripción 1
EL4278;Texto Search Descripción 2
EL42780C;Texto Search Descripción 1
EL42781;Texto Search Descripción 1
EL42782C;Texto Search Descripción 1
EL42783C;Texto Search Descripción 1
EL42784C;Texto Search Descripción 1
EL42785A;Texto Search Descripción 1
EL42786A;Texto Search Descripción 1
EL42787A;Texto Search Descripción 1
EL42788A;Texto Search Descripción 1
EL42789A;Texto Search Descripción 1
EL4279;Texto Search Descripción 2
EL42790A;Texto Search Descripción 1
EL42791A;Texto Search Descripción 1
EL42792A;Texto Search Descripción 1
EL42793A;Texto Search Descripción 1
EL42794A;Texto Search Descripción 1
EL42795A;Texto Search Descripción 1
EL42796A;Texto Search Descripción 1
EL42797A;Texto Search Descripción 1
EL42798A;Texto Search Descripción 1
EL42799A;Texto Search Descripción 1
EL4280;Texto Search Descripción 2
EL42800A;Texto Search Descripción 1
EL42801A;Texto Search Descripción 1
EL42802A;Texto Search Descripción 1
EL42803A;Texto Search Descripción 1
EL42804A;Texto Search Descripción 1
EL42805A;Texto Search Descripción 1
EL42806A;Texto Search Descripción 1
EL42807A;Texto Search Descripción 1
EL42808A;Texto Search Descripción 1
EL42809A;Texto Search Descripción 1
EL4281;Texto Search Descripción 2
EL42810A;Texto Search Descripción 1
EL42811A;Texto Search Descripción 1
EL42812;Texto Search Descripción 1
EL42813C;Texto Search Descripción 1
EL42814;Texto Search Descripción 1
EL42815C;Texto Search Descripción 1
EL42815LK;Texto Search Descripción 1
EL42815RK;Texto Search Descripción 1
EL42816;Texto Search Descripción 1
EL42817C;Texto Search Descripción 1
EL42818C;Texto Search Descripción 1
EL42819A;Texto Search Descripción 1
EL4282;Texto Search Descripción 2
EL42820A;Texto Search Descripción 1
EL42821A;Texto Search Descripción 1
EL42822A;Texto Search Descripción 1
EL42823A;Texto Search Descripción 1
EL42824A;Texto Search Descripción 1
EL42825A;Texto Search Descripción 1
EL42826A;Texto Search Descripción 1
EL42827A;Texto Search Descripción 1
EL42828A;Texto Search Descripción 1
EL42829A;Texto Search Descripción 1
EL4283;Texto Search Descripción 1
EL42830A;Texto Search Descripción 1
EL42831;Texto Search Descripción 1
EL42832C;Texto Search Descripción 1
EL42833C;Texto Search Descripción 1
EL42834;Texto Search Descripción 1
EL42835C;Texto Search Descripción 1
EL42835K;Texto Search Descripción 1
EL42838;Texto Search Descripción 1
EL42839C;Texto Search Descripción 1
EL42839K;Texto Search Descripción 1
EL4284;Texto Search Descripción 2
EL42840C;Texto Search Descripción 1
EL42841A;Texto Search Descripción 1
EL42842A;Texto Search Descripción 1
EL42843A;Texto Search Descripción 1
EL42844A;Texto Search Descripción 1
EL42845A;Texto Search Descripción 1
EL42846A;Texto Search Descripción 1
EL42847A;Texto Search Descripción 1
EL42848A;Texto Search Descripción 1
EL42849A;Texto Search Descripción 1
EL4285;Texto Search Descripción 1
EL42850A;Texto Search Descripción 1
EL42851;Texto Search Descripción 1
EL42852A;Texto Search Descripción 1
EL42853A;Texto Search Descripción 1
EL42854A;Texto Search Descripción 1
EL42855A;Texto Search Descripción 1
EL42856A;Texto Search Descripción 1
EL42857A;Texto Search Descripción 1
EL42858A;Texto Search Descripción 1
EL42859A;Texto Search Descripción 1
EL4286;Texto Search Descripción 1
EL42860A;Texto Search Descripción 1
EL42861A;Texto Search Descripción 1
EL42862A;Texto Search Descripción 1
EL42863C;Texto Search Descripción 1
EL42864A;Texto Search Descripción 1
EL42867A;Texto Search Descripción 1
EL42868A;Texto Search Descripción 1
EL42869A;Texto Search Descripción 1
EL4287;Texto Search Descripción 1
EL42870A;Texto Search Descripción 1
EL42871A;Texto Search Descripción 1
EL42872A;Texto Search Descripción 1
EL42873A;Texto Search Descripción 1
EL42874A;Texto Search Descripción 1
EL42875A;Texto Search Descripción 1
EL42876A;Texto Search Descripción 1
EL42877A;Texto Search Descripción 1
EL42878A;Texto Search Descripción 1
EL42879A;Texto Search Descripción 1
EL4288;Texto Search Descripción 1
EL42880A;Texto Search Descripción 1
EL42881A;Texto Search Descripción 1
EL42882A;Texto Search Descripción 1
EL42883A;Texto Search Descripción 1
EL42884A;Texto Search Descripción 1
EL42885A;Texto Search Descripción 1
EL42886A;Texto Search Descripción 1
EL42887A;Texto Search Descripción 1
EL42888A;Texto Search Descripción 1
EL42889A;Texto Search Descripción 1
EL4289;Texto Search Descripción 2
EL42890A;Texto Search Descripción 1
EL42891A;Texto Search Descripción 1
EL42892A;Texto Search Descripción 1
EL42893A;Texto Search Descripción 1
EL42894A;Texto Search Descripción 1
EL42895A;Texto Search Descripción 1
EL42896A;Texto Search Descripción 1
EL42897A;Texto Search Descripción 1
EL42898A;Texto Search Descripción 1
EL42899A;Texto Search Descripción 1
EL4290;Texto Search Descripción 1
EL42900A;Texto Search Descripción 1
EL42901A;Texto Search Descripción 1
EL42902A;Texto Search Descripción 1
EL42903A;Texto Search Descripción 1
EL42904A;Texto Search Descripción 1
EL42905A;Texto Search Descripción 1
EL42906;Texto Search Descripción 1
EL42907C;Texto Search Descripción 1
EL42908A;Texto Search Descripción 1
EL42909A;Texto Search Descripción 1
EL4291;Texto Search Descripción 1
EL42910A;Texto Search Descripción 1
EL42911A;Texto Search Descripción 1
EL42912A;Texto Search Descripción 1
EL42913A;Texto Search Descripción 1
EL42914A;Texto Search Descripción 1
EL42915A;Texto Search Descripción 1
EL42916A;Texto Search Descripción 1
EL42917A;Texto Search Descripción 1
EL42918A;Texto Search Descripción 1
EL42919A;Texto Search Descripción 1
EL4292;Texto Search Descripción 2
EL42920A;Texto Search Descripción 1
EL42921A;Texto Search Descripción 1
EL42922A;Texto Search Descripción 1
EL42923A;Texto Search Descripción 1
EL42924A;Texto Search Descripción 1
EL42925A;Texto Search Descripción 1
EL42926A;Texto Search Descripción 1
EL42927A;Texto Search Descripción 1
EL42928A;Texto Search Descripción 1
EL42929A;Texto Search Descripción 1
EL4293;Texto Search Descripción 2
EL42930A;Texto Search Descripción 1
EL42931;Texto Search Descripción 1
EL42932C;Texto Search Descripción 1
EL42933A;Texto Search Descripción 1
EL42934C;Texto Search Descripción 1
EL42935;Texto Search Descripción 1
EL42936C;Texto Search Descripción 1
EL42937;Texto Search Descripción 1
EL42938C;Texto Search Descripción 1
EL42939A;Texto Search Descripción 1
EL4294;Texto Search Descripción 2
EL42940A;Texto Search Descripción 1
EL42941A;Texto Search Descripción 1
EL42942;Texto Search Descripción 1
EL42943C;Texto Search Descripción 1
EL42944C;Texto Search Descripción 1
EL42945A;Texto Search Descripción 1
EL42946A;Texto Search Descripción 1
EL42947A;Texto Search Descripción 1
EL42948A;Texto Search Descripción 1
EL42949A;Texto Search Descripción 1
EL4295;Texto Search Descripción 1
EL42950A;Texto Search Descripción 1
EL42951A;Texto Search Descripción 1
EL42952A;Texto Search Descripción 1
EL42953A;Texto Search Descripción 1
EL42954A;Texto Search Descripción 1
EL42955A;Texto Search Descripción 1
EL42956A;Texto Search Descripción 1
EL42957A;Texto Search Descripción 1
EL42958A;Texto Search Descripción 1
EL42959A;Texto Search Descripción 1
EL4296;Texto Search Descripción 1
EL42960A;Texto Search Descripción 1
EL42961A;Texto Search Descripción 1
EL42962A;Texto Search Descripción 1
EL42963A;Texto Search Descripción 1
EL42964A;Texto Search Descripción 1
EL42965A;Texto Search Descripción 1
EL42966;Texto Search Descripción 1
EL42967C;Texto Search Descripción 1
EL42968A;Texto Search Descripción 1
EL42969C;Texto Search Descripción 1690
EL4297;Texto Search Descripción 1
EL42970A;Texto Search Descripción 1
EL42971A;Texto Search Descripción 1
EL42972A;Texto Search Descripción 1
EL42973A;Texto Search Descripción 1
EL42974;Texto Search Descripción 1
EL42975A;Texto Search Descripción 1
EL42976A;Texto Search Descripción 1
EL42977A;Texto Search Descripción 1
EL42977A342;Texto Search Descripción 1
EL42978C;Texto Search Descripción 1
EL42979A;Texto Search Descripción 1
EL4298;Texto Search Descripción 1
EL42980A;Texto Search Descripción 1
EL42981A;Texto Search Descripción 1
EL42982A;Texto Search Descripción 1
EL42983A;Texto Search Descripción 1
EL42984A;Texto Search Descripción 1
EL42985A;Texto Search Descripción 1
EL42986A;Texto Search Descripción 1
EL42987A;Texto Search Descripción 1
EL42988A;Texto Search Descripción 1
EL42989A;Texto Search Descripción 1
EL4299;Texto Search Descripción 1
EL42990A;Texto Search Descripción 1
EL42991A;Texto Search Descripción 1
EL42992A;Texto Search Descripción 1
EL42993A;Texto Search Descripción 1
EL42994A;Texto Search Descripción 1
EL42995A;Texto Search Descripción 1
EL42996A;Texto Search Descripción 1
EL42997A;Texto Search Descripción 1
EL42998A;Texto Search Descripción 1
EL42999A;Texto Search Descripción 1
EL4300;Texto Search Descripción 1
EL43000;Texto Search Descripción 1
EL43001C;Texto Search Descripción 1
EL43002A;Texto Search Descripción 1
EL43003A;Texto Search Descripción 1
EL43004A;Texto Search Descripción 1
EL43005A;Texto Search Descripción 1
EL43006C;Texto Search Descripción 1
EL43007A;Texto Search Descripción 1
EL43008;Texto Search Descripción 1
EL43009C;Texto Search Descripción 1
EL4301;Texto Search Descripción 2
EL43010;Texto Search Descripción 1
EL43011C;Texto Search Descripción 1
EL43012A;Texto Search Descripción 1
EL43013A;Texto Search Descripción 1
EL43014A;Texto Search Descripción 1
EL43015A;Texto Search Descripción 1
EL43016A;Texto Search Descripción 1
EL43017C;Texto Search Descripción 1
EL43019;Texto Search Descripción 1
EL4302;Texto Search Descripción 1
EL43020C;Texto Search Descripción 1
EL43021;Texto Search Descripción 1
EL43022C;Texto Search Descripción 1
EL43023;Texto Search Descripción 1
EL43024A;Texto Search Descripción 1
EL43025C;Texto Search Descripción 1
EL43026A;Texto Search Descripción 1
EL43027A;Texto Search Descripción 1
EL43028A;Texto Search Descripción 1
EL43029A;Texto Search Descripción 1
EL4303;Texto Search Descripción 1
EL43030A;Texto Search Descripción 1
EL43031C;Texto Search Descripción 1
EL43032C;Texto Search Descripción 1
EL43033;Texto Search Descripción 1
EL43034;Texto Search Descripción 1
EL43035C;Texto Search Descripción 1
EL43036;Texto Search Descripción 1
EL43037A;Texto Search Descripción 1
EL43038A;Texto Search Descripción 1
EL43039A;Texto Search Descripción 1
EL4304;Texto Search Descripción 1
EL43040A;Texto Search Descripción 1
EL43041A;Texto Search Descripción 1
EL43042A;Texto Search Descripción 1
EL43043;Texto Search Descripción 1
EL43044A;Texto Search Descripción 1
EL43045A;Texto Search Descripción 1
EL43046A;Texto Search Descripción 1
EL43047A;Texto Search Descripción 1
EL43048A;Texto Search Descripción 1
EL43049;Texto Search Descripción 1
EL4305;Texto Search Descripción 1
EL43050;Texto Search Descripción 1
EL43051A;Texto Search Descripción 1
EL43052A;Texto Search Descripción 1
EL43053A;Texto Search Descripción 1
EL43054A;Texto Search Descripción 1
EL43055A;Texto Search Descripción 1
EL43056A;Texto Search Descripción 1
EL43057A;Texto Search Descripción 1
EL43058;Texto Search Descripción 1
EL43059C;Texto Search Descripción 1
EL4306;Texto Search Descripción 1
EL43061;Texto Search Descripción 1
EL43062C;Texto Search Descripción 1
EL43062K;Texto Search Descripción 1
EL43063;Texto Search Descripción 1
EL43064C;Texto Search Descripción 1
EL43064K;Texto Search Descripción 1
EL43065A;Texto Search Descripción 1
EL43066A;Texto Search Descripción 1
EL43067A;Texto Search Descripción 1
EL43068A;Texto Search Descripción 1
EL43069A;Texto Search Descripción 1
EL4307;Texto Search Descripción 1
EL43070A;Texto Search Descripción 1
EL43072C;Texto Search Descripción 1
EL43073;Texto Search Descripción 1
EL43074C;Texto Search Descripción 1
EL43075A;Texto Search Descripción 1
EL43076A;Texto Search Descripción 1
EL43077A;Texto Search Descripción 1
EL43078;Texto Search Descripción 1
EL43079C;Texto Search Descripción 1
EL4308;Texto Search Descripción 2
EL43080C;Texto Search Descripción 1
EL43081C;Texto Search Descripción 1
EL43082A;Texto Search Descripción 1
EL43083C;Texto Search Descripción 1
EL43084A;Texto Search Descripción 1
EL43085;Texto Search Descripción 1
EL43086C;Texto Search Descripción 1
EL43087A;Texto Search Descripción 1
EL43089;Texto Search Descripción 1
EL4309;Texto Search Descripción 1
EL43090C;Texto Search Descripción 1
EL43091;Texto Search Descripción 1
EL43092C;Texto Search Descripción 1
EL43093;Texto Search Descripción 1
EL43094C;Texto Search Descripción 1
EL43095C;Texto Search Descripción 1
EL43096C;Texto Search Descripción 1
EL43097C;Texto Search Descripción 1
EL43098;Texto Search Descripción 1
EL43099C;Texto Search Descripción 1
EL4310;Texto Search Descripción 1
EL43101;Texto Search Descripción 1
EL43102C;Texto Search Descripción 1
EL43102LK;Texto Search Descripción 23
EL43102RK;Texto Search Descripción 23
EL43103C;Texto Search Descripción 1
EL43105C;Texto Search Descripción 1
EL43106;Texto Search Descripción 1
EL43107C;Texto Search Descripción 1
EL43107K;Texto Search Descripción 1
EL43108C;Texto Search Descripción 1
EL43108K;Texto Search Descripción 1
EL43109C;Texto Search Descripción 1
EL4311;Texto Search Descripción 2
EL43110C;Texto Search Descripción 1
EL43111C;Texto Search Descripción 1
EL43112C;Texto Search Descripción 1
EL43113A;Texto Search Descripción 1
EL43114A;Texto Search Descripción 1
EL43115A;Texto Search Descripción 1
EL43116A;Texto Search Descripción 1
EL43117A;Texto Search Descripción 1
EL43118;Texto Search Descripción 1
EL43119C;Texto Search Descripción 1
EL43119K;Texto Search Descripción 1
EL4312;Texto Search Descripción 969
EL43121;Texto Search Descripción 1
EL43122C;Texto Search Descripción 1
EL43122K;Texto Search Descripción 1
EL43123;Texto Search Descripción 1
EL43124C;Texto Search Descripción 1
EL43125;Texto Search Descripción 1
EL43126C;Texto Search Descripción 1
EL43127;Texto Search Descripción 1
EL43128C;Texto Search Descripción 1
EL43128K;Texto Search Descripción 1
EL43129;Texto Search Descripción 1
EL4313;Texto Search Descripción 2
EL43130C;Texto Search Descripción 1
EL43131;Texto Search Descripción 1
EL43132C;Texto Search Descripción 1
EL43133C;Texto Search Descripción 1
EL43134;Texto Search Descripción 1
EL43135C;Texto Search Descripción 23
EL43136;Texto Search Descripción 1
EL43137C;Texto Search Descripción 23
EL43138C;Texto Search Descripción 23
EL43139;Texto Search Descripción 1
EL4314;Texto Search Descripción 1
EL43140A;Texto Search Descripción 28
EL43141A;Texto Search Descripción 28
EL43142;Texto Search Descripción 1
EL43143C;Texto Search Descripción 23
EL43144;Texto Search Descripción 1
EL43145;Texto Search Descripción 1
EL43146;Texto Search Descripción 1
EL43147C;Texto Search Descripción 23
EL43148;Texto Search Descripción 1
EL43149C;Texto Search Descripción 23
EL4315;Texto Search Descripción 2
EL43150C;Texto Search Descripción 23
EL43150K;Texto Search Descripción 1
EL43151;Texto Search Descripción 1
EL43152C;Texto Search Descripción 23
EL43153A;Texto Search Descripción 28
EL43154;Texto Search Descripción 1
EL43155C;Texto Search Descripción 1
EL43157C;Texto Search Descripción 23
EL43158C;Texto Search Descripción 23
EL43159C;Texto Search Descripción 23
EL4316;Texto Search Descripción 2
EL43160C;Texto Search Descripción 23
EL43161A;Texto Search Descripción 28
EL43162A;Texto Search Descripción 28
EL43163A;Texto Search Descripción 28
EL43164A;Texto Search Descripción 28
EL43165A;Texto Search Descripción 28
EL43166C;Texto Search Descripción 23
EL43167C;Texto Search Descripción 23
EL43168C;Texto Search Descripción 23
EL43169C;Texto Search Descripción 23
EL4317;Texto Search Descripción 2
EL43170C;Texto Search Descripción 23
EL43171C;Texto Search Descripción 1
EL43172C;Texto Search Descripción 23
EL43173C;Texto Search Descripción 23
EL43174C;Texto Search Descripción 23
EL43175C;Texto Search Descripción 23
EL43176C;Texto Search Descripción 23
EL43177C;Texto Search Descripción 23
EL43177K;Texto Search Descripción 23
EL43178C;Texto Search Descripción 23
EL43179C;Texto Search Descripción 23
EL4318;Texto Search Descripción 1
EL43180C;Texto Search Descripción 23
EL43181C;Texto Search Descripción 23
EL43182;Texto Search Descripción 1
EL43183;Texto Search Descripción 1
EL43184C;Texto Search Descripción 23
EL43185;Texto Search Descripción 1
EL43186C;Texto Search Descripción 23
EL43187;Texto Search Descripción 1
EL43188C;Texto Search Descripción 23
EL43189C;Texto Search Descripción 23
EL4319;Texto Search Descripción 1
EL43190A;Texto Search Descripción 28
EL43191;Texto Search Descripción 1
EL43192C;Texto Search Descripción 23
EL43192K;Texto Search Descripción 23
EL43193A;Texto Search Descripción 28
EL43194;Texto Search Descripción 1
EL43195C;Texto Search Descripción 23
EL43195K;Texto Search Descripción 23
EL43196A;Texto Search Descripción 28
EL43197A;Texto Search Descripción 28
EL43198;Texto Search Descripción 1
EL43199C;Texto Search Descripción 23
EL4320;Texto Search Descripción 1
EL43200;Texto Search Descripción 1
EL43202;Texto Search Descripción 1
EL43203C;Texto Search Descripción 23
EL43204;Texto Search Descripción 1
EL43205C;Texto Search Descripción 23
EL43206A;Texto Search Descripción 28
EL43207;Texto Search Descripción 1
EL43208C;Texto Search Descripción 23
EL43209A;Texto Search Descripción 28
EL4321;Texto Search Descripción 1
EL43210;Texto Search Descripción 1
EL43211C;Texto Search Descripción 23
EL43212A;Texto Search Descripción 28
EL43213;Texto Search Descripción 1
EL43214C;Texto Search Descripción 23
EL43215A;Texto Search Descripción 28
EL43218;Texto Search Descripción 1
EL43219C;Texto Search Descripción 23
EL43219K;Texto Search Descripción 23
EL4322;Texto Search Descripción 1
EL43220C;Texto Search Descripción 23
EL43221A;Texto Search Descripción 28
EL43222A;Texto Search Descripción 28
EL43223;Texto Search Descripción 1
EL43224C;Texto Search Descripción 23
EL43224K;Texto Search Descripción 23
EL43225A;Texto Search Descripción 28
EL43226;Texto Search Descripción 1
EL43227C;Texto Search Descripción 23
EL43228A;Texto Search Descripción 28
EL4323;Texto Search Descripción 2
EL43230;Texto Search Descripción 1
EL43231C;Texto Search Descripción 23
EL43231K;Texto Search Descripción 23
EL43232A;Texto Search Descripción 28
EL43233;Texto Search Descripción 1
EL43234C;Texto Search Descripción 23
EL43234K;Texto Search Descripción 23
EL43235A;Texto Search Descripción 28
EL43236;Texto Search Descripción 1
EL43237C;Texto Search Descripción 23
EL43237K;Texto Search Descripción 23
EL43238;Texto Search Descripción 1
EL43239C;Texto Search Descripción 23
EL4324;Texto Search Descripción 2
EL43241;Texto Search Descripción 1
EL43242C;Texto Search Descripción 23
EL43243A;Texto Search Descripción 28
EL43244;Texto Search Descripción 1
EL43245C;Texto Search Descripción 23
EL43245K;Texto Search Descripción 23
EL43247A;Texto Search Descripción 28
EL4325;Texto Search Descripción 1
EL4326;Texto Search Descripción 1
EL4327;Texto Search Descripción 2
EL4328;Texto Search Descripción 1
EL4329;Texto Search Descripción 1
EL4330;Texto Search Descripción 1
EL4331;Texto Search Descripción 1
EL4332;Texto Search Descripción 1
EL4333;Texto Search Descripción 1
EL4334;Texto Search Descripción 1
EL4335;Texto Search Descripción 1
EL4336;Texto Search Descripción 1
EL4337;Texto Search Descripción 1
EL4338;Texto Search Descripción 2
EL4339;Texto Search Descripción 1
EL4340;Texto Search Descripción 1
EL4341;Texto Search Descripción 1
EL4342;Texto Search Descripción 1
EL4343;Texto Search Descripción 1
EL4344;Texto Search Descripción 1
EL4345;Texto Search Descripción 1
EL4346;Texto Search Descripción 1
EL4347;Texto Search Descripción 2
EL4348;Texto Search Descripción 1
EL4349;Texto Search Descripción 1
EL4350;Texto Search Descripción 2
EL4351;Texto Search Descripción 1
EL4352;Texto Search Descripción 1
EL4353;Texto Search Descripción 1
EL4354;Texto Search Descripción 1
EL4355;Texto Search Descripción 1
EL4356;Texto Search Descripción 1
EL4357;Texto Search Descripción 1
EL4358;Texto Search Descripción 1
EL4359;Texto Search Descripción 1
EL4360;Texto Search Descripción 1
EL4361;Texto Search Descripción 1
EL4362;Texto Search Descripción 1
EL4363;Texto Search Descripción 1
EL4364;Texto Search Descripción 2
EL4365;Texto Search Descripción 1
EL4366;Texto Search Descripción 2
EL4367;Texto Search Descripción 1
EL4368;Texto Search Descripción 1
EL4369;Texto Search Descripción 2
EL4370;Texto Search Descripción 2
EL4371;Texto Search Descripción 1
EL4372;Texto Search Descripción 1
EL4373;Texto Search Descripción 1
EL4374;Texto Search Descripción 1
EL4375;Texto Search Descripción 1
EL4376;Texto Search Descripción 2
EL4377;Texto Search Descripción 1
EL4378;Texto Search Descripción 1
EL4379;Texto Search Descripción 1
EL4380;Texto Search Descripción 2
EL4381;Texto Search Descripción 1
EL4382;Texto Search Descripción 2
EL4383;Texto Search Descripción 2
EL4384;Texto Search Descripción 1
EL4385;Texto Search Descripción 1
EL4386;Texto Search Descripción 2
EL4387;Texto Search Descripción 1
EL4388;Texto Search Descripción 1
EL4389;Texto Search Descripción 1
EL4390;Texto Search Descripción 2
EL4391;Texto Search Descripción 2
EL4392;Texto Search Descripción 2
EL4393;Texto Search Descripción 1
EL4394;Texto Search Descripción 1
EL4395;Texto Search Descripción 61
EL4396;Texto Search Descripción 1
EL4397;Texto Search Descripción 34
EL4398;Texto Search Descripción 614
EL4399;Texto Search Descripción 614
EL4400;Texto Search Descripción 614
EL4401;Texto Search Descripción 614
EL4402;Texto Search Descripción 1
EL4403;Texto Search Descripción 1
EL4404;Texto Search Descripción 1
EL4405;Texto Search Descripción 1
EL4406;Texto Search Descripción 1
EL4407;Texto Search Descripción 1
EL4408;Texto Search Descripción 1
EL4409;Texto Search Descripción 1
EL4410;Texto Search Descripción 1
EL4411;Texto Search Descripción 1
EL4412;Texto Search Descripción 1
EL4413;Texto Search Descripción 1
EL4414;Texto Search Descripción 1
EL4415;Texto Search Descripción 1
EL4416;Texto Search Descripción 1
EL4417;Texto Search Descripción 1
EL4418;Texto Search Descripción 1
EL4419;Texto Search Descripción 1
EL4420;Texto Search Descripción 1
EL4421;Texto Search Descripción 1
EL4422;Texto Search Descripción 1
EL4423;Texto Search Descripción 1
EL4424;Texto Search Descripción 1
EL4425;Texto Search Descripción 1
EL4426;Texto Search Descripción 1
EL4427;Texto Search Descripción 1
EL4428;Texto Search Descripción 1
EL4429;Texto Search Descripción 1
EL4430;Texto Search Descripción 1
EL4431;Texto Search Descripción 1
EL4432;Texto Search Descripción 1
EL4433;Texto Search Descripción 1
EL4434;Texto Search Descripción 1
EL4435;Texto Search Descripción 1
EL4436;Texto Search Descripción 1
EL4437;Texto Search Descripción 1
EL4438;Texto Search Descripción 1
EL4439;Texto Search Descripción 1
EL4440;Texto Search Descripción 1
EL4441;Texto Search Descripción 1
EL4442;Texto Search Descripción 1
EL4443;Texto Search Descripción 1
EL4444;Texto Search Descripción 1
EL4445;Texto Search Descripción 1
EL4446;Texto Search Descripción 1
EL4447;Texto Search Descripción 1
EL4448;Texto Search Descripción 1
EL4449;Texto Search Descripción 1
EL4450;Texto Search Descripción 1
EL4451;Texto Search Descripción 1
EL4452;Texto Search Descripción 1
EL4453;Texto Search Descripción 1
EL4454;Texto Search Descripción 1
EL4455;Texto Search Descripción 1
EL4456;Texto Search Descripción 1
EL4457;Texto Search Descripción 1
EL4458;Texto Search Descripción 1
EL4459;Texto Search Descripción 1
EL4460;Texto Search Descripción 1
EL4461;Texto Search Descripción 1
EL4462;Texto Search Descripción 1
EL4463;Texto Search Descripción 1
EL4464;Texto Search Descripción 1
EL4465;Texto Search Descripción 1
EL4466;Texto Search Descripción 1
EL4467;Texto Search Descripción 1
EL4468;Texto Search Descripción 1
EL4469;Texto Search Descripción 1
EL4470;Texto Search Descripción 1
EL4471;Texto Search Descripción 1
EL4472;Texto Search Descripción 1
EL4473;Texto Search Descripción 1
EL4474;Texto Search Descripción 1
EL4475;Texto Search Descripción 1
EL4476;Texto Search Descripción 1
EL4477;Texto Search Descripción 1
EL4478;Texto Search Descripción 1
EL4479;Texto Search Descripción 1
EL4480;Texto Search Descripción 1
EL4481;Texto Search Descripción 1
EL4482;Texto Search Descripción 1
EL4483;Texto Search Descripción 1
EL4484;Texto Search Descripción 1
EL4485;Texto Search Descripción 1
EL4486;Texto Search Descripción 1
EL4487;Texto Search Descripción 1
EL4488;Texto Search Descripción 1
EL4489;Texto Search Descripción 1
EL4490;Texto Search Descripción 1
EL4491;Texto Search Descripción 1
EL4492;Texto Search Descripción 1
EL4493;Texto Search Descripción 1
EL4494;Texto Search Descripción 1
EL4495;Texto Search Descripción 1
EL4496;Texto Search Descripción 1
EL4497;Texto Search Descripción 1
EL4498;Texto Search Descripción 1
EL4499;Texto Search Descripción 1
EL4500;Texto Search Descripción 1
EL4501;Texto Search Descripción 1
EL4502;Texto Search Descripción 1
EL4503;Texto Search Descripción 1
EL4504;Texto Search Descripción 1
EL4505;Texto Search Descripción 1
EL4506;Texto Search Descripción 1
EL4507;Texto Search Descripción 1
EL4508;Texto Search Descripción 1
EL4509;Texto Search Descripción 1
EL4510;Texto Search Descripción 1
EL4511;Texto Search Descripción 1
EL4512;Texto Search Descripción 1
EL4513;Texto Search Descripción 1
EL4514;Texto Search Descripción 1
EL4515;Texto Search Descripción 1
EL4516;Texto Search Descripción 1
EL4517;Texto Search Descripción 1
EL4518;Texto Search Descripción 1
EL4519;Texto Search Descripción 1
EL4520;Texto Search Descripción 1
EL4521;Texto Search Descripción 1
EL4522;Texto Search Descripción 1
EL4523;Texto Search Descripción 1
EL4524;Texto Search Descripción 1
EL4525;Texto Search Descripción 1
EL4526;Texto Search Descripción 1
EL4527;Texto Search Descripción 1
EL4528;Texto Search Descripción 1
EL4529;Texto Search Descripción 1
EL4530;Texto Search Descripción 1
EL4531;Texto Search Descripción 1
EL4532;Texto Search Descripción 1
EL4533;Texto Search Descripción 1
EL4534;Texto Search Descripción 1
EL4535;Texto Search Descripción 1
EL4536;Texto Search Descripción 1
EL4537;Texto Search Descripción 1
EL4538;Texto Search Descripción 1
EL4539;Texto Search Descripción 1
EL4540;Texto Search Descripción 1
EL4541;Texto Search Descripción 1
EL4542;Texto Search Descripción 1
EL4543;Texto Search Descripción 1
EL4544;Texto Search Descripción 1
EL4545;Texto Search Descripción 1
EL4546;Texto Search Descripción 1
EL4547;Texto Search Descripción 1
EL4548;Texto Search Descripción 1
EL4549;Texto Search Descripción 1
EL4550;Texto Search Descripción 1
EL4551;Texto Search Descripción 1
EL4552;Texto Search Descripción 1
EL4553;Texto Search Descripción 1
EL4554;Texto Search Descripción 1
EL4555;Texto Search Descripción 1
EL4556;Texto Search Descripción 1
EL4557;Texto Search Descripción 1
EL4558;Texto Search Descripción 1
EL4559;Texto Search Descripción 1
EL4560;Texto Search Descripción 1
EL4561;Texto Search Descripción 1
EL4562;Texto Search Descripción 1
EL4563;Texto Search Descripción 1
EL4564;Texto Search Descripción 1
EL4565;Texto Search Descripción 1
EL4566;Texto Search Descripción 1
EL4567;Texto Search Descripción 1
EL4568;Texto Search Descripción 1
EL4569;Texto Search Descripción 1
EL4570;Texto Search Descripción 1
EL4571;Texto Search Descripción 1
EL4572;Texto Search Descripción 1
EL4573;Texto Search Descripción 1
EL4574;Texto Search Descripción 1
EL4575;Texto Search Descripción 1
EL4576;Texto Search Descripción 1
EL4577;Texto Search Descripción 1
EL4578;Texto Search Descripción 1
EL4579;Texto Search Descripción 1
EL4580;Texto Search Descripción 1
EL4581;Texto Search Descripción 1
EL4582;Texto Search Descripción 1
EL4583;Texto Search Descripción 1
EL4584;Texto Search Descripción 1
EL4585;Texto Search Descripción 1
EL4586;Texto Search Descripción 1
EL4587;Texto Search Descripción 1
EL4588;Texto Search Descripción 1
EL4589;Texto Search Descripción 1
EL4590;Texto Search Descripción 1
EL4591;Texto Search Descripción 1
EL4592;Texto Search Descripción 1
EL4593;Texto Search Descripción 1
EL4594;Texto Search Descripción 1
EL4595;Texto Search Descripción 1
EL4596;Texto Search Descripción 1
EL4597;Texto Search Descripción 1
EL4598;Texto Search Descripción 1
EL4599;Texto Search Descripción 1
EL4600;Texto Search Descripción 1
EL4601;Texto Search Descripción 1
EL4602;Texto Search Descripción 1
EL4603;Texto Search Descripción 1
EL4604;Texto Search Descripción 1
EL4605;Texto Search Descripción 1
EL4606;Texto Search Descripción 1
EL4607;Texto Search Descripción 1
EL4608;Texto Search Descripción 1
EL4609;Texto Search Descripción 1
EL4610;Texto Search Descripción 1
EL4611;Texto Search Descripción 1
EL4612;Texto Search Descripción 1
EL4613;Texto Search Descripción 1
EL4614;Texto Search Descripción 1
EL4615;Texto Search Descripción 1
EL4616;Texto Search Descripción 1
EL4617;Texto Search Descripción 1
EL4618;Texto Search Descripción 1
EL4619;Texto Search Descripción 1
EL4620;Texto Search Descripción 1
EL4621;Texto Search Descripción 1
EL4622;Texto Search Descripción 1
EL4623;Texto Search Descripción 1
EL4624;Texto Search Descripción 1
EL4625;Texto Search Descripción 1
EL4626;Texto Search Descripción 1
EL4627;Texto Search Descripción 1
EL4628;Texto Search Descripción 1
EL4629;Texto Search Descripción 1
EL4630;Texto Search Descripción 1
EL4631;Texto Search Descripción 1
EL4632;Texto Search Descripción 1
EL4633;Texto Search Descripción 1
EL4634;Texto Search Descripción 1
EL4635;Texto Search Descripción 1
EL4636;Texto Search Descripción 1
EL4637;Texto Search Descripción 1
EL4638;Texto Search Descripción 1
EL4639;Texto Search Descripción 1
EL4640;Texto Search Descripción 1
EL4641;Texto Search Descripción 1
EL4642;Texto Search Descripción 1
EL4643;Texto Search Descripción 1
EL4644;Texto Search Descripción 1
EL4646;Texto Search Descripción 1
EL4647;Texto Search Descripción 1
EL4648;Texto Search Descripción 1
EL4649;Texto Search Descripción 1
EL4650;Texto Search Descripción 1
EL4651;Texto Search Descripción 1
EL4652;Texto Search Descripción 1
EL4653;Texto Search Descripción 1
EL4654;Texto Search Descripción 1
EL4655;Texto Search Descripción 1
EL4656;Texto Search Descripción 1
EL4657;Texto Search Descripción 1
EL4658;Texto Search Descripción 1
EL4659;Texto Search Descripción 1
EL4660;Texto Search Descripción 1
EL4661;Texto Search Descripción 1
EL4662;Texto Search Descripción 1
EL4663;Texto Search Descripción 1
EL4664;Texto Search Descripción 1
EL4665;Texto Search Descripción 1
EL4666;Texto Search Descripción 1
EL4667;Texto Search Descripción 1
EL4668;Texto Search Descripción 1
EL4669;Texto Search Descripción 1
EL4670;Texto Search Descripción 1
EL4671;Texto Search Descripción 1
EL4672;Texto Search Descripción 1
EL4673;Texto Search Descripción 1
EL4674;Texto Search Descripción 1
EL4675;Texto Search Descripción 1
EL4676;Texto Search Descripción 1
EL4677;Texto Search Descripción 1
EL4678;Texto Search Descripción 1
EL4679;Texto Search Descripción 1
EL4680;Texto Search Descripción 1
EL4681;Texto Search Descripción 1
EL4682;Texto Search Descripción 1
EL4683;Texto Search Descripción 1
EL4684;Texto Search Descripción 1
EL4685;Texto Search Descripción 1
EL4686;Texto Search Descripción 1
EL4687;Texto Search Descripción 1
EL4688;Texto Search Descripción 1
EL4689;Texto Search Descripción 1
EL4690;Texto Search Descripción 1
EL4691;Texto Search Descripción 1
EL4692;Texto Search Descripción 1
EL4693;Texto Search Descripción 1
EL4694;Texto Search Descripción 1
EL4695;Texto Search Descripción 1
EL4696;Texto Search Descripción 1
EL4697;Texto Search Descripción 1
EL4698;Texto Search Descripción 1
EL4699;Texto Search Descripción 1
EL4700;Texto Search Descripción 1
EL4701;Texto Search Descripción 1
EL4702;Texto Search Descripción 1
EL4703;Texto Search Descripción 1
EL4704;Texto Search Descripción 1
EL4705;Texto Search Descripción 1
EL4706;Texto Search Descripción 1
EL4707;Texto Search Descripción 1
EL4708;Texto Search Descripción 1
EL4709;Texto Search Descripción 1
EL4710;Texto Search Descripción 1
EL4711;Texto Search Descripción 1
EL4712;Texto Search Descripción 1
EL4713;Texto Search Descripción 1
EL4714;Texto Search Descripción 1
EL4715;Texto Search Descripción 1
EL4716;Texto Search Descripción 1
EL4717;Texto Search Descripción 1
EL4718;Texto Search Descripción 1
EL4719;Texto Search Descripción 1
EL4720;Texto Search Descripción 1
EL4721;Texto Search Descripción 1
EL4722;Texto Search Descripción 1
EL4723;Texto Search Descripción 1
EL4724;Texto Search Descripción 1
EL4725;Texto Search Descripción 1
EL4726;Texto Search Descripción 1
EL4727;Texto Search Descripción 1
EL4728;Texto Search Descripción 1
EL4729K;Texto Search Descripción 970
EL4730;Texto Search Descripción 1
EL4731;Texto Search Descripción 1
EL4732;Texto Search Descripción 1
EL4733;Texto Search Descripción 1
EL4734;Texto Search Descripción 1
EL4735;Texto Search Descripción 1
EL4736;Texto Search Descripción 1
EL4737;Texto Search Descripción 1
EL4738;Texto Search Descripción 1
EL4739;Texto Search Descripción 1
EL4740;Texto Search Descripción 1
EL4741;Texto Search Descripción 1
EL4742;Texto Search Descripción 1
EL4743;Texto Search Descripción 1
EL4744;Texto Search Descripción 1
EL4745;Texto Search Descripción 1
EL4746;Texto Search Descripción 1
EL4747;Texto Search Descripción 1
EL4748;Texto Search Descripción 1
EL4749;Texto Search Descripción 1
EL4750;Texto Search Descripción 1
EL4751;Texto Search Descripción 1
EL4752;Texto Search Descripción 1
EL4753;Texto Search Descripción 1
EL4754;Texto Search Descripción 1
EL4755K;Texto Search Descripción 878
EL4756;Texto Search Descripción 1
EL4757;Texto Search Descripción 1
EL4758;Texto Search Descripción 1
EL4759;Texto Search Descripción 1
EL4760;Texto Search Descripción 1
EL4761;Texto Search Descripción 1
EL4762;Texto Search Descripción 1
EL4763;Texto Search Descripción 1
EL4764;Texto Search Descripción 1
EL4765;Texto Search Descripción 1
EL4766;Texto Search Descripción 1
EL4767;Texto Search Descripción 1
EL4768;Texto Search Descripción 1
EL4769;Texto Search Descripción 1
EL4770;Texto Search Descripción 1
EL4771;Texto Search Descripción 1
EL4772;Texto Search Descripción 1
EL4773;Texto Search Descripción 1
EL4774;Texto Search Descripción 1
EL4775;Texto Search Descripción 1
EL4776;Texto Search Descripción 1
EL4777;Texto Search Descripción 1
EL4778;Texto Search Descripción 1
EL4779;Texto Search Descripción 1
EL4780;Texto Search Descripción 1
EL4781;Texto Search Descripción 1
EL4782;Texto Search Descripción 1
EL4783;Texto Search Descripción 1
EL4784;Texto Search Descripción 1
EL4785;Texto Search Descripción 1
EL4786;Texto Search Descripción 1
EL4787;Texto Search Descripción 1
EL4788;Texto Search Descripción 1
EL4789;Texto Search Descripción 1
EL4790;Texto Search Descripción 1
EL4791;Texto Search Descripción 34
EL4792;Texto Search Descripción 1
EL4793;Texto Search Descripción 34
EL4794;Texto Search Descripción 1
EL4795;Texto Search Descripción 1
EL4796;Texto Search Descripción 1
EL4797;Texto Search Descripción 1
EL4798;Texto Search Descripción 1
EL4799;Texto Search Descripción 1
EL4800;Texto Search Descripción 1
EL4801;Texto Search Descripción 1
EL4802;Texto Search Descripción 1
EL4803;Texto Search Descripción 1
EL4804;Texto Search Descripción 1
EL4805;Texto Search Descripción 1
EL4806;Texto Search Descripción 1
EL4807;Texto Search Descripción 1
EL4808K;Texto Search Descripción 1
EL4809;Texto Search Descripción 1
EL4810;Texto Search Descripción 1
EL4811;Texto Search Descripción 1
EL4812;Texto Search Descripción 1
EL4813;Texto Search Descripción 1
EL4814;Texto Search Descripción 1
EL4815;Texto Search Descripción 1
EL4816;Texto Search Descripción 1
EL4817;Texto Search Descripción 1
EL4818;Texto Search Descripción 1
EL4819;Texto Search Descripción 1
EL4820;Texto Search Descripción 1
EL4821;Texto Search Descripción 1
EL4822;Texto Search Descripción 1
EL4823;Texto Search Descripción 1
EL4824;Texto Search Descripción 1
EL4825;Texto Search Descripción 1
EL4826;Texto Search Descripción 1
EL4827;Texto Search Descripción 1
EL4828;Texto Search Descripción 1
EL4829;Texto Search Descripción 1
EL4830;Texto Search Descripción 1
EL4831;Texto Search Descripción 1
EL4832;Texto Search Descripción 1
EL4833;Texto Search Descripción 1
EL4834;Texto Search Descripción 1
EL4835;Texto Search Descripción 1
EL4836;Texto Search Descripción 1
EL4837;Texto Search Descripción 1
EL4838;Texto Search Descripción 1
EL4839;Texto Search Descripción 1
EL4840;Texto Search Descripción 1
EL4841;Texto Search Descripción 1
EL4842;Texto Search Descripción 1
EL4843;Texto Search Descripción 1
EL4844;Texto Search Descripción 1
EL4845C;Texto Search Descripción 1
EL4845K;Texto Search Descripción 1
EL4846C;Texto Search Descripción 660
EL4846K;Texto Search Descripción 1
EL4847C;Texto Search Descripción 1
EL4847K;Texto Search Descripción 1
EL4848C;Texto Search Descripción 1
EL4848K;Texto Search Descripción 1
EL4849C;Texto Search Descripción 1
EL4850C;Texto Search Descripción 83
EL4851C;Texto Search Descripción 253
EL4852C;Texto Search Descripción 82
EL4853C;Texto Search Descripción 1
EL4853K;Texto Search Descripción 1
EL4854C;Texto Search Descripción 1266
EL4855C;Texto Search Descripción 1
EL4856C;Texto Search Descripción 1267
EL4857C;Texto Search Descripción 1
EL4857K;Texto Search Descripción 1
EL4858C;Texto Search Descripción 1
EL4859C;Texto Search Descripción 1
EL4860;Texto Search Descripción 1
EL4861;Texto Search Descripción 1
EL4862;Texto Search Descripción 1
EL4863;Texto Search Descripción 1
EL4864;Texto Search Descripción 1
EL4865;Texto Search Descripción 1
EL4866;Texto Search Descripción 1
EL4867;Texto Search Descripción 1
EL4868;Texto Search Descripción 1
EL4869;Texto Search Descripción 1
EL4870;Texto Search Descripción 1
EL4871;Texto Search Descripción 1
EL4872;Texto Search Descripción 1
EL4873;Texto Search Descripción 1
EL4874;Texto Search Descripción 1
EL4875;Texto Search Descripción 1
EL4876;Texto Search Descripción 1
EL4877;Texto Search Descripción 1
EL4878;Texto Search Descripción 1
EL4879;Texto Search Descripción 1
EL4880;Texto Search Descripción 1
EL4881;Texto Search Descripción 1
EL4882;Texto Search Descripción 1
EL4883;Texto Search Descripción 1
EL4884;Texto Search Descripción 1
EL4885;Texto Search Descripción 1
EL4886;Texto Search Descripción 1
EL4887;Texto Search Descripción 1
EL4888;Texto Search Descripción 1
EL4889;Texto Search Descripción 1
EL4890;Texto Search Descripción 1
EL4891;Texto Search Descripción 1
EL4892;Texto Search Descripción 1
EL4893;Texto Search Descripción 1
EL4894;Texto Search Descripción 1
EL4895;Texto Search Descripción 1
EL4896;Texto Search Descripción 1
EL4897;Texto Search Descripción 1
EL4898;Texto Search Descripción 1
EL4899;Texto Search Descripción 1
EL4900;Texto Search Descripción 1
EL4901;Texto Search Descripción 1
EL4902;Texto Search Descripción 1
EL4903;Texto Search Descripción 1
EL4904;Texto Search Descripción 1
EL4905;Texto Search Descripción 1
EL4906;Texto Search Descripción 1
EL4907;Texto Search Descripción 1
EL4908;Texto Search Descripción 1
EL4909;Texto Search Descripción 1
EL4910;Texto Search Descripción 1
EL4911;Texto Search Descripción 1
EL4912;Texto Search Descripción 1
EL4913;Texto Search Descripción 1
EL4914;Texto Search Descripción 1
EL4915;Texto Search Descripción 1
EL4916;Texto Search Descripción 1
EL4917;Texto Search Descripción 1
EL4918;Texto Search Descripción 1
EL4919;Texto Search Descripción 1
EL4920;Texto Search Descripción 1
EL4921;Texto Search Descripción 1
EL4922;Texto Search Descripción 1
EL4923;Texto Search Descripción 1
EL4924;Texto Search Descripción 1
EL4925;Texto Search Descripción 1
EL4926;Texto Search Descripción 1
EL4927;Texto Search Descripción 1
EL4929;Texto Search Descripción 1
EL4930;Texto Search Descripción 1
EL4931;Texto Search Descripción 1
EL4932;Texto Search Descripción 1
EL4933;Texto Search Descripción 1
EL4934;Texto Search Descripción 1
EL4935;Texto Search Descripción 1
EL4936;Texto Search Descripción 1
EL4937;Texto Search Descripción 1
EL4938;Texto Search Descripción 1
EL4939;Texto Search Descripción 1
EL4940;Texto Search Descripción 1
EL4941;Texto Search Descripción 1
EL4942;Texto Search Descripción 1
EL4943;Texto Search Descripción 1
EL4944;Texto Search Descripción 1
EL4945;Texto Search Descripción 1
EL4946;Texto Search Descripción 1
EL4947;Texto Search Descripción 1
EL4948;Texto Search Descripción 1
EL4949;Texto Search Descripción 1
EL4950;Texto Search Descripción 1
EL4951;Texto Search Descripción 1
EL4952;Texto Search Descripción 1
EL4953;Texto Search Descripción 1
EL4954;Texto Search Descripción 1
EL4955;Texto Search Descripción 1
EL4956;Texto Search Descripción 1
EL4957;Texto Search Descripción 1
EL4958;Texto Search Descripción 1
EL4959C;Texto Search Descripción 55
EL4960C;Texto Search Descripción 1
EL4961C;Texto Search Descripción 1
EL4961LK;Texto Search Descripción 1
EL4961RK;Texto Search Descripción 1
EL4962C;Texto Search Descripción 1
EL4963C;Texto Search Descripción 1
EL4964C;Texto Search Descripción 1
EL4965C;Texto Search Descripción 484
EL4966;Texto Search Descripción 1
EL4967C;Texto Search Descripción 255
EL4968;Texto Search Descripción 1
EL4969C;Texto Search Descripción 1
EL4971;Texto Search Descripción 1
EL4972;Texto Search Descripción 1
EL4973;Texto Search Descripción 1
EL4974C;Texto Search Descripción 1
EL4975C;Texto Search Descripción 81
EL4976C;Texto Search Descripción 1
EL4977C;Texto Search Descripción 1
EL4978;Texto Search Descripción 1
EL4979;Texto Search Descripción 1
EL4980;Texto Search Descripción 1
EL4981;Texto Search Descripción 1
EL4982K;Texto Search Descripción 1
EL4983C;Texto Search Descripción 1
EL4984C;Texto Search Descripción 1
EL4985C;Texto Search Descripción 671
EL4986C;Texto Search Descripción 1
EL4986LK;Texto Search Descripción 1
EL4986RK;Texto Search Descripción 1
EL4987;Texto Search Descripción 1
EL4988;Texto Search Descripción 1
EL4989;Texto Search Descripción 1
EL4990;Texto Search Descripción 1
EL4991;Texto Search Descripción 1
EL4992;Texto Search Descripción 1
EL4993;Texto Search Descripción 1
EL4994;Texto Search Descripción 1
EL4995;Texto Search Descripción 1269
EL4996;Texto Search Descripción 1270
EL4997;Texto Search Descripción 1271
EL4998;Texto Search Descripción 1272
EL4999;Texto Search Descripción 1
EL5001;Texto Search Descripción 13
EL5002;Texto Search Descripción 13
EL5003;Texto Search Descripción 13
EL5004;Texto Search Descripción 13
EL5005;Texto Search Descripción 13
EL5006;Texto Search Descripción 13
EL5007;Texto Search Descripción 13
EL5008;Texto Search Descripción 13
EL5009;Texto Search Descripción 13
EL5010;Texto Search Descripción 13
EL5011;Texto Search Descripción 13
EL5012;Texto Search Descripción 13
EL5013;Texto Search Descripción 13
EL5014;Texto Search Descripción 13
EL5015;Texto Search Descripción 13
EL5016;Texto Search Descripción 13
EL5018;Texto Search Descripción 13
EL5019;Texto Search Descripción 13
EL5020;Texto Search Descripción 13
EL5021;Texto Search Descripción 13
EL5022;Texto Search Descripción 13
EL5023;Texto Search Descripción 13
EL5024;Texto Search Descripción 13
EL5025;Texto Search Descripción 13
EL5026;Texto Search Descripción 13
EL5027;Texto Search Descripción 13
EL5028;Texto Search Descripción 13
EL5029;Texto Search Descripción 13
EL5030;Texto Search Descripción 13
EL5031;Texto Search Descripción 13
EL5032;Texto Search Descripción 13
EL5033;Texto Search Descripción 13
EL5034;Texto Search Descripción 13
EL5035;Texto Search Descripción 13
EL5036;Texto Search Descripción 13
EL5037;Texto Search Descripción 13
EL5038;Texto Search Descripción 13
EL5039;Texto Search Descripción 13
EL5040;Texto Search Descripción 13
EL5041;Texto Search Descripción 13
EL5042;Texto Search Descripción 13
EL5043;Texto Search Descripción 13
EL5044;Texto Search Descripción 13
EL5045;Texto Search Descripción 13
EL5046;Texto Search Descripción 13
EL5047;Texto Search Descripción 13
EL5048;Texto Search Descripción 13
EL5049;Texto Search Descripción 13
EL5050;Texto Search Descripción 13
EL5051;Texto Search Descripción 13
EL5052;Texto Search Descripción 13
EL5053;Texto Search Descripción 13
EL5054;Texto Search Descripción 13
EL5055;Texto Search Descripción 13
EL5056;Texto Search Descripción 13
EL5057;Texto Search Descripción 13
EL5058;Texto Search Descripción 13
EL5059;Texto Search Descripción 13
EL5060;Texto Search Descripción 13
EL5061;Texto Search Descripción 13
EL5062;Texto Search Descripción 13
EL5063;Texto Search Descripción 13
EL5064;Texto Search Descripción 13
EL5065;Texto Search Descripción 13
EL5066;Texto Search Descripción 13
EL5067;Texto Search Descripción 13
EL5068;Texto Search Descripción 13
EL5069;Texto Search Descripción 13
EL5070;Texto Search Descripción 13
EL5071;Texto Search Descripción 13
EL5072;Texto Search Descripción 13
EL5073;Texto Search Descripción 13
EL5074;Texto Search Descripción 13
EL5075;Texto Search Descripción 13
EL5076;Texto Search Descripción 13
EL5077;Texto Search Descripción 13
EL5078;Texto Search Descripción 13
EL5079;Texto Search Descripción 13
EL5080;Texto Search Descripción 13
EL5081;Texto Search Descripción 13
EL5082;Texto Search Descripción 13
EL5083;Texto Search Descripción 13
EL5084;Texto Search Descripción 13
EL5085;Texto Search Descripción 13
EL5086;Texto Search Descripción 13
EL5087;Texto Search Descripción 13
EL5088;Texto Search Descripción 13
EL5089;Texto Search Descripción 13
EL5090;Texto Search Descripción 13
EL5091;Texto Search Descripción 13
EL5092;Texto Search Descripción 13
EL5093;Texto Search Descripción 13
EL5094;Texto Search Descripción 13
EL5095;Texto Search Descripción 13
EL5096;Texto Search Descripción 13
EL5097;Texto Search Descripción 13
EL5098;Texto Search Descripción 13
EL5099;Texto Search Descripción 13
EL5100;Texto Search Descripción 13
EL5101;Texto Search Descripción 13
EL5102;Texto Search Descripción 13
EL5103;Texto Search Descripción 13
EL5104;Texto Search Descripción 13
EL5105;Texto Search Descripción 13
EL5106;Texto Search Descripción 13
EL5107;Texto Search Descripción 13
EL5108;Texto Search Descripción 13
EL5109;Texto Search Descripción 13
EL5110;Texto Search Descripción 13
EL5111;Texto Search Descripción 13
EL5112;Texto Search Descripción 13
EL5113;Texto Search Descripción 13
EL5114;Texto Search Descripción 13
EL5115;Texto Search Descripción 13
EL5116;Texto Search Descripción 13
EL5117;Texto Search Descripción 13
EL5118;Texto Search Descripción 13
EL5119;Texto Search Descripción 13
EL5120;Texto Search Descripción 13
EL5121;Texto Search Descripción 13
EL5122;Texto Search Descripción 13
EL5123;Texto Search Descripción 13
EL5124;Texto Search Descripción 13
EL5125;Texto Search Descripción 13
EL5126;Texto Search Descripción 13
EL5127;Texto Search Descripción 13
EL5128;Texto Search Descripción 13
EL5129;Texto Search Descripción 13
EL5130;Texto Search Descripción 13
EL5131;Texto Search Descripción 13
EL5132;Texto Search Descripción 13
EL5133;Texto Search Descripción 13
EL5134;Texto Search Descripción 13
EL5135;Texto Search Descripción 13
EL5136;Texto Search Descripción 13
EL5137;Texto Search Descripción 13
EL5138;Texto Search Descripción 13
EL5139;Texto Search Descripción 13
EL5140;Texto Search Descripción 13
EL5141;Texto Search Descripción 13
EL5142;Texto Search Descripción 13
EL5143;Texto Search Descripción 13
EL5144;Texto Search Descripción 13
EL5145;Texto Search Descripción 13
EL5146;Texto Search Descripción 13
EL5147;Texto Search Descripción 13
EL5148;Texto Search Descripción 13
EL5149;Texto Search Descripción 13
EL5150;Texto Search Descripción 13
EL5151;Texto Search Descripción 13
EL5152;Texto Search Descripción 13
EL5153;Texto Search Descripción 13
EL5154;Texto Search Descripción 13
EL5155;Texto Search Descripción 13
EL5156;Texto Search Descripción 13
EL5157;Texto Search Descripción 13
EL5158;Texto Search Descripción 13
EL5159;Texto Search Descripción 13
EL5160;Texto Search Descripción 13
EL5161;Texto Search Descripción 13
EL5162;Texto Search Descripción 13
EL5163;Texto Search Descripción 13
EL5164;Texto Search Descripción 13
EL5165;Texto Search Descripción 13
EL5166;Texto Search Descripción 13
EL5167;Texto Search Descripción 13
EL5168;Texto Search Descripción 13
EL5169;Texto Search Descripción 13
EL5170;Texto Search Descripción 13
EL5171;Texto Search Descripción 13
EL5172;Texto Search Descripción 13
EL5173;Texto Search Descripción 13
EL5174;Texto Search Descripción 13
EL5175;Texto Search Descripción 13
EL5176;Texto Search Descripción 13
EL5177;Texto Search Descripción 13
EL5178;Texto Search Descripción 13
EL5179;Texto Search Descripción 13
EL5180;Texto Search Descripción 13
EL5181;Texto Search Descripción 13
EL5182;Texto Search Descripción 13
EL5183;Texto Search Descripción 13
EL5184;Texto Search Descripción 13
EL5185;Texto Search Descripción 13
EL5186;Texto Search Descripción 13
EL5187;Texto Search Descripción 13
EL5188;Texto Search Descripción 13
EL5189;Texto Search Descripción 13
EL5190;Texto Search Descripción 13
EL5191;Texto Search Descripción 13
EL5192;Texto Search Descripción 13
EL5193;Texto Search Descripción 13
EL5194;Texto Search Descripción 13
EL5195;Texto Search Descripción 13
EL5196;Texto Search Descripción 13
EL5197;Texto Search Descripción 13
EL5198;Texto Search Descripción 13
EL5199;Texto Search Descripción 13
EL5200;Texto Search Descripción 13
EL5201;Texto Search Descripción 13
EL5202;Texto Search Descripción 13
EL5203;Texto Search Descripción 13
EL5204;Texto Search Descripción 13
EL5205;Texto Search Descripción 13
EL5206;Texto Search Descripción 13
EL5207;Texto Search Descripción 13
EL5208;Texto Search Descripción 13
EL5209;Texto Search Descripción 13
EL5210;Texto Search Descripción 13
EL5211;Texto Search Descripción 13
EL5212;Texto Search Descripción 13
EL5213;Texto Search Descripción 13
EL5214;Texto Search Descripción 13
EL5215;Texto Search Descripción 13
EL5216;Texto Search Descripción 13
EL5217;Texto Search Descripción 13
EL5218;Texto Search Descripción 13
EL5219;Texto Search Descripción 13
EL5220;Texto Search Descripción 13
EL5221;Texto Search Descripción 13
EL5222;Texto Search Descripción 13
EL5223;Texto Search Descripción 13
EL5224;Texto Search Descripción 13
EL5225;Texto Search Descripción 13
EL5226;Texto Search Descripción 13
EL5227;Texto Search Descripción 13
EL5228;Texto Search Descripción 13
EL5229;Texto Search Descripción 13
EL5230;Texto Search Descripción 13
EL5231;Texto Search Descripción 13
EL6001;Texto Search Descripción 2
EL6002;Texto Search Descripción 2
EL6003;Texto Search Descripción 2
EL6004;Texto Search Descripción 2
EL6005;Texto Search Descripción 2
EL6006;Texto Search Descripción 2
EL6007;Texto Search Descripción 2
EL6008;Texto Search Descripción 2
EL6009;Texto Search Descripción 2
EL6010;Texto Search Descripción 2
EL7001;Texto Search Descripción 2
EL7002;Texto Search Descripción 2
EL7003;Texto Search Descripción 2
EL7003C;Texto Search Descripción 4
EL7004;Texto Search Descripción 621
EL7005;Texto Search Descripción 69
EL7006;Texto Search Descripción 69
EL7007;Texto Search Descripción 4
EL7007C;Texto Search Descripción 4
EL7008;Texto Search Descripción 879
EL7010K;Texto Search Descripción 4
EL7011K;Texto Search Descripción 4
EL7012;Texto Search Descripción 4
EL7013;Texto Search Descripción 1
EL7014K;Texto Search Descripción 4
EL7015;Texto Search Descripción 4
EL7016;Texto Search Descripción 1421
EL7017;Texto Search Descripción 1422
EL7018;Texto Search Descripción 4
EL7019;Texto Search Descripción 4
EL7020;Texto Search Descripción 4
EL7021K;Texto Search Descripción 4
EL7022K;Texto Search Descripción 4
EL7023K;Texto Search Descripción 4
EL7024C;Texto Search Descripción 4
EL7025C;Texto Search Descripción 4
EL7026;Texto Search Descripción 4
EL7026C;Texto Search Descripción 4
EL7027C;Texto Search Descripción 4
EL7028C;Texto Search Descripción 4
EL7029C;Texto Search Descripción 4
EL7030C;Texto Search Descripción 4
EL7031C;Texto Search Descripción 4
EL7032C;Texto Search Descripción 4
EL7033C;Texto Search Descripción 4
EL7034;Texto Search Descripción 4
EL7034C;Texto Search Descripción 4
EL7035C;Texto Search Descripción 1
EL7036C;Texto Search Descripción 4
EL7037C;Texto Search Descripción 4
EL7038C;Texto Search Descripción 4
EL7039C;Texto Search Descripción 4
EL7040C;Texto Search Descripción 4
EL7041C;Texto Search Descripción 4
EL7042C;Texto Search Descripción 4
EL7043C;Texto Search Descripción 4
EL7044C;Texto Search Descripción 4
EL7045C;Texto Search Descripción 4
EL7046C;Texto Search Descripción 4
EL7047C;Texto Search Descripción 4
EL7048C;Texto Search Descripción 4
EL7049C;Texto Search Descripción 4
EL7050C;Texto Search Descripción 4
EL7051C;Texto Search Descripción 4
EL7052C;Texto Search Descripción 4
EL7053C;Texto Search Descripción 4
EL7054C;Texto Search Descripción 4
EL7055C;Texto Search Descripción 4
EL7056C;Texto Search Descripción 4
EL7057C;Texto Search Descripción 4
EL7058C;Texto Search Descripción 1
EL7059C;Texto Search Descripción 4
EL7060C;Texto Search Descripción 4
EL7061C;Texto Search Descripción 4
EL7062C;Texto Search Descripción 4
EL7063C;Texto Search Descripción 4
EL7064C;Texto Search Descripción 4
EL7065C;Texto Search Descripción 4
EL7066C;Texto Search Descripción 4
EL7067C;Texto Search Descripción 4
EL7068C;Texto Search Descripción 4
EL7069C;Texto Search Descripción 4
EL7070C;Texto Search Descripción 4
EL7071C;Texto Search Descripción 4
EL7072C;Texto Search Descripción 4
EL7073C;Texto Search Descripción 4
EL7074C;Texto Search Descripción 4
EL7075C;Texto Search Descripción 4
EL7076C;Texto Search Descripción 4
EL7077C;Texto Search Descripción 4
EL7078C;Texto Search Descripción 4
EL7079C;Texto Search Descripción 4
EL7080C;Texto Search Descripción 4
EL7081C;Texto Search Descripción 4
EL7082C;Texto Search Descripción 4
EL7083C;Texto Search Descripción 4
EL7084C;Texto Search Descripción 4
EL7085C;Texto Search Descripción 4
EL7086C;Texto Search Descripción 4
EL7087C;Texto Search Descripción 4
EL7088C;Texto Search Descripción 4
EL7089C;Texto Search Descripción 4
EL7090C;Texto Search Descripción 1
EL7091C;Texto Search Descripción 4
EL7092C;Texto Search Descripción 4
EL7093C;Texto Search Descripción 4
EL7094C;Texto Search Descripción 4
EL7095C;Texto Search Descripción 4
EL7096C;Texto Search Descripción 4
EL7097C;Texto Search Descripción 4
EL7098C;Texto Search Descripción 4
EL7099C;Texto Search Descripción 4
EL7100C;Texto Search Descripción 4
EL7101C;Texto Search Descripción 4
EL7102C;Texto Search Descripción 4
EL7103C;Texto Search Descripción 4
EL7104C;Texto Search Descripción 4
EL7105C;Texto Search Descripción 4
EL7106C;Texto Search Descripción 4
EL7107C;Texto Search Descripción 4
EL7108C;Texto Search Descripción 4
EL7109C;Texto Search Descripción 4
EL7110C;Texto Search Descripción 4
EL7111C;Texto Search Descripción 4
EL7112C;Texto Search Descripción 4
EL7113C;Texto Search Descripción 4
EL7115C;Texto Search Descripción 4
EL7116C;Texto Search Descripción 4
EL7117C;Texto Search Descripción 4
EL7118C;Texto Search Descripción 4
EL7119C;Texto Search Descripción 4
EL7120C;Texto Search Descripción 4
EL7121C;Texto Search Descripción 4
EL7122C;Texto Search Descripción 4
EL7124C;Texto Search Descripción 4
EL7125C;Texto Search Descripción 4
EL7126;Texto Search Descripción 4
EL7126C;Texto Search Descripción 4
EL7127C;Texto Search Descripción 4
EL7128C;Texto Search Descripción 4
EL7129C;Texto Search Descripción 4
EL7130C;Texto Search Descripción 4
EL7131C;Texto Search Descripción 4
EL7132C;Texto Search Descripción 4
EL7133C;Texto Search Descripción 4
EL7134C;Texto Search Descripción 4
EL7135C;Texto Search Descripción 4
EL7136C;Texto Search Descripción 4
EL7137C;Texto Search Descripción 4
EL7138C;Texto Search Descripción 4
EL7139C;Texto Search Descripción 4
EL7140K;Texto Search Descripción 4
EL7141C;Texto Search Descripción 4
EL7142C;Texto Search Descripción 4
EL7143C;Texto Search Descripción 4
EL7144C;Texto Search Descripción 4
EL7145C;Texto Search Descripción 4
EL7146C;Texto Search Descripción 4
EL7147C;Texto Search Descripción 4
EL7148C;Texto Search Descripción 4
EL7149C;Texto Search Descripción 4
EL7150C;Texto Search Descripción 4
EL7151C;Texto Search Descripción 4
EL7152C;Texto Search Descripción 4
EL7153C;Texto Search Descripción 4
EL7154C;Texto Search Descripción 4
EL7155C;Texto Search Descripción 4
EL7156C;Texto Search Descripción 4
EL7157C;Texto Search Descripción 4
EL7158C;Texto Search Descripción 4
EL7159C;Texto Search Descripción 4
EL7160C;Texto Search Descripción 4
EL7161C;Texto Search Descripción 4
EL7162C;Texto Search Descripción 4
EL7163C;Texto Search Descripción 4
EL7164C;Texto Search Descripción 4
EL7165C;Texto Search Descripción 4
EL7166C;Texto Search Descripción 4
EL7167C;Texto Search Descripción 4
EL7168C;Texto Search Descripción 4
EL7169C;Texto Search Descripción 4
EL7170C;Texto Search Descripción 4
EL7171C;Texto Search Descripción 4
EL7172C;Texto Search Descripción 4
EL7173C;Texto Search Descripción 4
EL7174C;Texto Search Descripción 4
EL7175C;Texto Search Descripción 4
EL7176C;Texto Search Descripción 4
EL7177C;Texto Search Descripción 4
EL7178C;Texto Search Descripción 4
EL7179C;Texto Search Descripción 4
EL7180C;Texto Search Descripción 4
EL7181C;Texto Search Descripción 4
EL7182C;Texto Search Descripción 4
EL7183C;Texto Search Descripción 4
EL7184C;Texto Search Descripción 1
EL7185C;Texto Search Descripción 4
EL7186C;Texto Search Descripción 4
EL7187C;Texto Search Descripción 4
EL7188C;Texto Search Descripción 4
EL7189C;Texto Search Descripción 4
EL7190C;Texto Search Descripción 4
EL7191C;Texto Search Descripción 4
EL7192C;Texto Search Descripción 4
EL7193C;Texto Search Descripción 4
EL7194C;Texto Search Descripción 4
EL7195C;Texto Search Descripción 4
EL7196C;Texto Search Descripción 4
EL7197C;Texto Search Descripción 4
EL7198C;Texto Search Descripción 4
EL7199C;Texto Search Descripción 4
EL7200C;Texto Search Descripción 4
EL7201C;Texto Search Descripción 4
EL7202C;Texto Search Descripción 4
EL7203C;Texto Search Descripción 4
EL7204C;Texto Search Descripción 4
EL7205C;Texto Search Descripción 4
EL7206C;Texto Search Descripción 4
EL7207C;Texto Search Descripción 4
EL7208C;Texto Search Descripción 4
EL7210C;Texto Search Descripción 4
EL7211C;Texto Search Descripción 4
EL7212C;Texto Search Descripción 4
EL7213C;Texto Search Descripción 1
EL7214C;Texto Search Descripción 4
EL7215C;Texto Search Descripción 4
EL7216C;Texto Search Descripción 4
EL7218C;Texto Search Descripción 4
EL7219C;Texto Search Descripción 4
EL7220C;Texto Search Descripción 4
EL7221C;Texto Search Descripción 4
EL7222C;Texto Search Descripción 4
EL7223C;Texto Search Descripción 4
EL7224C;Texto Search Descripción 4
EL7225C;Texto Search Descripción 4
EL7226C;Texto Search Descripción 4
EL7227C;Texto Search Descripción 4
EL7228C;Texto Search Descripción 4
EL7229C;Texto Search Descripción 4
EL7230C;Texto Search Descripción 4
EL7231C;Texto Search Descripción 4
EL7232C;Texto Search Descripción 4
EL7233C;Texto Search Descripción 4
EL7234C;Texto Search Descripción 4
EL7235C;Texto Search Descripción 4
EL7236C;Texto Search Descripción 4
EL7237C;Texto Search Descripción 4
EL7238C;Texto Search Descripción 4
EL7239C;Texto Search Descripción 4
EL7240C;Texto Search Descripción 4
EL7241C;Texto Search Descripción 4
EL7242C;Texto Search Descripción 4
EL7243C;Texto Search Descripción 4
EL7244C;Texto Search Descripción 4
EL7245C;Texto Search Descripción 4
EL7246C;Texto Search Descripción 4
EL7247C;Texto Search Descripción 4
EL7248C;Texto Search Descripción 4
EL7249C;Texto Search Descripción 4
EL7251C;Texto Search Descripción 4
EL7252C;Texto Search Descripción 4
EL7253C;Texto Search Descripción 4
EL7254C;Texto Search Descripción 4
EL7256C;Texto Search Descripción 4
EL7257C;Texto Search Descripción 4
EL7259C;Texto Search Descripción 4
EL7260C;Texto Search Descripción 4
EL7261C;Texto Search Descripción 4
EL7262C;Texto Search Descripción 4
EL7263C;Texto Search Descripción 4
EL7264C;Texto Search Descripción 4
EL7265C;Texto Search Descripción 4
EL7266C;Texto Search Descripción 4
EL7267C;Texto Search Descripción 4
EL7268C;Texto Search Descripción 4
EL7269C;Texto Search Descripción 4
EL7270C;Texto Search Descripción 4
EL7271C;Texto Search Descripción 4
EL7272C;Texto Search Descripción 4
EL7273C;Texto Search Descripción 4
EL7274C;Texto Search Descripción 4
EL7275C;Texto Search Descripción 4
EL7276C;Texto Search Descripción 4
EL7277C;Texto Search Descripción 4
EL7278C;Texto Search Descripción 4
EL7279C;Texto Search Descripción 4
EL7280C;Texto Search Descripción 4
EL7281C;Texto Search Descripción 4
EL7282C;Texto Search Descripción 4
EL7283C;Texto Search Descripción 4
EL7284C;Texto Search Descripción 4
EL7285C;Texto Search Descripción 4
EL7286C;Texto Search Descripción 4
EL7287C;Texto Search Descripción 4
EL7288C;Texto Search Descripción 4
EL7289C;Texto Search Descripción 4
EL7290C;Texto Search Descripción 4
EL7291C;Texto Search Descripción 4
EL7292C;Texto Search Descripción 4
EL7293C;Texto Search Descripción 4
EL7294C;Texto Search Descripción 4
EL7296C;Texto Search Descripción 4
EL7297C;Texto Search Descripción 4
EL7298C;Texto Search Descripción 4
EL7299C;Texto Search Descripción 4
EL7300C;Texto Search Descripción 4
EL7301C;Texto Search Descripción 4
EL7302C;Texto Search Descripción 4
EL7303C;Texto Search Descripción 4
EL7304C;Texto Search Descripción 4
EL7305C;Texto Search Descripción 4
EL7308C;Texto Search Descripción 4
EL7309C;Texto Search Descripción 4
EL7310C;Texto Search Descripción 4
EL7311C;Texto Search Descripción 4
EL7312C;Texto Search Descripción 4
EL7313C;Texto Search Descripción 4
EL7314C;Texto Search Descripción 4
EL7315C;Texto Search Descripción 4
EL7316C;Texto Search Descripción 4
EL7317C;Texto Search Descripción 4
EL7318C;Texto Search Descripción 4
EL7319C;Texto Search Descripción 4
EL7320C;Texto Search Descripción 4
EL7321C;Texto Search Descripción 4
EL7322C;Texto Search Descripción 4
EL7323C;Texto Search Descripción 4
EL7324C;Texto Search Descripción 4
EL7325C;Texto Search Descripción 4
EL7326C;Texto Search Descripción 4
EL7327;Texto Search Descripción 4
EL7328;Texto Search Descripción 4
EL7329;Texto Search Descripción 4
EL7330;Texto Search Descripción 4
EL7331;Texto Search Descripción 4
EL7332;Texto Search Descripción 4
EL7333;Texto Search Descripción 4
EL7334;Texto Search Descripción 4
EL7335;Texto Search Descripción 4
EL7336;Texto Search Descripción 4
EL7337;Texto Search Descripción 4
EL7338;Texto Search Descripción 4
EL7339;Texto Search Descripción 4
EL7340;Texto Search Descripción 4
EL7341;Texto Search Descripción 4
EL7342;Texto Search Descripción 4
EL7343;Texto Search Descripción 4
EL7344;Texto Search Descripción 4
EL7345;Texto Search Descripción 4
EL7346;Texto Search Descripción 4
EL7347;Texto Search Descripción 4
EL7348;Texto Search Descripción 4
EL7349;Texto Search Descripción 4
EL7350;Texto Search Descripción 4
EL7351;Texto Search Descripción 4
EL7352;Texto Search Descripción 4
EL7353;Texto Search Descripción 4
EL7354;Texto Search Descripción 4
EL7355;Texto Search Descripción 4
EL7356;Texto Search Descripción 4
EL7357;Texto Search Descripción 4
EL7358;Texto Search Descripción 4
EL7359;Texto Search Descripción 4
EL7360;Texto Search Descripción 4
EL7361;Texto Search Descripción 4
EL7362;Texto Search Descripción 4
EL7363;Texto Search Descripción 4
EL7364;Texto Search Descripción 4
EL7365;Texto Search Descripción 4
EL7366;Texto Search Descripción 4
EL7367;Texto Search Descripción 4
EL7368;Texto Search Descripción 4
EL7369;Texto Search Descripción 4
EL7370;Texto Search Descripción 4
EL7371;Texto Search Descripción 4
EL7372;Texto Search Descripción 4
EL7373;Texto Search Descripción 4
EL7374;Texto Search Descripción 4
EL7375;Texto Search Descripción 4
EL7376;Texto Search Descripción 4
EL7377;Texto Search Descripción 4
EL7378;Texto Search Descripción 4
EL7379;Texto Search Descripción 4
EL7380;Texto Search Descripción 4
EL7381;Texto Search Descripción 4
EL7382;Texto Search Descripción 4
EL7383;Texto Search Descripción 4
EL7384;Texto Search Descripción 4
EL7385;Texto Search Descripción 4
EL7386;Texto Search Descripción 4
EL7387;Texto Search Descripción 4
EL7388;Texto Search Descripción 4
EL7389;Texto Search Descripción 4
EL7390;Texto Search Descripción 4
EL7391;Texto Search Descripción 4
EL7392;Texto Search Descripción 4
EL7393;Texto Search Descripción 4
EL7394;Texto Search Descripción 4
EL7395;Texto Search Descripción 4
EL7396;Texto Search Descripción 4
EL7397;Texto Search Descripción 4
EL7398;Texto Search Descripción 4
EL7399;Texto Search Descripción 4
EL7400;Texto Search Descripción 4
EL7401;Texto Search Descripción 4
EL7402;Texto Search Descripción 4
EL7403;Texto Search Descripción 4
EL7404;Texto Search Descripción 4
EL7405;Texto Search Descripción 4
EL7406;Texto Search Descripción 4
EL7407;Texto Search Descripción 4
EL7408;Texto Search Descripción 4
EL7409;Texto Search Descripción 4
EL7410;Texto Search Descripción 4
EL7411;Texto Search Descripción 4
EL7412;Texto Search Descripción 4
EL7413;Texto Search Descripción 4
EL7414;Texto Search Descripción 4
EL7415;Texto Search Descripción 4
EL7416;Texto Search Descripción 4
EL7417;Texto Search Descripción 4
EL7418;Texto Search Descripción 4
EL7419;Texto Search Descripción 4
EL7420;Texto Search Descripción 4
EL7421;Texto Search Descripción 4
EL7422;Texto Search Descripción 4
EL7423;Texto Search Descripción 4
EL7424;Texto Search Descripción 4
EL7425;Texto Search Descripción 4
EL7426;Texto Search Descripción 4
EL7427;Texto Search Descripción 4
EL7428;Texto Search Descripción 4
EL7429;Texto Search Descripción 4
EL7430;Texto Search Descripción 4
EL7431;Texto Search Descripción 4
EL7432;Texto Search Descripción 4
EL7433;Texto Search Descripción 4
EL7434;Texto Search Descripción 4
EL7435;Texto Search Descripción 4
EL7436;Texto Search Descripción 4
EL7437;Texto Search Descripción 4
EL7438;Texto Search Descripción 4
EL7439;Texto Search Descripción 4
EL7440;Texto Search Descripción 4
EL7441;Texto Search Descripción 4
EL7442;Texto Search Descripción 4
EL7443;Texto Search Descripción 4
EL7444;Texto Search Descripción 4
EL7445;Texto Search Descripción 4
EL7446;Texto Search Descripción 4
EL7447;Texto Search Descripción 4
EL7448;Texto Search Descripción 4
EL7449;Texto Search Descripción 4
EL7450;Texto Search Descripción 4
EL7451;Texto Search Descripción 4
EL7452;Texto Search Descripción 4
EL7453;Texto Search Descripción 4
EL7454;Texto Search Descripción 4
EL7455;Texto Search Descripción 4
EL7456;Texto Search Descripción 4
EL7457;Texto Search Descripción 4
EL7458;Texto Search Descripción 4
EL7459;Texto Search Descripción 4
EL7460;Texto Search Descripción 4
EL7461;Texto Search Descripción 4
EL7462;Texto Search Descripción 4
EL7463;Texto Search Descripción 4
EL7464;Texto Search Descripción 4
EL7465;Texto Search Descripción 4
EL7466;Texto Search Descripción 4
EL7467;Texto Search Descripción 4
EL7468;Texto Search Descripción 4
EL7469;Texto Search Descripción 4
EL7470;Texto Search Descripción 4
EL7471;Texto Search Descripción 4
EL7472;Texto Search Descripción 4
EL7473;Texto Search Descripción 4
EL7474;Texto Search Descripción 4
EL7475;Texto Search Descripción 4
EL7476;Texto Search Descripción 4
EL7477;Texto Search Descripción 4
EL7478;Texto Search Descripción 4
EL7479;Texto Search Descripción 4
EL7480;Texto Search Descripción 4
EL7481;Texto Search Descripción 4
EL7482;Texto Search Descripción 4
EL7483;Texto Search Descripción 4
EL7484;Texto Search Descripción 4
EL7485;Texto Search Descripción 4
EL7486;Texto Search Descripción 4
EL7487;Texto Search Descripción 4
EL7488;Texto Search Descripción 4
EL7489;Texto Search Descripción 4
EL7490;Texto Search Descripción 4
EL7491;Texto Search Descripción 4
EL7492;Texto Search Descripción 4
EL7493;Texto Search Descripción 4
EL7494;Texto Search Descripción 4
EL7496;Texto Search Descripción 4
EL7496C;Texto Search Descripción 4
EL7497;Texto Search Descripción 4
EL7497C;Texto Search Descripción 4
EL7498;Texto Search Descripción 4
EL7499C;Texto Search Descripción 4
EL7500C;Texto Search Descripción 4
EL7502C;Texto Search Descripción 4
EL7503;Texto Search Descripción 4
EL7504C;Texto Search Descripción 4
EL7505;Texto Search Descripción 4
EL7506C;Texto Search Descripción 4
EL7507;Texto Search Descripción 4
EL7508C;Texto Search Descripción 4
EL7509C;Texto Search Descripción 4
EL8000;Texto Search Descripción 67
EL8000E;Texto Search Descripción 67
EL8000E-B;Texto Search Descripción 67
EL8001E;Texto Search Descripción 256
EL8001E-B;Texto Search Descripción 256
EL8002E;Texto Search Descripción 386
EL8002E-B;Texto Search Descripción 386
EL8003E;Texto Search Descripción 204
EL8003E-B;Texto Search Descripción 204
EL8004;Texto Search Descripción 387
EL8004-B;Texto Search Descripción 387
EL8005;Texto Search Descripción 388
EL8005-B;Texto Search Descripción 388
EL8006;Texto Search Descripción 389
EL8006-B;Texto Search Descripción 389
EL8007;Texto Search Descripción 390
EL8007-B;Texto Search Descripción 390
EL8008;Texto Search Descripción 391
EL8008-B;Texto Search Descripción 391
EL8009;Texto Search Descripción 392
EL8009-B;Texto Search Descripción 392
EL8010;Texto Search Descripción 393
EL8010-B;Texto Search Descripción 393
EL8011;Texto Search Descripción 394
EL8011-B;Texto Search Descripción 394
EL8012;Texto Search Descripción 395
EL8012-B;Texto Search Descripción 395
EL8014;Texto Search Descripción 396
EL8014-B;Texto Search Descripción 396
EL8015;Texto Search Descripción 397
EL8015-B;Texto Search Descripción 397
EL8016;Texto Search Descripción 398
EL8016-B;Texto Search Descripción 398
EL8017;Texto Search Descripción 399
EL8017-B;Texto Search Descripción 399
EL8018;Texto Search Descripción 95
EL8018-B;Texto Search Descripción 95
EL8020;Texto Search Descripción 205
EL8020-B;Texto Search Descripción 205
EL8021;Texto Search Descripción 115
EL8021-B;Texto Search Descripción 115
EL8022;Texto Search Descripción 130
EL8022-B;Texto Search Descripción 130
EL8023;Texto Search Descripción 71
EL8023-B;Texto Search Descripción 71
EL8024;Texto Search Descripción 400
EL8024-B;Texto Search Descripción 400
EL8025;Texto Search Descripción 401
EL8025-B;Texto Search Descripción 401
EL8026;Texto Search Descripción 402
EL8026-B;Texto Search Descripción 402
EL8027;Texto Search Descripción 206
EL8027-B;Texto Search Descripción 206
EL8028;Texto Search Descripción 403
EL8028-B;Texto Search Descripción 403
EL8029;Texto Search Descripción 404
EL8029-B;Texto Search Descripción 404
EL8031;Texto Search Descripción 96
EL8031-B;Texto Search Descripción 96
EL8033;Texto Search Descripción 207
EL8033-B;Texto Search Descripción 207
EL8034;Texto Search Descripción 405
EL8034-B;Texto Search Descripción 405
EL8035;Texto Search Descripción 97
EL8035-B;Texto Search Descripción 97
EL8036;Texto Search Descripción 406
EL8036-B;Texto Search Descripción 406
EL8037;Texto Search Descripción 407
EL8037-B;Texto Search Descripción 407
EL8039;Texto Search Descripción 408
EL8039-B;Texto Search Descripción 408
EL8041;Texto Search Descripción 98
EL8041-B;Texto Search Descripción 98
EL8042;Texto Search Descripción 409
EL8042-B;Texto Search Descripción 409
EL8045;Texto Search Descripción 131
EL8045-B;Texto Search Descripción 131
EL8046;Texto Search Descripción 85
EL8046-B;Texto Search Descripción 85
EL8048;Texto Search Descripción 116
EL8048-B;Texto Search Descripción 116
EL8049;Texto Search Descripción 77
EL8049-B;Texto Search Descripción 77
EL8053;Texto Search Descripción 87
EL8053-B;Texto Search Descripción 87
EL8055;Texto Search Descripción 68
EL8055-B;Texto Search Descripción 68
EL8058;Texto Search Descripción 410
EL8058-B;Texto Search Descripción 410
EL8059;Texto Search Descripción 208
EL8059-B;Texto Search Descripción 208
EL8061;Texto Search Descripción 257
EL8061-B;Texto Search Descripción 257
EL8062;Texto Search Descripción 132
EL8062-B;Texto Search Descripción 132
EL8064;Texto Search Descripción 99
EL8064-B;Texto Search Descripción 99
EL8065;Texto Search Descripción 209
EL8065-B;Texto Search Descripción 209
EL8066;Texto Search Descripción 411
EL8066-B;Texto Search Descripción 411
EL8067;Texto Search Descripción 133
EL8067-B;Texto Search Descripción 133
EL8068;Texto Search Descripción 86
EL8068-B;Texto Search Descripción 86
EL8069;Texto Search Descripción 581
EL8070;Texto Search Descripción 100
EL8070-B;Texto Search Descripción 100
EL8071;Texto Search Descripción 412
EL8071-B;Texto Search Descripción 412
EL8072;Texto Search Descripción 413
EL8072-B;Texto Search Descripción 413
EL8075;Texto Search Descripción 414
EL8075-B;Texto Search Descripción 414
EL8076;Texto Search Descripción 101
EL8076-B;Texto Search Descripción 101
EL8077;Texto Search Descripción 210
EL8077-B;Texto Search Descripción 210
EL8079;Texto Search Descripción 415
EL8079-B;Texto Search Descripción 415
EL8080;Texto Search Descripción 416
EL8080-B;Texto Search Descripción 416
EL8081;Texto Search Descripción 211
EL8081-B;Texto Search Descripción 211
EL8082;Texto Search Descripción 417
EL8082-B;Texto Search Descripción 417
EL8083;Texto Search Descripción 418
EL8083-B;Texto Search Descripción 418
EL8083E;Texto Search Descripción 258
EL8083E-B;Texto Search Descripción 258
EL8084;Texto Search Descripción 419
EL8084-B;Texto Search Descripción 419
EL8086;Texto Search Descripción 420
EL8086-B;Texto Search Descripción 420
EL8086E;Texto Search Descripción 212
EL8086E-B;Texto Search Descripción 212
EL8087;Texto Search Descripción 213
EL8087-B;Texto Search Descripción 213
EL8088;Texto Search Descripción 421
EL8088-B;Texto Search Descripción 421
EL8088E;Texto Search Descripción 259
EL8088E-B;Texto Search Descripción 259
EL8090;Texto Search Descripción 422
EL8090-B;Texto Search Descripción 422
EL8090E;Texto Search Descripción 423
EL8090E-B;Texto Search Descripción 423
EL8094;Texto Search Descripción 93
EL8094E;Texto Search Descripción 214
EL8094E-B;Texto Search Descripción 214
EL8101;Texto Search Descripción 215
EL8101-B;Texto Search Descripción 215
EL8105;Texto Search Descripción 216
EL8105-B;Texto Search Descripción 216
EL8106;Texto Search Descripción 424
EL8106-B;Texto Search Descripción 424
EL8107;Texto Search Descripción 425
EL8107-B;Texto Search Descripción 425
EL8107E;Texto Search Descripción 217
EL8107E-B;Texto Search Descripción 217
EL8110;Texto Search Descripción 426
EL8110-B;Texto Search Descripción 426
EL8110E;Texto Search Descripción 260
EL8110E-B;Texto Search Descripción 260
EL8111;Texto Search Descripción 427
EL8111-B;Texto Search Descripción 427
EL8112;Texto Search Descripción 428
EL8112-B;Texto Search Descripción 428
EL8118;Texto Search Descripción 11
EL8118-B;Texto Search Descripción 73
EL8118E;Texto Search Descripción 218
EL8118E-B;Texto Search Descripción 218
EL8121;Texto Search Descripción 219
EL8121-B;Texto Search Descripción 219
EL8122;Texto Search Descripción 220
EL8122-B;Texto Search Descripción 220
EL8122E;Texto Search Descripción 221
EL8122E-B;Texto Search Descripción 221
EL8124;Texto Search Descripción 429
EL8124-B;Texto Search Descripción 429
EL8125;Texto Search Descripción 222
EL8125-B;Texto Search Descripción 222
EL8126;Texto Search Descripción 430
EL8126-B;Texto Search Descripción 430
EL8127T;Texto Search Descripción 223
EL8127T-B;Texto Search Descripción 223
EL8128;Texto Search Descripción 431
EL8128-B;Texto Search Descripción 431
EL8130;Texto Search Descripción 582
EL8130-B;Texto Search Descripción 582
EL8131;Texto Search Descripción 583
EL8131-B;Texto Search Descripción 583
EL8132;Texto Search Descripción 224
EL8132-B;Texto Search Descripción 224
EL8134;Texto Search Descripción 134
EL8134-B;Texto Search Descripción 134
EL8136;Texto Search Descripción 225
EL8136-B;Texto Search Descripción 225
EL8137;Texto Search Descripción 432
EL8137-B;Texto Search Descripción 432
EL8138;Texto Search Descripción 433
EL8138-B;Texto Search Descripción 433
EL8140;Texto Search Descripción 434
EL8140-B;Texto Search Descripción 434
EL8141;Texto Search Descripción 226
EL8141-B;Texto Search Descripción 226
EL8142;Texto Search Descripción 227
EL8142-B;Texto Search Descripción 227
EL8142E;Texto Search Descripción 435
EL8142E-B;Texto Search Descripción 435
EL8143;Texto Search Descripción 436
EL8143-B;Texto Search Descripción 436
EL8145;Texto Search Descripción 117
EL8145-B;Texto Search Descripción 117
EL8146T;Texto Search Descripción 228
EL8146T-B;Texto Search Descripción 228
EL8147;Texto Search Descripción 229
EL8147-B;Texto Search Descripción 229
EL8147E;Texto Search Descripción 11
EL8147E-B;Texto Search Descripción 261
EL8148T;Texto Search Descripción 262
EL8148T-B;Texto Search Descripción 262
EL8149T;Texto Search Descripción 263
EL8149T-B;Texto Search Descripción 263
EL8150;Texto Search Descripción 118
EL8150-B;Texto Search Descripción 118
EL8151;Texto Search Descripción 230
EL8151-B;Texto Search Descripción 230
EL8151E;Texto Search Descripción 135
EL8151E-B;Texto Search Descripción 135
EL8152T;Texto Search Descripción 264
EL8152T-B;Texto Search Descripción 264
EL8154;Texto Search Descripción 437
EL8154-B;Texto Search Descripción 437
EL8154E;Texto Search Descripción 438
EL8154E-B;Texto Search Descripción 438
EL8155;Texto Search Descripción 439
EL8155-B;Texto Search Descripción 439
EL8155E;Texto Search Descripción 136
EL8155E-B;Texto Search Descripción 136
EL8156;Texto Search Descripción 231
EL8156-B;Texto Search Descripción 231
EL8157T;Texto Search Descripción 11
EL8157T-B;Texto Search Descripción 137
EL8158T;Texto Search Descripción 11
EL8158T-B;Texto Search Descripción 138
EL8159;Texto Search Descripción 119
EL8159E;Texto Search Descripción 119
EL8160;Texto Search Descripción 440
EL8160-B;Texto Search Descripción 440
EL8161;Texto Search Descripción 233
EL8161-B;Texto Search Descripción 233
EL8162;Texto Search Descripción 120
EL8162-B;Texto Search Descripción 120
EL8162E;Texto Search Descripción 441
EL8162E-B;Texto Search Descripción 441
EL8163;Texto Search Descripción 234
EL8163-B;Texto Search Descripción 234
EL8163E;Texto Search Descripción 235
EL8163E-B;Texto Search Descripción 235
EL8164;Texto Search Descripción 442
EL8164-B;Texto Search Descripción 442
EL8165T;Texto Search Descripción 265
EL8165T-B;Texto Search Descripción 265
EL8166T;Texto Search Descripción 266
EL8166T-B;Texto Search Descripción 266
EL8167;Texto Search Descripción 443
EL8167-B;Texto Search Descripción 443
EL8167E;Texto Search Descripción 444
EL8168T;Texto Search Descripción 236
EL8168T-B;Texto Search Descripción 236
EL8169T;Texto Search Descripción 11
EL8169T-B;Texto Search Descripción 139
EL8170;Texto Search Descripción 445
EL8170-B;Texto Search Descripción 445
EL8171;Texto Search Descripción 446
EL8171-B;Texto Search Descripción 446
EL8171E;Texto Search Descripción 267
EL8171E-B;Texto Search Descripción 267
EL8172;Texto Search Descripción 140
EL8172-B;Texto Search Descripción 140
EL8172E;Texto Search Descripción 447
EL8172E-B;Texto Search Descripción 447
EL8173T;Texto Search Descripción 11
EL8173T-B;Texto Search Descripción 268
EL8174T;Texto Search Descripción 121
EL8174T-B;Texto Search Descripción 121
EL8175T;Texto Search Descripción 237
EL8175T-B;Texto Search Descripción 237
EL8176;Texto Search Descripción 448
EL8176-B;Texto Search Descripción 448
EL8176E;Texto Search Descripción 269
EL8176E-B;Texto Search Descripción 269
EL8177;Texto Search Descripción 449
EL8177-B;Texto Search Descripción 449
EL8177E;Texto Search Descripción 270
EL8177E-B;Texto Search Descripción 270
EL8178;Texto Search Descripción 450
EL8178-B;Texto Search Descripción 450
EL8179;Texto Search Descripción 451
EL8179-B;Texto Search Descripción 451
EL8180T;Texto Search Descripción 452
EL8180T-B;Texto Search Descripción 452
EL8181;Texto Search Descripción 453
EL8181-B;Texto Search Descripción 453
EL8181E;Texto Search Descripción 271
EL8181E-B;Texto Search Descripción 271
EL8182T;Texto Search Descripción 122
EL8182T-B;Texto Search Descripción 122
EL8183T;Texto Search Descripción 454
EL8183T-B;Texto Search Descripción 454
EL8184T;Texto Search Descripción 78
EL8184T-B;Texto Search Descripción 78
EL8185T;Texto Search Descripción 238
EL8185T-B;Texto Search Descripción 238
EL8186T;Texto Search Descripción 239
EL8186T-B;Texto Search Descripción 239
EL8187T;Texto Search Descripción 102
EL8187T-B;Texto Search Descripción 102
EL8188;Texto Search Descripción 240
EL8188-B;Texto Search Descripción 240
EL8189T;Texto Search Descripción 141
EL8189T-B;Texto Search Descripción 141
EL8190;Texto Search Descripción 455
EL8190-B;Texto Search Descripción 455
EL8191;Texto Search Descripción 272
EL8191-B;Texto Search Descripción 272
EL8192;Texto Search Descripción 456
EL8192-B;Texto Search Descripción 456
EL8193;Texto Search Descripción 457
EL8193-B;Texto Search Descripción 457
EL8194;Texto Search Descripción 458
EL8194-B;Texto Search Descripción 458
EL8195;Texto Search Descripción 11
EL8195-B;Texto Search Descripción 103
EL8197;Texto Search Descripción 241
EL8197-B;Texto Search Descripción 241
EL8198;Texto Search Descripción 459
EL8198-B;Texto Search Descripción 459
EL8199;Texto Search Descripción 460
EL8199-B;Texto Search Descripción 460
EL8200;Texto Search Descripción 461
EL8200-B;Texto Search Descripción 461
EL8201;Texto Search Descripción 462
EL8201-B;Texto Search Descripción 462
EL8202;Texto Search Descripción 463
EL8202-B;Texto Search Descripción 463
EL8203;Texto Search Descripción 273
EL8203-B;Texto Search Descripción 273
EL8203E;Texto Search Descripción 142
EL8203E-B;Texto Search Descripción 142
EL8204;Texto Search Descripción 464
EL8204-B;Texto Search Descripción 464
EL8205;Texto Search Descripción 242
EL8205-B;Texto Search Descripción 242
EL8206;Texto Search Descripción 465
EL8206-B;Texto Search Descripción 465
EL8207;Texto Search Descripción 466
EL8207-B;Texto Search Descripción 466
EL8208;Texto Search Descripción 11
EL8208-B;Texto Search Descripción 143
EL8209;Texto Search Descripción 487
EL8209-B;Texto Search Descripción 487
EL8210;Texto Search Descripción 274
EL8210-B;Texto Search Descripción 274
EL8211;Texto Search Descripción 275
EL8211-B;Texto Search Descripción 275
EL8212;Texto Search Descripción 11
EL8212-B;Texto Search Descripción 144
EL8213;Texto Search Descripción 467
EL8213-B;Texto Search Descripción 467
EL8214;Texto Search Descripción 276
EL8214-B;Texto Search Descripción 276
EL8215;Texto Search Descripción 11
EL8215-B;Texto Search Descripción 277
EL8216;Texto Search Descripción 278
EL8216-B;Texto Search Descripción 278
EL8217;Texto Search Descripción 279
EL8217-B;Texto Search Descripción 279
EL8218;Texto Search Descripción 488
EL8218-B;Texto Search Descripción 488
EL8219;Texto Search Descripción 280
EL8219-B;Texto Search Descripción 280
EL8220;Texto Search Descripción 281
EL8220-B;Texto Search Descripción 281
EL8221;Texto Search Descripción 282
EL8221-B;Texto Search Descripción 282
EL8222;Texto Search Descripción 11
EL8222-B;Texto Search Descripción 283
EL8223;Texto Search Descripción 145
EL8223-B;Texto Search Descripción 145
EL8224;Texto Search Descripción 11
EL8224-B;Texto Search Descripción 284
EL8225;Texto Search Descripción 11
EL8225-B;Texto Search Descripción 146
EL8226;Texto Search Descripción 11
EL8226-B;Texto Search Descripción 147
EL8227;Texto Search Descripción 285
EL8227-B;Texto Search Descripción 285
EL8228;Texto Search Descripción 11
EL8228-B;Texto Search Descripción 104
EL8229;Texto Search Descripción 286
EL8229-B;Texto Search Descripción 286
EL8230;Texto Search Descripción 287
EL8230-B;Texto Search Descripción 287
EL8231;Texto Search Descripción 288
EL8231-B;Texto Search Descripción 288
EL8232;Texto Search Descripción 148
EL8232-B;Texto Search Descripción 148
EL8233;Texto Search Descripción 11
EL8233-B;Texto Search Descripción 289
EL8234;Texto Search Descripción 290
EL8234-B;Texto Search Descripción 290
EL8235;Texto Search Descripción 291
EL8235-B;Texto Search Descripción 291
EL8236;Texto Search Descripción 11
EL8236-B;Texto Search Descripción 292
EL8237;Texto Search Descripción 293
EL8237-B;Texto Search Descripción 293
EL8238;Texto Search Descripción 294
EL8238-B;Texto Search Descripción 294
EL8239;Texto Search Descripción 11
EL8239-B;Texto Search Descripción 295
EL8240;Texto Search Descripción 296
EL8240-B;Texto Search Descripción 296
EL8241;Texto Search Descripción 489
EL8241-B;Texto Search Descripción 489
EL8242;Texto Search Descripción 297
EL8242-B;Texto Search Descripción 297
EL8243;Texto Search Descripción 298
EL8243-B;Texto Search Descripción 298
EL8244;Texto Search Descripción 299
EL8244-B;Texto Search Descripción 299
EL8245;Texto Search Descripción 300
EL8245-B;Texto Search Descripción 300
EL8246;Texto Search Descripción 301
EL8246-B;Texto Search Descripción 301
EL8247;Texto Search Descripción 302
EL8247-B;Texto Search Descripción 302
EL8248;Texto Search Descripción 303
EL8248-B;Texto Search Descripción 303
EL8249;Texto Search Descripción 304
EL8249-B;Texto Search Descripción 304
EL8250;Texto Search Descripción 305
EL8250-B;Texto Search Descripción 305
EL8251;Texto Search Descripción 306
EL8251-B;Texto Search Descripción 306
EL8252;Texto Search Descripción 11
EL8252-B;Texto Search Descripción 307
EL8253;Texto Search Descripción 11
EL8253-B;Texto Search Descripción 308
EL8254;Texto Search Descripción 309
EL8254-B;Texto Search Descripción 309
EL8255;Texto Search Descripción 310
EL8255-B;Texto Search Descripción 310
EL8256;Texto Search Descripción 11
EL8256-B;Texto Search Descripción 311
EL8257;Texto Search Descripción 490
EL8257-B;Texto Search Descripción 490
EL8258;Texto Search Descripción 312
EL8258-B;Texto Search Descripción 312
EL8259;Texto Search Descripción 313
EL8259-B;Texto Search Descripción 313
EL8260;Texto Search Descripción 11
EL8260-B;Texto Search Descripción 105
EL8261;Texto Search Descripción 314
EL8261-B;Texto Search Descripción 314
EL8263T;Texto Search Descripción 11
EL8263T-B;Texto Search Descripción 315
EL8264T;Texto Search Descripción 316
EL8264T-B;Texto Search Descripción 316
EL8266T;Texto Search Descripción 149
EL8266T-B;Texto Search Descripción 149
EL8267T;Texto Search Descripción 11
EL8267T-B;Texto Search Descripción 317
EL8268T;Texto Search Descripción 11
EL8268T-B;Texto Search Descripción 150
EL8269T;Texto Search Descripción 491
EL8269T-B;Texto Search Descripción 491
EL8270T;Texto Search Descripción 318
EL8270T-B;Texto Search Descripción 318
EL8271T;Texto Search Descripción 319
EL8271T-B;Texto Search Descripción 319
EL8272T;Texto Search Descripción 11
EL8272T-B;Texto Search Descripción 320
EL8273T;Texto Search Descripción 11
EL8273T-B;Texto Search Descripción 492
EL8275T;Texto Search Descripción 321
EL8275T-B;Texto Search Descripción 321
EL8276T;Texto Search Descripción 46
EL8276T-B;Texto Search Descripción 493
EL8277T;Texto Search Descripción 322
EL8277T-B;Texto Search Descripción 322
EL8278T;Texto Search Descripción 494
EL8278T-B;Texto Search Descripción 494
EL8279T;Texto Search Descripción 46
EL8279T-B;Texto Search Descripción 495
EL8280T;Texto Search Descripción 11
EL8280T-B;Texto Search Descripción 323
EL8281T;Texto Search Descripción 11
EL8281T-B;Texto Search Descripción 324
EL8282T;Texto Search Descripción 11
EL8282T-B;Texto Search Descripción 151
EL8283T;Texto Search Descripción 496
EL8283T-B;Texto Search Descripción 496
EL8284T;Texto Search Descripción 152
EL8284T-B;Texto Search Descripción 152
EL8285T;Texto Search Descripción 11
EL8285T-B;Texto Search Descripción 325
EL8286T;Texto Search Descripción 153
EL8286T-B;Texto Search Descripción 153
EL8287T;Texto Search Descripción 11
EL8287T-B;Texto Search Descripción 326
EL8288T;Texto Search Descripción 46
EL8288T-B;Texto Search Descripción 154
EL8289;Texto Search Descripción 11
EL8289-B;Texto Search Descripción 327
EL8290;Texto Search Descripción 11
EL8290-B;Texto Search Descripción 155
EL8291T;Texto Search Descripción 156
EL8291T-B;Texto Search Descripción 156
EL8292;Texto Search Descripción 328
EL8292-B;Texto Search Descripción 328
EL8293;Texto Search Descripción 497
EL8293-B;Texto Search Descripción 497
EL8294T;Texto Search Descripción 11
EL8294T-B;Texto Search Descripción 329
EL8296;Texto Search Descripción 498
EL8296-B;Texto Search Descripción 498
EL8297;Texto Search Descripción 11
EL8297-B;Texto Search Descripción 330
EL8298;Texto Search Descripción 11
EL8298-B;Texto Search Descripción 499
EL8299;Texto Search Descripción 11
EL8299-B;Texto Search Descripción 500
EL8300;Texto Search Descripción 331
EL8300-B;Texto Search Descripción 331
EL8301;Texto Search Descripción 11
EL8301-B;Texto Search Descripción 501
EL8302;Texto Search Descripción 332
EL8302-B;Texto Search Descripción 332
EL8303;Texto Search Descripción 11
EL8303-B;Texto Search Descripción 72
EL8304;Texto Search Descripción 502
EL8304-B;Texto Search Descripción 502
EL8305;Texto Search Descripción 333
EL8305-B;Texto Search Descripción 333
EL8306;Texto Search Descripción 11
EL8306-B;Texto Search Descripción 503
EL8307;Texto Search Descripción 504
EL8307-B;Texto Search Descripción 504
EL8308;Texto Search Descripción 11
EL8308-B;Texto Search Descripción 505
EL8309;Texto Search Descripción 11
EL8309-B;Texto Search Descripción 157
EL8310;Texto Search Descripción 334
EL8310-B;Texto Search Descripción 334
EL8311;Texto Search Descripción 11
EL8311-B;Texto Search Descripción 506
EL8312;Texto Search Descripción 11
EL8312-B;Texto Search Descripción 335
EL8313;Texto Search Descripción 11
EL8313-B;Texto Search Descripción 507
EL8314;Texto Search Descripción 508
EL8314-B;Texto Search Descripción 508
EL8315;Texto Search Descripción 11
EL8315-B;Texto Search Descripción 509
EL8316;Texto Search Descripción 11
EL8316-B;Texto Search Descripción 510
EL8317;Texto Search Descripción 511
EL8317-B;Texto Search Descripción 511
EL8318;Texto Search Descripción 512
EL8318-B;Texto Search Descripción 512
EL8319;Texto Search Descripción 513
EL8319-B;Texto Search Descripción 513
EL8320;Texto Search Descripción 11
EL8320-B;Texto Search Descripción 514
EL8321;Texto Search Descripción 515
EL8321-B;Texto Search Descripción 515
EL8322;Texto Search Descripción 11
EL8322-B;Texto Search Descripción 336
EL8323;Texto Search Descripción 337
EL8323-B;Texto Search Descripción 337
EL8324;Texto Search Descripción 11
EL8324-B;Texto Search Descripción 158
EL8325;Texto Search Descripción 338
EL8325-B;Texto Search Descripción 338
EL8326;Texto Search Descripción 159
EL8326-B;Texto Search Descripción 159
EL8327;Texto Search Descripción 516
EL8327-B;Texto Search Descripción 516
EL8330;Texto Search Descripción 339
EL8330-B;Texto Search Descripción 339
EL8331;Texto Search Descripción 11
EL8331-B;Texto Search Descripción 517
EL8332;Texto Search Descripción 518
EL8332-B;Texto Search Descripción 518
EL8333T;Texto Search Descripción 11
EL8333T-B;Texto Search Descripción 106
EL8334T;Texto Search Descripción 519
EL8334T-B;Texto Search Descripción 519
EL8335T;Texto Search Descripción 340
EL8335T-B;Texto Search Descripción 340
EL8336T;Texto Search Descripción 11
EL8336T-B;Texto Search Descripción 160
EL8337T;Texto Search Descripción 11
EL8337T-B;Texto Search Descripción 161
EL8338;Texto Search Descripción 520
EL8338-B;Texto Search Descripción 520
EL8339;Texto Search Descripción 11
EL8339-B;Texto Search Descripción 162
EL8340;Texto Search Descripción 521
EL8340-B;Texto Search Descripción 521
EL8341T;Texto Search Descripción 163
EL8341T-B;Texto Search Descripción 163
EL8342T;Texto Search Descripción 11
EL8342T-B;Texto Search Descripción 164
EL8343T;Texto Search Descripción 11
EL8343T-B;Texto Search Descripción 522
EL8344T;Texto Search Descripción 523
EL8344T-B;Texto Search Descripción 523
EL8345T;Texto Search Descripción 11
EL8345T-B;Texto Search Descripción 165
EL8346;Texto Search Descripción 524
EL8346-B;Texto Search Descripción 524
EL8347;Texto Search Descripción 525
EL8347-B;Texto Search Descripción 525
EL8348;Texto Search Descripción 72
EL8348-B;Texto Search Descripción 72
EL8349;Texto Search Descripción 526
EL8349-B;Texto Search Descripción 526
EL8350;Texto Search Descripción 527
EL8350-B;Texto Search Descripción 527
EL8351;Texto Search Descripción 528
EL8351-B;Texto Search Descripción 528
EL8352;Texto Search Descripción 11
EL8352-B;Texto Search Descripción 529
EL8353;Texto Search Descripción 530
EL8353-B;Texto Search Descripción 530
EL8354;Texto Search Descripción 531
EL8354-B;Texto Search Descripción 531
EL8355;Texto Search Descripción 341
EL8355-B;Texto Search Descripción 341
EL8356;Texto Search Descripción 532
EL8356-B;Texto Search Descripción 532
EL8357T;Texto Search Descripción 533
EL8357T-B;Texto Search Descripción 533
EL8358;Texto Search Descripción 534
EL8358-B;Texto Search Descripción 534
EL8359;Texto Search Descripción 342
EL8359-B;Texto Search Descripción 342
EL8360;Texto Search Descripción 535
EL8360-B;Texto Search Descripción 535
EL8361T;Texto Search Descripción 536
EL8361T-B;Texto Search Descripción 536
EL8362T;Texto Search Descripción 537
EL8362T-B;Texto Search Descripción 537
EL8363T;Texto Search Descripción 343
EL8363T-B;Texto Search Descripción 343
EL8364T;Texto Search Descripción 538
EL8364T-B;Texto Search Descripción 538
EL8365;Texto Search Descripción 539
EL8365-B;Texto Search Descripción 539
EL8366;Texto Search Descripción 540
EL8366-B;Texto Search Descripción 540
EL8367;Texto Search Descripción 344
EL8367-B;Texto Search Descripción 344
EL8368;Texto Search Descripción 541
EL8368-B;Texto Search Descripción 541
EL8369;Texto Search Descripción 542
EL8369-B;Texto Search Descripción 542
EL8370;Texto Search Descripción 543
EL8370-B;Texto Search Descripción 543
EL8371;Texto Search Descripción 345
EL8371-B;Texto Search Descripción 345
EL8372;Texto Search Descripción 346
EL8372-B;Texto Search Descripción 346
EL8373;Texto Search Descripción 544
EL8373-B;Texto Search Descripción 544
EL8374;Texto Search Descripción 347
EL8374-B;Texto Search Descripción 347
EL8375;Texto Search Descripción 545
EL8375-B;Texto Search Descripción 545
EL8376;Texto Search Descripción 546
EL8376-B;Texto Search Descripción 546
EL8377T;Texto Search Descripción 547
EL8377T-B;Texto Search Descripción 547
EL8378T;Texto Search Descripción 348
EL8378T-B;Texto Search Descripción 348
EL8379T;Texto Search Descripción 548
EL8379T-B;Texto Search Descripción 548
EL8380T;Texto Search Descripción 549
EL8380T-B;Texto Search Descripción 549
EL8381T;Texto Search Descripción 349
EL8381T-B;Texto Search Descripción 349
EL8382T;Texto Search Descripción 550
EL8382T-B;Texto Search Descripción 550
EL8383T;Texto Search Descripción 350
EL8383T-B;Texto Search Descripción 350
EL8384T;Texto Search Descripción 551
EL8384T-B;Texto Search Descripción 551
EL8385T;Texto Search Descripción 351
EL8385T-B;Texto Search Descripción 351
EL8386T;Texto Search Descripción 552
EL8386T-B;Texto Search Descripción 552
EL8387T;Texto Search Descripción 352
EL8387T-B;Texto Search Descripción 352
EL8388;Texto Search Descripción 553
EL8388-B;Texto Search Descripción 553
EL8389;Texto Search Descripción 554
EL8389-B;Texto Search Descripción 554
EL8390;Texto Search Descripción 353
EL8390-B;Texto Search Descripción 353
EL8391;Texto Search Descripción 555
EL8391-B;Texto Search Descripción 555
EL8392;Texto Search Descripción 166
EL8392-B;Texto Search Descripción 166
EL8393;Texto Search Descripción 556
EL8393-B;Texto Search Descripción 556
EL8394;Texto Search Descripción 557
EL8394-B;Texto Search Descripción 557
EL8395;Texto Search Descripción 558
EL8395-B;Texto Search Descripción 558
EL8396;Texto Search Descripción 559
EL8396-B;Texto Search Descripción 559
EL8397;Texto Search Descripción 354
EL8397-B;Texto Search Descripción 354
EL8398;Texto Search Descripción 560
EL8398-B;Texto Search Descripción 560
EL8399;Texto Search Descripción 355
EL8399-B;Texto Search Descripción 355
EL8400;Texto Search Descripción 561
EL8400-B;Texto Search Descripción 561
EL8401;Texto Search Descripción 356
EL8401-B;Texto Search Descripción 356
EL8402;Texto Search Descripción 562
EL8402-B;Texto Search Descripción 562
EL8403;Texto Search Descripción 563
EL8403-B;Texto Search Descripción 563
EL8404;Texto Search Descripción 564
EL8404-B;Texto Search Descripción 564
EL8405;Texto Search Descripción 565
EL8405-B;Texto Search Descripción 565
EL8406;Texto Search Descripción 566
EL8406-B;Texto Search Descripción 566
EL8407;Texto Search Descripción 673
EL8408;Texto Search Descripción 567
EL8408-B;Texto Search Descripción 567
EL8409;Texto Search Descripción 568
EL8409-B;Texto Search Descripción 568
EL8410;Texto Search Descripción 569
EL8410-B;Texto Search Descripción 569
EL8411;Texto Search Descripción 570
EL8411-B;Texto Search Descripción 570
EL8412;Texto Search Descripción 571
EL8412-B;Texto Search Descripción 571
EL8413;Texto Search Descripción 572
EL8414;Texto Search Descripción 573
EL8414-B;Texto Search Descripción 573
EL8415;Texto Search Descripción 11
EL8417;Texto Search Descripción 71
EL8419;Texto Search Descripción 68
EL8420;Texto Search Descripción 73
EL8421;Texto Search Descripción 47
EL8422;Texto Search Descripción 11
EL8423;Texto Search Descripción 11
EL8424;Texto Search Descripción 11
EL8425;Texto Search Descripción 11
EL8426T;Texto Search Descripción 11
EL8427T;Texto Search Descripción 11
EL8428;Texto Search Descripción 11
EL8429;Texto Search Descripción 11
EL8430;Texto Search Descripción 11
EL8431;Texto Search Descripción 11
EL8432;Texto Search Descripción 11
EL8433;Texto Search Descripción 11
EL8434T;Texto Search Descripción 11
EL8435;Texto Search Descripción 11
EL8436;Texto Search Descripción 11
EL8437;Texto Search Descripción 11
EL8438;Texto Search Descripción 11
EL8439T;Texto Search Descripción 11
EL8440T;Texto Search Descripción 11
EL8441;Texto Search Descripción 1275
EL8442;Texto Search Descripción 1276
EL8443;Texto Search Descripción 1277
EL8444;Texto Search Descripción 1278
EL8445T;Texto Search Descripción 1279
EL8446;Texto Search Descripción 1280
EL8447;Texto Search Descripción 47
EL8448;Texto Search Descripción 1282
EL8449;Texto Search Descripción 1283
EL8450T;Texto Search Descripción 1284
EL8451T;Texto Search Descripción 1285
EL8452;Texto Search Descripción 1286
EL8453T;Texto Search Descripción 1287
EL8454;Texto Search Descripción 1288
EL8455;Texto Search Descripción 1289
EL8456;Texto Search Descripción 1290
EL8457;Texto Search Descripción 1291
EL8458;Texto Search Descripción 1292
EL8459;Texto Search Descripción 11
EL8460;Texto Search Descripción 1294
EL8461;Texto Search Descripción 11
EL8462;Texto Search Descripción 1295
EL8463;Texto Search Descripción 1296
EL8464;Texto Search Descripción 1297
EL8465;Texto Search Descripción 1298
EL8466;Texto Search Descripción 1299
EL8467;Texto Search Descripción 1300
EL8468;Texto Search Descripción 1301
EL8469;Texto Search Descripción 1302
EL8470;Texto Search Descripción 1303
EL8471;Texto Search Descripción 1304
EL8472;Texto Search Descripción 1305
EL8473;Texto Search Descripción 1306
EL8474;Texto Search Descripción 11
EL8475;Texto Search Descripción 1308
EL8476;Texto Search Descripción 1309
EL8477;Texto Search Descripción 11
EL8478;Texto Search Descripción 47
EL8479;Texto Search Descripción 1312
EL8480;Texto Search Descripción 1313
EL8481;Texto Search Descripción 1314
EL8482T;Texto Search Descripción 1315
EL8483T;Texto Search Descripción 1316
EL8484T;Texto Search Descripción 1317
EL8485T;Texto Search Descripción 1318
EL8486T;Texto Search Descripción 1319
EL8487T;Texto Search Descripción 1320
EL8488T;Texto Search Descripción 1693
EL8489T;Texto Search Descripción 1321
EL8490T;Texto Search Descripción 47
EL8491T;Texto Search Descripción 1323
EL8492T;Texto Search Descripción 11
EL8493T;Texto Search Descripción 11
EL8494T;Texto Search Descripción 11
EL8495T;Texto Search Descripción 1327
EL8496;Texto Search Descripción 11
EL8497T;Texto Search Descripción 1328
EL8498T;Texto Search Descripción 1329
EL8499T;Texto Search Descripción 1330
EL8500E;Texto Search Descripción 11
EL8501T;Texto Search Descripción 11
EL8502T;Texto Search Descripción 11
EL8503T;Texto Search Descripción 1333
EL8504T;Texto Search Descripción 47
EL8505;Texto Search Descripción 11
EL8506T;Texto Search Descripción 1335
EL8507;Texto Search Descripción 1695
EL8508;Texto Search Descripción 47
EL8509;Texto Search Descripción 1338
EL8510;Texto Search Descripción 1339
EL8511;Texto Search Descripción 11
EL8512T;Texto Search Descripción 11
EL8513;Texto Search Descripción 11
EL8514;Texto Search Descripción 11
EL8515;Texto Search Descripción 11
EL8516;Texto Search Descripción 11
EL8517;Texto Search Descripción 11
EL8518T;Texto Search Descripción 11
EL8519T;Texto Search Descripción 11
EL8520;Texto Search Descripción 11
EL8521T;Texto Search Descripción 11
EL8522;Texto Search Descripción 11
EL8522T;Texto Search Descripción 11
EL8523T;Texto Search Descripción 11
EL8524T;Texto Search Descripción 11
EL8525;Texto Search Descripción 11
EL8526;Texto Search Descripción 11
EL8527;Texto Search Descripción 605
EL8528;Texto Search Descripción 11
EL8529;Texto Search Descripción 11
EL8530;Texto Search Descripción 11
EL8531;Texto Search Descripción 11
EL8532;Texto Search Descripción 574
EL8533;Texto Search Descripción 606
EL8534;Texto Search Descripción 11
EL8535;Texto Search Descripción 11
EL8536T;Texto Search Descripción 1340
EL8537;Texto Search Descripción 1341
EL8538T;Texto Search Descripción 11
EL8539;Texto Search Descripción 1342
EL8540;Texto Search Descripción 47
EL8541;Texto Search Descripción 47
EL8542;Texto Search Descripción 47
EL8543;Texto Search Descripción 11
EL8544;Texto Search Descripción 47
EL8545;Texto Search Descripción 11
EL8546T;Texto Search Descripción 47
EL8547;Texto Search Descripción 47
EL8548;Texto Search Descripción 11
EL8549T;Texto Search Descripción 47
EL8550;Texto Search Descripción 11
EL8551T;Texto Search Descripción 11
EL8552T;Texto Search Descripción 11
EL8553T;Texto Search Descripción 11
EL8554;Texto Search Descripción 11
EL8556;Texto Search Descripción 1696
EL8557T;Texto Search Descripción 11
EL8558T;Texto Search Descripción 1697
EL8559;Texto Search Descripción 11
EL8560;Texto Search Descripción 47
EL8561T;Texto Search Descripción 11
EL8562T;Texto Search Descripción 47
EL8563;Texto Search Descripción 47
EL8564;Texto Search Descripción 11
EL8565;Texto Search Descripción 11
EL8566T;Texto Search Descripción 11
EL8567T;Texto Search Descripción 11
EL8568;Texto Search Descripción 47
EL8569;Texto Search Descripción 1698
EL8570;Texto Search Descripción 1361
EL8571T;Texto Search Descripción 11
EL8572;Texto Search Descripción 47
EL8573;Texto Search Descripción 47
EL8574;Texto Search Descripción 47
EL8575;Texto Search Descripción 47
EL8576;Texto Search Descripción 47
EL8577;Texto Search Descripción 47
EL8578T;Texto Search Descripción 47
EL8579T;Texto Search Descripción 11
EL8580T;Texto Search Descripción 11
EL8581T;Texto Search Descripción 47
EL8582T;Texto Search Descripción 47
EL8583T;Texto Search Descripción 47
EL8584;Texto Search Descripción 1375
EL8585T;Texto Search Descripción 47
EL8586E;Texto Search Descripción 67
EL8587;Texto Search Descripción 11
EL8588T;Texto Search Descripción 11
EL8589;Texto Search Descripción 936
EL8590;Texto Search Descripción 47
EL8591;Texto Search Descripción 47
EL8592T;Texto Search Descripción 11
EL8593T;Texto Search Descripción 11
EL8594T;Texto Search Descripción 11
EL8595T;Texto Search Descripción 11
EL8596T;Texto Search Descripción 11
EL8597T;Texto Search Descripción 11
EL8598T;Texto Search Descripción 11
EL8599;Texto Search Descripción 11
EL8600T;Texto Search Descripción 11
EL8601T;Texto Search Descripción 11
EL8602;Texto Search Descripción 11
EL8603;Texto Search Descripción 11
EL8604;Texto Search Descripción 11
EL8605;Texto Search Descripción 11
EL8606;Texto Search Descripción 11
EL8607;Texto Search Descripción 11
EL8608T;Texto Search Descripción 11
EL8609;Texto Search Descripción 11
EL8610;Texto Search Descripción 11
EL8611;Texto Search Descripción 11
EL8612;Texto Search Descripción 11
EL8613;Texto Search Descripción 11
EL8614;Texto Search Descripción 11
EL8615T;Texto Search Descripción 11
EL8616T;Texto Search Descripción 11
EL8617T;Texto Search Descripción 11
EL8618T;Texto Search Descripción 11
EL8619T;Texto Search Descripción 1407
EL8620T;Texto Search Descripción 11
EL8621T;Texto Search Descripción 11
EL8622T;Texto Search Descripción 11
EL8623T;Texto Search Descripción 11
EL8624T;Texto Search Descripción 11
EL8625T;Texto Search Descripción 11
EL8626;Texto Search Descripción 11
EL8627;Texto Search Descripción 11
EL8628T;Texto Search Descripción 1416
EL8629T;Texto Search Descripción 11
EL8630;Texto Search Descripción 11
EL8631;Texto Search Descripción 11
EL8632T;Texto Search Descripción 11
EL8635T;Texto Search Descripción 1699
EL8637T;Texto Search Descripción 1501
EL8638T;Texto Search Descripción 1502
EL8639T;Texto Search Descripción 1503
EL8640T;Texto Search Descripción 1504
EL8641T;Texto Search Descripción 1505
EL8642T;Texto Search Descripción 1506
EL8643T;Texto Search Descripción 1507
EL8644T;Texto Search Descripción 1508
EL8645T;Texto Search Descripción 1509
EL8646T;Texto Search Descripción 1510
EL8647T;Texto Search Descripción 1511
EL8648T;Texto Search Descripción 1512
EL8901E;Texto Search Descripción 615
EL8902E;Texto Search Descripción 588
EL9001;Texto Search Descripción 18
EL9001C;Texto Search Descripción 88
EL9002;Texto Search Descripción 18
EL9002C;Texto Search Descripción 107
EL9003;Texto Search Descripción 168
EL9003C;Texto Search Descripción 168
EL9004;Texto Search Descripción 18
EL9005;Texto Search Descripción 89
EL9005C;Texto Search Descripción 18
EL9006;Texto Search Descripción 18
EL9006C;Texto Search Descripción 169
EL9007;Texto Search Descripción 18
EL9007C;Texto Search Descripción 18
EL9008;Texto Search Descripción 18
EL9008C;Texto Search Descripción 18
EL9009;Texto Search Descripción 711
EL9010;Texto Search Descripción 18
EL9010C;Texto Search Descripción 357
EL9011;Texto Search Descripción 18
EL9012;Texto Search Descripción 18
EL9013;Texto Search Descripción 18
EL9013C;Texto Search Descripción 358
EL9014;Texto Search Descripción 713
EL9014C;Texto Search Descripción 1423
EL9015;Texto Search Descripción 18
EL9015C;Texto Search Descripción 18
EL9016;Texto Search Descripción 18
EL9016C;Texto Search Descripción 359
EL9017;Texto Search Descripción 171
EL9017C;Texto Search Descripción 18
EL9018;Texto Search Descripción 18
EL9018C;Texto Search Descripción 360
EL9019;Texto Search Descripción 172
EL9019C;Texto Search Descripción 18
EL9020;Texto Search Descripción 609
EL9020C;Texto Search Descripción 1424
EL9021;Texto Search Descripción 18
EL9021C;Texto Search Descripción 18
EL9022;Texto Search Descripción 174
EL9022C;Texto Search Descripción 174
EL9023;Texto Search Descripción 175
EL9023C;Texto Search Descripción 175
EL9024;Texto Search Descripción 176
EL9024C;Texto Search Descripción 176
EL9025;Texto Search Descripción 177
EL9025C;Texto Search Descripción 177
EL9026;Texto Search Descripción 714
EL9026C;Texto Search Descripción 1425
EL9038;Texto Search Descripción 18
EL9038C;Texto Search Descripción 361
EL9039;Texto Search Descripción 18
EL9039C;Texto Search Descripción 18
EL9040;Texto Search Descripción 715
EL9041;Texto Search Descripción 716
EL9042;Texto Search Descripción 717
EL9043;Texto Search Descripción 18
EL9043C;Texto Search Descripción 362
EL9044;Texto Search Descripción 18
EL9044C;Texto Search Descripción 363
EL9045;Texto Search Descripción 718
EL9046;Texto Search Descripción 719
EL9047;Texto Search Descripción 18
EL9047C;Texto Search Descripción 18
EL9048;Texto Search Descripción 18
EL9048C;Texto Search Descripción 18
EL9049;Texto Search Descripción 18
EL9049C;Texto Search Descripción 365
EL9050;Texto Search Descripción 109
EL9050C;Texto Search Descripción 18
EL9051;Texto Search Descripción 366
EL9051C;Texto Search Descripción 366
EL9052;Texto Search Descripción 18
EL9053;Texto Search Descripción 18
EL9053C;Texto Search Descripción 18
EL9054;Texto Search Descripción 18
EL9055;Texto Search Descripción 367
EL9055C;Texto Search Descripción 18
EL9056;Texto Search Descripción 18
EL9056C;Texto Search Descripción 18
EL9057;Texto Search Descripción 18
EL9058;Texto Search Descripción 18
EL9058C;Texto Search Descripción 368
EL9059;Texto Search Descripción 18
EL9059C;Texto Search Descripción 369
EL9060;Texto Search Descripción 720
EL9061;Texto Search Descripción 370
EL9061C;Texto Search Descripción 370
EL9062;Texto Search Descripción 18
EL9062C;Texto Search Descripción 18
EL9063;Texto Search Descripción 18
EL9063C;Texto Search Descripción 576
EL9064;Texto Search Descripción 18
EL9064C;Texto Search Descripción 577
EL9065;Texto Search Descripción 18
EL9066;Texto Search Descripción 723
EL9067;Texto Search Descripción 578
EL9067C;Texto Search Descripción 578
EL9068;Texto Search Descripción 183
EL9068C;Texto Search Descripción 18
EL9069;Texto Search Descripción 18
EL9069C;Texto Search Descripción 371
EL9070;Texto Search Descripción 724
EL9071;Texto Search Descripción 184
EL9071C;Texto Search Descripción 18
EL9072;Texto Search Descripción 372
EL9072C;Texto Search Descripción 372
EL9073;Texto Search Descripción 725
EL9074;Texto Search Descripción 726
EL9075;Texto Search Descripción 373
EL9075C;Texto Search Descripción 373
EL9076;Texto Search Descripción 18
EL9076C;Texto Search Descripción 185
EL9077;Texto Search Descripción 727
EL9078;Texto Search Descripción 18
EL9078C;Texto Search Descripción 374
EL9079;Texto Search Descripción 375
EL9079C;Texto Search Descripción 18
EL9080;Texto Search Descripción 728
EL9081;Texto Search Descripción 186
EL9081C;Texto Search Descripción 186
EL9082;Texto Search Descripción 729
EL9082C;Texto Search Descripción 1426
EL9083;Texto Search Descripción 18
EL9083C;Texto Search Descripción 18
EL9084;Texto Search Descripción 188
EL9084C;Texto Search Descripción 188
EL9085;Texto Search Descripción 611
EL9085C;Texto Search Descripción 611
EL9086;Texto Search Descripción 376
EL9086C;Texto Search Descripción 376
EL9087;Texto Search Descripción 730
EL9088;Texto Search Descripción 18
EL9088C;Texto Search Descripción 91
EL9089;Texto Search Descripción 612
EL9089C;Texto Search Descripción 612
EL9090;Texto Search Descripción 731
EL9091;Texto Search Descripción 732
EL9091C;Texto Search Descripción 732
EL9092;Texto Search Descripción 18
EL9093;Texto Search Descripción 18
EL9093C;Texto Search Descripción 189
EL9094;Texto Search Descripción 734
EL9094C;Texto Search Descripción 734
EL9095;Texto Search Descripción 18
EL9095C;Texto Search Descripción 735
EL9096;Texto Search Descripción 1427
EL9097;Texto Search Descripción 377
EL9097C;Texto Search Descripción 377
EL9098;Texto Search Descripción 18
EL9099;Texto Search Descripción 18
EL9099C;Texto Search Descripción 18
EL9100;Texto Search Descripción 18
EL9100C;Texto Search Descripción 18
EL9101;Texto Search Descripción 737
EL9102;Texto Search Descripción 111
EL9102C;Texto Search Descripción 18
EL9103;Texto Search Descripción 18
EL9104;Texto Search Descripción 18
EL9104C;Texto Search Descripción 18
EL9105;Texto Search Descripción 738
EL9106;Texto Search Descripción 739
EL9107;Texto Search Descripción 18
EL9107C;Texto Search Descripción 740
EL9108;Texto Search Descripción 18
EL9108C;Texto Search Descripción 18
EL9109;Texto Search Descripción 192
EL9109C;Texto Search Descripción 192
EL9110;Texto Search Descripción 18
EL9110C;Texto Search Descripción 378
EL9111;Texto Search Descripción 18
EL9111C;Texto Search Descripción 379
EL9112;Texto Search Descripción 380
EL9112C;Texto Search Descripción 380
EL9113;Texto Search Descripción 18
EL9113C;Texto Search Descripción 741
EL9114;Texto Search Descripción 18
EL9114C;Texto Search Descripción 193
EL9115;Texto Search Descripción 194
EL9115C;Texto Search Descripción 194
EL9116;Texto Search Descripción 742
EL9116C;Texto Search Descripción 742
EL9117;Texto Search Descripción 579
EL9117C;Texto Search Descripción 18
EL9118;Texto Search Descripción 18
EL9118C;Texto Search Descripción 18
EL9119;Texto Search Descripción 18
EL9119C;Texto Search Descripción 18
EL9120;Texto Search Descripción 743
EL9120C;Texto Search Descripción 743
EL9121;Texto Search Descripción 18
EL9121C;Texto Search Descripción 18
EL9122;Texto Search Descripción 744
EL9122C;Texto Search Descripción 744
EL9123;Texto Search Descripción 745
EL9123C;Texto Search Descripción 745
EL9124C;Texto Search Descripción 18
EL9125C;Texto Search Descripción 747
EL9126;Texto Search Descripción 748
EL9126C;Texto Search Descripción 18
EL9127C;Texto Search Descripción 749
EL9128C;Texto Search Descripción 18
EL9129C;Texto Search Descripción 18
EL9130C;Texto Search Descripción 1428
EL9131C;Texto Search Descripción 1429
EL9132C;Texto Search Descripción 750
EL9133C;Texto Search Descripción 18
EL9134C;Texto Search Descripción 1430
EL9135;Texto Search Descripción 1431
EL9136;Texto Search Descripción 752
EL9137;Texto Search Descripción 753
EL9138C;Texto Search Descripción 941
EL9139;Texto Search Descripción 382
EL9139C;Texto Search Descripción 382
EL9140;Texto Search Descripción 754
EL9140C;Texto Search Descripción 754
EL9141;Texto Search Descripción 1432
EL9142;Texto Search Descripción 755
EL9142C;Texto Search Descripción 755
EL9143;Texto Search Descripción 756
EL9143C;Texto Search Descripción 756
EL9144;Texto Search Descripción 1433
EL9145;Texto Search Descripción 18
EL9146;Texto Search Descripción 1435
EL9147;Texto Search Descripción 1436
EL9148C;Texto Search Descripción 1700
EL9149;Texto Search Descripción 1437
EL9150;Texto Search Descripción 757
EL9150C;Texto Search Descripción 757
EL9151;Texto Search Descripción 196
EL9151C;Texto Search Descripción 196
EL9152;Texto Search Descripción 18
EL9153C;Texto Search Descripción 1702
EL9154C;Texto Search Descripción 18
EL9156C;Texto Search Descripción 1706
EL9157;Texto Search Descripción 758
EL9157C;Texto Search Descripción 758
EL9158;Texto Search Descripción 759
EL9158C;Texto Search Descripción 759
EL9159C;Texto Search Descripción 1708
EL9160;Texto Search Descripción 18
EL9160C;Texto Search Descripción 197
EL9161;Texto Search Descripción 383
EL9161C;Texto Search Descripción 383
EL9162C;Texto Search Descripción 1710
EL9163;Texto Search Descripción 760
EL9163C;Texto Search Descripción 760
EL9164;Texto Search Descripción 761
EL9164C;Texto Search Descripción 761
EL9165;Texto Search Descripción 1439
EL9167;Texto Search Descripción 18
EL9167C;Texto Search Descripción 384
EL9168;Texto Search Descripción 1440
EL9169;Texto Search Descripción 1441
EL9170;Texto Search Descripción 1442
EL9171C;Texto Search Descripción 1443
EL9172;Texto Search Descripción 762
EL9172C;Texto Search Descripción 762
EL9173;Texto Search Descripción 763
EL9173C;Texto Search Descripción 763
EL9174;Texto Search Descripción 764
EL9174C;Texto Search Descripción 764
EL9175;Texto Search Descripción 765
EL9175C;Texto Search Descripción 765
EL9176;Texto Search Descripción 1444
EL9177C;Texto Search Descripción 1445
EL9178;Texto Search Descripción 766
EL9178C;Texto Search Descripción 766
EL9179;Texto Search Descripción 767
EL9179C;Texto Search Descripción 767
EL9180;Texto Search Descripción 768
EL9180C;Texto Search Descripción 768
EL9181;Texto Search Descripción 769
EL9181C;Texto Search Descripción 769
EL9182;Texto Search Descripción 18
EL9182C;Texto Search Descripción 18
EL9183;Texto Search Descripción 771
EL9183C;Texto Search Descripción 771
EL9184;Texto Search Descripción 772
EL9184C;Texto Search Descripción 772
EL9185;Texto Search Descripción 773
EL9185C;Texto Search Descripción 773
EL9186;Texto Search Descripción 774
EL9186C;Texto Search Descripción 774
EL9187;Texto Search Descripción 775
EL9187C;Texto Search Descripción 775
EL9188;Texto Search Descripción 776
EL9188C;Texto Search Descripción 776
EL9189;Texto Search Descripción 1446
EL9190;Texto Search Descripción 18
EL9191C;Texto Search Descripción 1448
EL9192;Texto Search Descripción 777
EL9192C;Texto Search Descripción 777
EL9193;Texto Search Descripción 778
EL9193C;Texto Search Descripción 778
EL9194;Texto Search Descripción 779
EL9194C;Texto Search Descripción 779
EL9195;Texto Search Descripción 780
EL9195C;Texto Search Descripción 780
EL9196;Texto Search Descripción 613
EL9197C;Texto Search Descripción 18
EL9198;Texto Search Descripción 18
EL9198C;Texto Search Descripción 385
EL9199;Texto Search Descripción 18
EL9200;Texto Search Descripción 781
EL9200C;Texto Search Descripción 781
EL9201;Texto Search Descripción 1450
EL9202;Texto Search Descripción 1451
EL9203C;Texto Search Descripción 1452
EL9204;Texto Search Descripción 782
EL9204C;Texto Search Descripción 782
EL9205;Texto Search Descripción 18
EL9205C;Texto Search Descripción 18
EL9206;Texto Search Descripción 784
EL9206C;Texto Search Descripción 784
EL9207;Texto Search Descripción 785
EL9208;Texto Search Descripción 18
EL9208C;Texto Search Descripción 18
EL9210;Texto Search Descripción 18
EL9210C;Texto Search Descripción 18
EL9211;Texto Search Descripción 92
EL9211C;Texto Search Descripción 18
EL9212;Texto Search Descripción 786
EL9213;Texto Search Descripción 18
EL9213C;Texto Search Descripción 18
EL9214C;Texto Search Descripción 787
EL9215;Texto Search Descripción 943
EL9216;Texto Search Descripción 18
EL9216C;Texto Search Descripción 113
EL9217;Texto Search Descripción 788
EL9218C;Texto Search Descripción 789
EL9219;Texto Search Descripción 790
EL9220;Texto Search Descripción 791
EL9220C;Texto Search Descripción 791
EL9221;Texto Search Descripción 201
EL9221C;Texto Search Descripción 201
EL9222C;Texto Search Descripción 792
EL9223;Texto Search Descripción 18
EL9223C;Texto Search Descripción 202
EL9224;Texto Search Descripción 18
EL9224C;Texto Search Descripción 114
EL9225C;Texto Search Descripción 18
EL9226;Texto Search Descripción 18
EL9226C;Texto Search Descripción 18
EL9227C;Texto Search Descripción 794
EL9228C;Texto Search Descripción 1453
EL9229C;Texto Search Descripción 944
EL9230;Texto Search Descripción 945
EL9231;Texto Search Descripción 1454
EL9232;Texto Search Descripción 1455
EL9233C;Texto Search Descripción 946
EL9234C;Texto Search Descripción 1456
EL9235C;Texto Search Descripción 1457
EL9236C;Texto Search Descripción 947
EL9237C;Texto Search Descripción 948
EL9238C;Texto Search Descripción 949
EL9239C;Texto Search Descripción 577
EL9240C;Texto Search Descripción 950
EL9241C;Texto Search Descripción 951
EL9242C;Texto Search Descripción 18
EL9243C;Texto Search Descripción 953
EL9244C;Texto Search Descripción 954
EL9245C;Texto Search Descripción 1713
EL9246C;Texto Search Descripción 955
EL9247C;Texto Search Descripción 956
EL9248;Texto Search Descripción 182
EL9249;Texto Search Descripción 18
EL9250;Texto Search Descripción 109
EL9251;Texto Search Descripción 18
EL9251C;Texto Search Descripción 795
EL9252;Texto Search Descripción 18
EL9252C;Texto Search Descripción 18
EL9253;Texto Search Descripción 18
EL9253C;Texto Search Descripción 797
EL9254;Texto Search Descripción 18
EL9255C;Texto Search Descripción 1513
EL9256;Texto Search Descripción 18
EL9256C;Texto Search Descripción 798
EL9257;Texto Search Descripción 18
EL9257C;Texto Search Descripción 799
EL9258;Texto Search Descripción 18
EL9258C;Texto Search Descripción 18
EL9259;Texto Search Descripción 18
EL9259C;Texto Search Descripción 801
EL9260;Texto Search Descripción 18
EL9260C;Texto Search Descripción 18
EL9261;Texto Search Descripción 803
EL9261C;Texto Search Descripción 803
EL9262;Texto Search Descripción 18
EL9262C;Texto Search Descripción 18
EL9263;Texto Search Descripción 805
EL9263C;Texto Search Descripción 805
EL9264;Texto Search Descripción 18
EL9264C;Texto Search Descripción 18
EL9265;Texto Search Descripción 807
EL9265C;Texto Search Descripción 807
EL9266;Texto Search Descripción 957
EL9267C;Texto Search Descripción 957
EL9268;Texto Search Descripción 18
EL9268C;Texto Search Descripción 18
EL9269;Texto Search Descripción 18
EL9269C;Texto Search Descripción 18
EL9270;Texto Search Descripción 810
EL9270C;Texto Search Descripción 18
EL9271;Texto Search Descripción 811
EL9271C;Texto Search Descripción 811
EL9272;Texto Search Descripción 812
EL9272C;Texto Search Descripción 812
EL9273;Texto Search Descripción 813
EL9273C;Texto Search Descripción 813
EL9274;Texto Search Descripción 814
EL9274C;Texto Search Descripción 814
EL9275;Texto Search Descripción 815
EL9275C;Texto Search Descripción 815
EL9276;Texto Search Descripción 816
EL9276C;Texto Search Descripción 816
EL9277;Texto Search Descripción 1459
EL9277C;Texto Search Descripción 1460
EL9278;Texto Search Descripción 817
EL9278C;Texto Search Descripción 817
EL9279;Texto Search Descripción 818
EL9279C;Texto Search Descripción 818
EL9280;Texto Search Descripción 819
EL9280C;Texto Search Descripción 819
EL9281;Texto Search Descripción 1461
EL9282;Texto Search Descripción 820
EL9282C;Texto Search Descripción 820
EL9283;Texto Search Descripción 18
EL9283C;Texto Search Descripción 18
EL9284;Texto Search Descripción 822
EL9284C;Texto Search Descripción 822
EL9285;Texto Search Descripción 11
EL9285C;Texto Search Descripción 823
EL9286;Texto Search Descripción 824
EL9286C;Texto Search Descripción 824
EL9287;Texto Search Descripción 18
EL9287C;Texto Search Descripción 825
EL9288;Texto Search Descripción 826
EL9288C;Texto Search Descripción 826
EL9289;Texto Search Descripción 18
EL9289C;Texto Search Descripción 827
EL9290;Texto Search Descripción 1462
EL9290C;Texto Search Descripción 1462
EL9291;Texto Search Descripción 18
EL9291C;Texto Search Descripción 828
EL9292;Texto Search Descripción 829
EL9292C;Texto Search Descripción 829
EL9293;Texto Search Descripción 830
EL9293C;Texto Search Descripción 830
EL9294;Texto Search Descripción 831
EL9294C;Texto Search Descripción 831
EL9295;Texto Search Descripción 832
EL9295C;Texto Search Descripción 832
EL9296;Texto Search Descripción 833
EL9296C;Texto Search Descripción 833
EL9297;Texto Search Descripción 834
EL9297C;Texto Search Descripción 834
EL9298;Texto Search Descripción 1463
EL9299C;Texto Search Descripción 1464
EL9300;Texto Search Descripción 18
EL9300C;Texto Search Descripción 835
EL9301;Texto Search Descripción 836
EL9301C;Texto Search Descripción 836
EL9302;Texto Search Descripción 837
EL9302C;Texto Search Descripción 837
EL9303;Texto Search Descripción 18
EL9304;Texto Search Descripción 18
EL9304C;Texto Search Descripción 18
EL9305C;Texto Search Descripción 1465
EL9306C;Texto Search Descripción 1466
EL9307C;Texto Search Descripción 1467
EL9308;Texto Search Descripción 18
EL9308C;Texto Search Descripción 839
EL9309;Texto Search Descripción 18
EL9309C;Texto Search Descripción 840
EL9310;Texto Search Descripción 18
EL9310C;Texto Search Descripción 841
EL9311C;Texto Search Descripción 1468
EL9312C;Texto Search Descripción 1469
EL9313C;Texto Search Descripción 1470
EL9314;Texto Search Descripción 18
EL9314C;Texto Search Descripción 842
EL9315;Texto Search Descripción 18
EL9315C;Texto Search Descripción 18
EL9316;Texto Search Descripción 844
EL9316C;Texto Search Descripción 18
EL9317;Texto Search Descripción 1471
EL9317C;Texto Search Descripción 1471
EL9318;Texto Search Descripción 18
EL9318C;Texto Search Descripción 18
EL9319;Texto Search Descripción 18
EL9319C;Texto Search Descripción 846
EL9320;Texto Search Descripción 847
EL9320C;Texto Search Descripción 847
EL9321;Texto Search Descripción 848
EL9321C;Texto Search Descripción 848
EL9322;Texto Search Descripción 18
EL9322C;Texto Search Descripción 849
EL9323;Texto Search Descripción 850
EL9323C;Texto Search Descripción 850
EL9324;Texto Search Descripción 18
EL9324C;Texto Search Descripción 18
EL9325;Texto Search Descripción 852
EL9325C;Texto Search Descripción 852
EL9326;Texto Search Descripción 853
EL9326C;Texto Search Descripción 853
EL9327;Texto Search Descripción 18
EL9327C;Texto Search Descripción 18
EL9328;Texto Search Descripción 18
EL9328C;Texto Search Descripción 855
EL9329;Texto Search Descripción 1472
EL9330;Texto Search Descripción 18
EL9331C;Texto Search Descripción 1474
EL9332;Texto Search Descripción 1475
EL9333C;Texto Search Descripción 1476
EL9334;Texto Search Descripción 856
EL9334C;Texto Search Descripción 856
EL9335;Texto Search Descripción 857
EL9335C;Texto Search Descripción 857
EL9336;Texto Search Descripción 858
EL9336C;Texto Search Descripción 858
EL9337;Texto Search Descripción 1477
EL9338;Texto Search Descripción 859
EL9338C;Texto Search Descripción 859
EL9339;Texto Search Descripción 860
EL9339C;Texto Search Descripción 860
EL9340;Texto Search Descripción 861
EL9340C;Texto Search Descripción 861
EL9341C;Texto Search Descripción 1478
EL9342;Texto Search Descripción 1479
EL9343C;Texto Search Descripción 1480
EL9344;Texto Search Descripción 862
EL9344C;Texto Search Descripción 862
EL9345;Texto Search Descripción 18
EL9345C;Texto Search Descripción 18
EL9346;Texto Search Descripción 864
EL9346C;Texto Search Descripción 864
EL9347;Texto Search Descripción 865
EL9347C;Texto Search Descripción 865
EL9348;Texto Search Descripción 866
EL9348C;Texto Search Descripción 866
EL9351C;Texto Search Descripción 1481
EL9352;Texto Search Descripción 1482
EL9353;Texto Search Descripción 867
EL9353C;Texto Search Descripción 867
EL9354;Texto Search Descripción 868
EL9354C;Texto Search Descripción 868
EL9355;Texto Search Descripción 869
EL9355C;Texto Search Descripción 869
EL9356;Texto Search Descripción 870
EL9356C;Texto Search Descripción 870
EL9357;Texto Search Descripción 1483
EL9359;Texto Search Descripción 18
EL9359C;Texto Search Descripción 18
EL9360;Texto Search Descripción 18
EL9361C;Texto Search Descripción 18
EL9362;Texto Search Descripción 1718
EL9362C;Texto Search Descripción 18
EL9363;Texto Search Descripción 1485
EL9363C;Texto Search Descripción 18
EL9364;Texto Search Descripción 1486
EL9364C;Texto Search Descripción 1
EL9365;Texto Search Descripción 1487
EL9365C;Texto Search Descripción 18
EL9366;Texto Search Descripción 1488
EL9366C;Texto Search Descripción 1
EL9367;Texto Search Descripción 1489
EL9367C;Texto Search Descripción 18
EL9368;Texto Search Descripción 1490
EL9368C;Texto Search Descripción 18
EL9369;Texto Search Descripción 1491
EL9369C;Texto Search Descripción 18
ELS0001;Texto Search Descripción 8
ELS0002;Texto Search Descripción 8
ELS0003;Texto Search Descripción 8
ELS0004;Texto Search Descripción 8
ELS0005;Texto Search Descripción 8
ELS0006;Texto Search Descripción 8
ELS0007;Texto Search Descripción 8
ELS0008;Texto Search Descripción 8
ELS0009;Texto Search Descripción 8
ELS0010;Texto Search Descripción 8
ELS0011;Texto Search Descripción 8
ELS0012;Texto Search Descripción 8
ELS0013;Texto Search Descripción 8
ELS0014;Texto Search Descripción 8
ELS0015;Texto Search Descripción 8
ELS0016;Texto Search Descripción 8
ELS0017;Texto Search Descripción 8
ELS0018;Texto Search Descripción 8
ELS0020;Texto Search Descripción 8
ELS0021;Texto Search Descripción 8
ELS0022;Texto Search Descripción 8
ELS0023;Texto Search Descripción 8
ELS0024;Texto Search Descripción 8
ELS0025;Texto Search Descripción 8
ELS0026;Texto Search Descripción 8
ELS0027;Texto Search Descripción 8
ELS0028;Texto Search Descripción 8
ELS0029;Texto Search Descripción 8
ELS0030;Texto Search Descripción 8
ELS0031;Texto Search Descripción 8
ELS0032;Texto Search Descripción 8
ELS0033;Texto Search Descripción 8
ELS0034;Texto Search Descripción 8
ELS0035;Texto Search Descripción 8
ELS0036;Texto Search Descripción 8
ELS0037;Texto Search Descripción 8
ELS0038;Texto Search Descripción 8
ELS0039;Texto Search Descripción 8
ELS0040;Texto Search Descripción 8
ELS0041;Texto Search Descripción 8
ELS0042;Texto Search Descripción 8
ELS0043;Texto Search Descripción 8
ELS0044;Texto Search Descripción 8
ELS0045;Texto Search Descripción 8
ELS0046;Texto Search Descripción 8
ELS0047;Texto Search Descripción 8
ELS0048;Texto Search Descripción 8
ELS0049;Texto Search Descripción 8
ELS0050;Texto Search Descripción 8
ELS0051;Texto Search Descripción 8
ELS0052;Texto Search Descripción 8
ELS0053;Texto Search Descripción 8
ELS0054;Texto Search Descripción 8
ELS0055;Texto Search Descripción 8
ELS0056;Texto Search Descripción 8
ELS0057;Texto Search Descripción 8
ELS0058;Texto Search Descripción 8
ELS0059;Texto Search Descripción 8
ELS0060;Texto Search Descripción 8
ELS0061;Texto Search Descripción 8
ELS0062;Texto Search Descripción 8
ELS0063;Texto Search Descripción 8
ELS0064;Texto Search Descripción 8
ELS0065;Texto Search Descripción 8
ELS0066;Texto Search Descripción 8
ELS0067;Texto Search Descripción 8
ELS0068;Texto Search Descripción 8
ELS0069;Texto Search Descripción 8
ELS0070;Texto Search Descripción 8
ELS0071;Texto Search Descripción 8
ELS0072;Texto Search Descripción 8
ELS0073;Texto Search Descripción 8
ELS0074;Texto Search Descripción 8
ELS0075;Texto Search Descripción 8
ELS0076;Texto Search Descripción 8
ELS0077;Texto Search Descripción 8
ELS0078;Texto Search Descripción 8
ELS0079;Texto Search Descripción 8
ELS0080;Texto Search Descripción 8
ELS0081;Texto Search Descripción 8
ELS0082;Texto Search Descripción 8
ELS0083;Texto Search Descripción 8
ELS0084;Texto Search Descripción 8
ELS0086;Texto Search Descripción 8
ELS0087;Texto Search Descripción 8
ELS0088;Texto Search Descripción 8
ELS0089;Texto Search Descripción 8
ELS0090;Texto Search Descripción 8
ELS0091;Texto Search Descripción 8
ELS0092;Texto Search Descripción 8
ELS0093;Texto Search Descripción 8
ELS0094;Texto Search Descripción 8
ELS0095;Texto Search Descripción 8
ELS0096;Texto Search Descripción 8
ELS0097;Texto Search Descripción 8
ELS0098;Texto Search Descripción 8
ELS0099;Texto Search Descripción 8
ELS0100;Texto Search Descripción 8
ELS0101;Texto Search Descripción 8
ELS0102;Texto Search Descripción 8
ELS0103;Texto Search Descripción 8
ELS0104;Texto Search Descripción 8
ELS0105;Texto Search Descripción 8
ELS0106;Texto Search Descripción 8
ELS0107;Texto Search Descripción 8
ELS0108;Texto Search Descripción 8
ELS0109;Texto Search Descripción 8
ELS0110;Texto Search Descripción 8
ELS0111;Texto Search Descripción 8
ELS0112;Texto Search Descripción 8
ELS0113;Texto Search Descripción 8
ELS0114;Texto Search Descripción 8
ELS0115;Texto Search Descripción 8
ELS0116;Texto Search Descripción 8
ELS0117;Texto Search Descripción 8
ELS0118;Texto Search Descripción 8
ELS0119;Texto Search Descripción 8
ELS0120;Texto Search Descripción 8
ELS0121;Texto Search Descripción 8
ELS0122;Texto Search Descripción 8
ELS0123;Texto Search Descripción 8
ELS0124;Texto Search Descripción 8
ELS0125;Texto Search Descripción 8
ELS0126;Texto Search Descripción 8
ELS0127;Texto Search Descripción 8
ELS0128;Texto Search Descripción 8
ELS0129;Texto Search Descripción 8
ELS0130;Texto Search Descripción 8
ELS0131;Texto Search Descripción 8
ELS0132;Texto Search Descripción 8
ELS0133;Texto Search Descripción 8
ELS0134;Texto Search Descripción 8
ELS0135;Texto Search Descripción 8
ELS0136;Texto Search Descripción 8
ELS0137;Texto Search Descripción 8
ELS0138;Texto Search Descripción 8
ELS0139;Texto Search Descripción 8
ELS0140;Texto Search Descripción 8
ELS0141;Texto Search Descripción 8
ELS0142;Texto Search Descripción 8
ELS0143;Texto Search Descripción 8
ELS0144;Texto Search Descripción 8
ELS0145;Texto Search Descripción 8
ELS0146;Texto Search Descripción 8
ELS0147;Texto Search Descripción 8
ELS0148;Texto Search Descripción 8
ELS0149;Texto Search Descripción 8
ELS0150;Texto Search Descripción 8
ELS0151;Texto Search Descripción 8
ELS0152;Texto Search Descripción 8
ELS0153;Texto Search Descripción 8
ELS0154;Texto Search Descripción 8
ELS0155;Texto Search Descripción 8
ELS0156;Texto Search Descripción 8
ELS0157;Texto Search Descripción 8
ELS0159;Texto Search Descripción 8
ELS0160;Texto Search Descripción 8
ELS0161;Texto Search Descripción 8
ELS0162;Texto Search Descripción 8
ELS0163;Texto Search Descripción 8
ELS0164;Texto Search Descripción 8
ELS0165;Texto Search Descripción 8
ELS0166;Texto Search Descripción 8
ELS0167;Texto Search Descripción 8
ELS0168;Texto Search Descripción 8
ELS0169;Texto Search Descripción 8
ELS0170;Texto Search Descripción 8
ELS0171;Texto Search Descripción 8
ELS0172;Texto Search Descripción 8
ELS0173;Texto Search Descripción 8
ELS0174;Texto Search Descripción 8
ELS0175;Texto Search Descripción 8
ELS0176;Texto Search Descripción 8
ELS0177;Texto Search Descripción 8
ELS0178;Texto Search Descripción 8
ELS0179;Texto Search Descripción 8
ELS0180;Texto Search Descripción 8
ELS0181;Texto Search Descripción 8
ELS0182;Texto Search Descripción 8
ELS0183;Texto Search Descripción 8
ELS0184;Texto Search Descripción 8
ELS0185;Texto Search Descripción 8
ELS0186;Texto Search Descripción 8
ELS0187;Texto Search Descripción 8
ELS0188;Texto Search Descripción 8
ELS0189;Texto Search Descripción 8
ELS0190;Texto Search Descripción 8
ELS0191;Texto Search Descripción 8
ELS0192;Texto Search Descripción 8
ELS0193;Texto Search Descripción 8
ELS0195;Texto Search Descripción 8
ELS0196;Texto Search Descripción 8
ELS0197;Texto Search Descripción 8
ELS0198;Texto Search Descripción 8
ELS0199;Texto Search Descripción 8
ELS0200;Texto Search Descripción 8
ELS0201;Texto Search Descripción 8
ELS0202;Texto Search Descripción 8
ELS0203;Texto Search Descripción 8
ELS0204;Texto Search Descripción 8
ELS0205;Texto Search Descripción 8
ELS0206;Texto Search Descripción 8
ELS0207;Texto Search Descripción 8
ELS0208;Texto Search Descripción 8
ELS0209;Texto Search Descripción 8
ELS0210;Texto Search Descripción 8
ELS0211;Texto Search Descripción 8
ELS0212;Texto Search Descripción 8
ELS0213;Texto Search Descripción 8
ELS0214;Texto Search Descripción 8
ELS0215;Texto Search Descripción 8
ELS0216;Texto Search Descripción 8
ELS0217;Texto Search Descripción 8
ELS0218;Texto Search Descripción 8
ELS0219;Texto Search Descripción 8
ELS0222;Texto Search Descripción 8
ELS0224;Texto Search Descripción 8
ELS0225;Texto Search Descripción 8
ELS0226;Texto Search Descripción 8
ELS0227;Texto Search Descripción 8
ELS0233;Texto Search Descripción 8
ELS0234;Texto Search Descripción 8
ELS0235;Texto Search Descripción 8
ELS0236;Texto Search Descripción 8
ELS0238;Texto Search Descripción 8
ELS0239;Texto Search Descripción 8
ELS0240;Texto Search Descripción 8
ELS0241;Texto Search Descripción 8
ELS0242;Texto Search Descripción 8
ELS0243;Texto Search Descripción 8
ELS0247;Texto Search Descripción 8
ELS0248;Texto Search Descripción 8
ELS0249;Texto Search Descripción 8
ELS0250;Texto Search Descripción 8
ELS0253;Texto Search Descripción 8
ELS0254;Texto Search Descripción 8
ELS0255;Texto Search Descripción 8
ELS0256;Texto Search Descripción 8
ELS0258;Texto Search Descripción 8
ELS0262;Texto Search Descripción 8
ELS0277;Texto Search Descripción 8
ELS0287;Texto Search Descripción 8
ELS0297;Texto Search Descripción 8
ELS0314;Texto Search Descripción 8
ELS0315;Texto Search Descripción 8
ELS0316;Texto Search Descripción 8
ELS0318;Texto Search Descripción 8
ELS0319;Texto Search Descripción 8
ELS0322;Texto Search Descripción 8
ELS0326;Texto Search Descripción 8
ELS0328;Texto Search Descripción 8
ELS0329;Texto Search Descripción 8
ELS0335;Texto Search Descripción 8
ELS0389;Texto Search Descripción 8
ELS0390;Texto Search Descripción 8
ELS0414;Texto Search Descripción 8
ELS0416;Texto Search Descripción 8
ELS0447;Texto Search Descripción 8
ELS0464;Texto Search Descripción 8
ELS0465;Texto Search Descripción 8
ELS0631;Texto Search Descripción 8
ELS0634;Texto Search Descripción 8
ELS0635;Texto Search Descripción 8
ELT001;Texto Search Descripción 1539
MP011900;Texto Search Descripción 468
MP011901;Texto Search Descripción 468
MP011902;Texto Search Descripción 468
MP011903;Texto Search Descripción 468
MP011904;Texto Search Descripción 468
MP011905;Texto Search Descripción 468
MP011906;Texto Search Descripción 468
MP019001;N/A
MP019002;N/A
MP019003;N/A
MP019004;N/A
MP019005;N/A
MP019006;N/A
MP019007;N/A
MP019008;N/A
MP019009;N/A
MP019010;N/A
MP019011;N/A
MP019012;N/A
MP019013;N/A
MP019014;N/A
MP019015;N/A
MP019016;N/A
MP019017;N/A
MP019018;N/A
MP019019;N/A
MP019020;N/A
MP019021;N/A
MP019022;N/A
MP019023;N/A
MP019024;N/A
MP019025;N/A
MP019101;N/A
MP019102;N/A
MP019103;N/A
MP019104;N/A
MP019106;N/A
MP019107;N/A
MP019108;N/A
MP019109;N/A
MP019110;N/A
MP019110A;N/A
MP019110B;N/A
MP019111;N/A
MP019112;N/A
MP019114;N/A
MP019116;N/A
MP019118;N/A
MP019120;N/A
MP019121;N/A
MP019121A;N/A
MP019121B;N/A
MP019201;N/A
MP019202;N/A
MP019203;N/A
MP019205;N/A
MP019209;N/A
MP019211;N/A
MP019213;N/A
MP019215;N/A
MP019217;N/A
MP019219;N/A
MP019221;N/A
MP019223;N/A
MP019225;N/A
MP019227;N/A
MP019228;N/A
MP019230;N/A
MP019231;Texto Search Descripción 2615
MP019300;N/A
MP019301;N/A
MP019302;N/A
MP019303;N/A
MP019305;N/A
MP019307;Texto Search Descripción 125
MP019308;Texto Search Descripción 125
MP019309;Texto Search Descripción 125
MP019399;N/A
MP019401;N/A
MP019403;N/A
MP019405;N/A
MP019407;N/A
MP019409;N/A
MP019411;N/A
MP019413;N/A
MP019415;N/A
MP019417;N/A
MP019419;N/A
MP019421;N/A
MP019422;Texto Search Descripción 2551
MP019422A;N/A
MP019422B;N/A
MP019423;N/A
MP019424;N/A
MP019425;N/A
MP019427;N/A
MP019428;N/A
MP019430;Texto Search Descripción 125
MP019431;N/A
MP019432;Texto Search Descripción 125
MP019432A;N/A
MP019432B;N/A
MP019433;N/A
MP019434;N/A
MP019440;N/A
MP019450;N/A
MP019450-BANDA;N/A
MP019452;Texto Search Descripción 125
MP019453;Texto Search Descripción 2616
MP019500;Texto Search Descripción 125
MP019502;Texto Search Descripción 125
MP019550;N/A
MP019600;Texto Search Descripción 125
MP019601;N/A
MP019602;N/A
MP019603;N/A
MP019604;N/A
MP019605;Texto Search Descripción 2552
MP019606;Texto Search Descripción 2553
MP019607;Texto Search Descripción 871
MP019999;Texto Search Descripción 2617
MP02001;Texto Search Descripción 617
MP02002;Texto Search Descripción 2618
MP02003;Texto Search Descripción 2619
MP02004;Texto Search Descripción 2620
MP02005;Texto Search Descripción 2621
MP02006;Texto Search Descripción 2622
MP02007;Texto Search Descripción 2623
MP02009;Texto Search Descripción 2624
MP02011;Texto Search Descripción 2625
MP02012;Texto Search Descripción 2626
MP02013;Texto Search Descripción 2627
MP02014;Texto Search Descripción 2628
MP02015;Texto Search Descripción 617
MP02016;Texto Search Descripción 469
MP02017;Texto Search Descripción 469
MP02018;Texto Search Descripción 469
MP02019;Texto Search Descripción 469
MP02020;Texto Search Descripción 469
MP02021;Texto Search Descripción 617
MP02022;Texto Search Descripción 2629
MP02023;Texto Search Descripción 469
MP02024;Texto Search Descripción 469
MP02025;Texto Search Descripción 617
MP02101;Texto Search Descripción 2630
MP02105;Texto Search Descripción 2631
MP02106;Texto Search Descripción 2632
MP02108;Texto Search Descripción 2633
MP02109;Texto Search Descripción 2634
MP02110;Texto Search Descripción 1516
MP021100;Texto Search Descripción 51
MP021101;Texto Search Descripción 963
MP021102;Texto Search Descripción 963
MP021103;Texto Search Descripción 51
MP021104;Texto Search Descripción 51
MP021105;Texto Search Descripción 51
MP021106;Texto Search Descripción 51
MP021107;Texto Search Descripción 51
MP021108;Texto Search Descripción 51
MP021109;Texto Search Descripción 51
MP02111;Texto Search Descripción 963
MP021110;Texto Search Descripción 51
MP021111;Texto Search Descripción 51
MP021112;Texto Search Descripción 51
MP021113;Texto Search Descripción 51
MP021114;Texto Search Descripción 51
MP021115;Texto Search Descripción 51
MP021116;Texto Search Descripción 51
MP021117;Texto Search Descripción 51
MP021118;Texto Search Descripción 51
MP021119;Texto Search Descripción 51
MP021120;Texto Search Descripción 51
MP021121;Texto Search Descripción 51
MP021122;Texto Search Descripción 51
MP021123;Texto Search Descripción 51
MP021124;Texto Search Descripción 51
MP021125;Texto Search Descripción 51
MP021126;Texto Search Descripción 12
MP021127;Texto Search Descripción 12
MP021128;Texto Search Descripción 12
MP021129;Texto Search Descripción 12
MP02113;Texto Search Descripción 51
MP021130;Texto Search Descripción 12
MP021131;Texto Search Descripción 12
MP021132;Texto Search Descripción 12
MP021133;Texto Search Descripción 12
MP021134;Texto Search Descripción 12
MP02114;Texto Search Descripción 2554
MP02115;Texto Search Descripción 51
MP021202K;Texto Search Descripción 45
MP021203K;Texto Search Descripción 45
MP021204K;Texto Search Descripción 45
MP021205K;Texto Search Descripción 45
MP021206K;Texto Search Descripción 45
MP021207K;Texto Search Descripción 45
MP021208K;Texto Search Descripción 45
MP021209K;Texto Search Descripción 45
MP021210K;Texto Search Descripción 45
MP021211K;Texto Search Descripción 45
MP021212K;Texto Search Descripción 45
MP021213K;Texto Search Descripción 45
MP021214K;Texto Search Descripción 45
MP021215K;Texto Search Descripción 45
MP021216K;Texto Search Descripción 45
MP021217K;Texto Search Descripción 45
MP021218K;Texto Search Descripción 45
MP021219K;Texto Search Descripción 45
MP021220K;Texto Search Descripción 45
MP021221K;Texto Search Descripción 45
MP021222K;Texto Search Descripción 45
MP021223K;Texto Search Descripción 45
MP021224K;Texto Search Descripción 45
MP021225K;Texto Search Descripción 45
MP021226K;Texto Search Descripción 45
MP021227K;Texto Search Descripción 45
MP021228K;Texto Search Descripción 45
MP021229K;Texto Search Descripción 45
MP021230K;Texto Search Descripción 45
MP021231K;Texto Search Descripción 45
MP021232K;Texto Search Descripción 45
MP021233K;Texto Search Descripción 45
MP021234K;Texto Search Descripción 45
MP021235K;Texto Search Descripción 45
MP021236K;Texto Search Descripción 45
MP021237K;Texto Search Descripción 45
MP021238K;Texto Search Descripción 45
MP021239K;Texto Search Descripción 45
MP021240K;Texto Search Descripción 45
MP021241K;Texto Search Descripción 45
MP021242K;Texto Search Descripción 45
MP021243K;Texto Search Descripción 45
MP021244K;Texto Search Descripción 45
MP021245K;Texto Search Descripción 45
MP021246K;Texto Search Descripción 45
MP021500;Texto Search Descripción 12
MP021501;Texto Search Descripción 12
MP021502;Texto Search Descripción 12
MP021503;Texto Search Descripción 12
MP021504;Texto Search Descripción 12
MP021505;Texto Search Descripción 12
MP021506;Texto Search Descripción 12
MP021507;Texto Search Descripción 12
MP021508;Texto Search Descripción 12
MP021509;Texto Search Descripción 12
MP021510;Texto Search Descripción 12
MP0215100;Texto Search Descripción 12
MP0215101;Texto Search Descripción 12
MP0215102;Texto Search Descripción 12
MP0215103;Texto Search Descripción 12
MP0215104;Texto Search Descripción 12
MP0215105;Texto Search Descripción 12
MP0215106;Texto Search Descripción 12
MP0215107;Texto Search Descripción 12
MP0215108;Texto Search Descripción 12
MP0215109;Texto Search Descripción 12
MP021511;Texto Search Descripción 12
MP0215110;Texto Search Descripción 12
MP0215111;Texto Search Descripción 12
MP0215112;Texto Search Descripción 12
MP0215113;Texto Search Descripción 12
MP0215114;Texto Search Descripción 12
MP0215115;Texto Search Descripción 12
MP0215116;Texto Search Descripción 12
MP0215117;Texto Search Descripción 12
MP0215118;Texto Search Descripción 12
MP0215119;Texto Search Descripción 12
MP021512;Texto Search Descripción 12
MP0215120;Texto Search Descripción 12
MP0215121;Texto Search Descripción 12
MP0215122;Texto Search Descripción 12
MP0215123;Texto Search Descripción 12
MP0215124;Texto Search Descripción 12
MP0215125;Texto Search Descripción 12
MP0215126;Texto Search Descripción 12
MP0215127;Texto Search Descripción 12
MP0215128;Texto Search Descripción 12
MP0215129;Texto Search Descripción 12
MP021513;Texto Search Descripción 12
MP0215130;Texto Search Descripción 12
MP0215131;Texto Search Descripción 12
MP0215132;Texto Search Descripción 12
MP0215133;Texto Search Descripción 12
MP0215134;Texto Search Descripción 12
MP0215135;Texto Search Descripción 12
MP0215136;Texto Search Descripción 12
MP0215137;Texto Search Descripción 12
MP0215138;Texto Search Descripción 12
MP0215139;Texto Search Descripción 12
MP021514;Texto Search Descripción 12
MP0215140;Texto Search Descripción 12
MP0215141;Texto Search Descripción 12
MP0215142;Texto Search Descripción 12
MP0215143;Texto Search Descripción 12
MP0215144;Texto Search Descripción 12
MP0215145;Texto Search Descripción 12
MP0215146;Texto Search Descripción 12
MP0215147;Texto Search Descripción 12
MP0215148;Texto Search Descripción 12
MP0215149;Texto Search Descripción 12
MP021515;Texto Search Descripción 12
MP0215150;Texto Search Descripción 12
MP0215151;Texto Search Descripción 12
MP0215152;Texto Search Descripción 12
MP0215153;Texto Search Descripción 12
MP0215154;Texto Search Descripción 12
MP0215155;Texto Search Descripción 12
MP0215156;Texto Search Descripción 12
MP0215157;Texto Search Descripción 12
MP0215158;Texto Search Descripción 12
MP0215159;Texto Search Descripción 12
MP021516;Texto Search Descripción 12
MP0215160;Texto Search Descripción 12
MP0215161;Texto Search Descripción 12
MP0215162;Texto Search Descripción 12
MP0215163;Texto Search Descripción 12
MP0215164;Texto Search Descripción 12
MP0215165;Texto Search Descripción 12
MP0215166;Texto Search Descripción 12
MP0215167;Texto Search Descripción 12
MP0215168;Texto Search Descripción 12
MP0215169;Texto Search Descripción 12
MP021517;Texto Search Descripción 12
MP0215170;Texto Search Descripción 12
MP0215171;Texto Search Descripción 12
MP0215172;Texto Search Descripción 12
MP0215173;Texto Search Descripción 12
MP0215174;Texto Search Descripción 12
MP0215175;Texto Search Descripción 12
MP0215176;Texto Search Descripción 12
MP0215177;Texto Search Descripción 12
MP0215178;Texto Search Descripción 12
MP0215179;Texto Search Descripción 12
MP021518;Texto Search Descripción 12
MP0215180;Texto Search Descripción 12
MP0215181;Texto Search Descripción 12
MP0215182;Texto Search Descripción 12
MP0215183;Texto Search Descripción 12
MP0215184;Texto Search Descripción 12
MP0215185;Texto Search Descripción 12
MP0215186;Texto Search Descripción 12
MP0215187;Texto Search Descripción 12
MP0215188;Texto Search Descripción 12
MP0215189;Texto Search Descripción 12
MP021519;Texto Search Descripción 12
MP0215190;Texto Search Descripción 12
MP0215191;Texto Search Descripción 12
MP0215192;Texto Search Descripción 12
MP0215193;Texto Search Descripción 12
MP0215194;Texto Search Descripción 12
MP0215195;Texto Search Descripción 12
MP0215196;Texto Search Descripción 12
MP0215197;Texto Search Descripción 12
MP0215198;Texto Search Descripción 12
MP0215199;Texto Search Descripción 12
MP021520;Texto Search Descripción 12
MP0215200;Texto Search Descripción 12
MP0215201;Texto Search Descripción 12
MP0215202;Texto Search Descripción 12
MP0215203;Texto Search Descripción 12
MP0215204;Texto Search Descripción 12
MP0215205;Texto Search Descripción 12
MP0215206;Texto Search Descripción 12
MP0215207;Texto Search Descripción 12
MP0215208;Texto Search Descripción 12
MP0215209;Texto Search Descripción 12
MP021521;Texto Search Descripción 12
MP0215210;Texto Search Descripción 12
MP0215211;Texto Search Descripción 12
MP0215212;Texto Search Descripción 12
MP0215213;Texto Search Descripción 12
MP0215214;Texto Search Descripción 12
MP0215215;Texto Search Descripción 12
MP0215216;Texto Search Descripción 12
MP0215217;Texto Search Descripción 12
MP0215218;Texto Search Descripción 12
MP0215219;Texto Search Descripción 12
MP021522;Texto Search Descripción 12
MP0215220;Texto Search Descripción 12
MP0215221;Texto Search Descripción 12
MP0215222;Texto Search Descripción 12
MP0215223;Texto Search Descripción 12
MP0215224;Texto Search Descripción 12
MP0215225;Texto Search Descripción 12
MP0215226;Texto Search Descripción 12
MP0215227;Texto Search Descripción 12
MP0215228;Texto Search Descripción 12
MP0215229;Texto Search Descripción 12
MP021523;Texto Search Descripción 12
MP0215230;Texto Search Descripción 12
MP0215231;Texto Search Descripción 12
MP0215232;Texto Search Descripción 12
MP0215233;Texto Search Descripción 12
MP0215234;Texto Search Descripción 12
MP0215235;Texto Search Descripción 12
MP0215236;Texto Search Descripción 12
MP0215237;Texto Search Descripción 12
MP0215238;Texto Search Descripción 12
MP0215239;Texto Search Descripción 12
MP021524;Texto Search Descripción 12
MP0215240;Texto Search Descripción 12
MP0215241;Texto Search Descripción 12
MP0215242;Texto Search Descripción 12
MP0215243;Texto Search Descripción 12
MP0215244;Texto Search Descripción 12
MP0215245;Texto Search Descripción 12
MP0215246;Texto Search Descripción 12
MP0215247;Texto Search Descripción 12
MP0215248;Texto Search Descripción 12
MP0215249;Texto Search Descripción 12
MP021525;Texto Search Descripción 12
MP0215250;Texto Search Descripción 12
MP0215251;Texto Search Descripción 12
MP0215252;Texto Search Descripción 12
MP0215253;Texto Search Descripción 12
MP0215254;Texto Search Descripción 12
MP0215255;Texto Search Descripción 12
MP0215256;Texto Search Descripción 12
MP0215257;Texto Search Descripción 12
MP0215258;Texto Search Descripción 12
MP0215259;Texto Search Descripción 12
MP021526;Texto Search Descripción 12
MP0215260;Texto Search Descripción 12
MP0215261;Texto Search Descripción 12
MP0215262;Texto Search Descripción 12
MP0215263;Texto Search Descripción 12
MP0215264;Texto Search Descripción 12
MP0215265;Texto Search Descripción 12
MP0215266;Texto Search Descripción 12
MP0215267;Texto Search Descripción 12
MP0215268;Texto Search Descripción 12
MP0215269;Texto Search Descripción 12
MP021527;Texto Search Descripción 12
MP0215270;Texto Search Descripción 12
MP0215271;Texto Search Descripción 12
MP0215272;Texto Search Descripción 12
MP0215273;Texto Search Descripción 12
MP0215274;Texto Search Descripción 12
MP0215275;Texto Search Descripción 12
MP0215276;Texto Search Descripción 12
MP0215277;Texto Search Descripción 12
MP0215278;Texto Search Descripción 12
MP0215279;Texto Search Descripción 12
MP021528;Texto Search Descripción 12
MP0215280;Texto Search Descripción 12
MP0215281;Texto Search Descripción 12
MP0215282;Texto Search Descripción 12
MP0215283;Texto Search Descripción 12
MP0215284;Texto Search Descripción 12
MP0215285;Texto Search Descripción 12
MP0215286;Texto Search Descripción 12
MP0215287;Texto Search Descripción 12
MP0215288;Texto Search Descripción 12
MP0215289;Texto Search Descripción 12
MP021529;Texto Search Descripción 12
MP0215290;Texto Search Descripción 12
MP0215291;Texto Search Descripción 12
MP0215292;Texto Search Descripción 12
MP0215293;Texto Search Descripción 12
MP0215294;Texto Search Descripción 12
MP0215295;Texto Search Descripción 12
MP0215296;Texto Search Descripción 12
MP0215297;Texto Search Descripción 12
MP0215298;Texto Search Descripción 12
MP0215299;Texto Search Descripción 12
MP021530;Texto Search Descripción 12
MP0215300;Texto Search Descripción 12
MP0215301;Texto Search Descripción 12
MP0215302;Texto Search Descripción 12
MP0215303;Texto Search Descripción 12
MP0215304;Texto Search Descripción 12
MP0215305;Texto Search Descripción 12
MP0215306;Texto Search Descripción 12
MP0215307;Texto Search Descripción 12
MP0215308;Texto Search Descripción 12
MP0215309;Texto Search Descripción 12
MP021531;Texto Search Descripción 12
MP0215310;Texto Search Descripción 12
MP0215311;Texto Search Descripción 12
MP0215312;Texto Search Descripción 12
MP0215313;Texto Search Descripción 12
MP0215314;Texto Search Descripción 12
MP0215315;Texto Search Descripción 12
MP0215316;Texto Search Descripción 12
MP0215317;Texto Search Descripción 12
MP0215318;Texto Search Descripción 12
MP0215319;Texto Search Descripción 12
MP021532;Texto Search Descripción 12
MP0215320;Texto Search Descripción 12
MP0215321;Texto Search Descripción 12
MP0215322;Texto Search Descripción 12
MP0215323;Texto Search Descripción 12
MP0215324;Texto Search Descripción 12
MP0215325;Texto Search Descripción 12
MP0215326;Texto Search Descripción 12
MP0215327;Texto Search Descripción 12
MP0215328;Texto Search Descripción 12
MP0215329;Texto Search Descripción 12
MP021533;Texto Search Descripción 12
MP0215330;Texto Search Descripción 12
MP0215331;Texto Search Descripción 12
MP0215332;Texto Search Descripción 12
MP0215333;Texto Search Descripción 12
MP0215334;Texto Search Descripción 12
MP0215335;Texto Search Descripción 12
MP0215336;Texto Search Descripción 12
MP0215337;Texto Search Descripción 12
MP0215338;Texto Search Descripción 12
MP0215339;Texto Search Descripción 12
MP021534;Texto Search Descripción 12
MP0215340;Texto Search Descripción 12
MP0215341;Texto Search Descripción 12
MP0215342;Texto Search Descripción 12
MP0215343;Texto Search Descripción 12
MP0215344;Texto Search Descripción 12
MP0215345;Texto Search Descripción 12
MP0215346;Texto Search Descripción 12
MP0215347;Texto Search Descripción 12
MP0215348;Texto Search Descripción 12
MP0215349;Texto Search Descripción 12
MP021535;Texto Search Descripción 12
MP0215350;Texto Search Descripción 12
MP0215351;Texto Search Descripción 12
MP0215352;Texto Search Descripción 12
MP0215353;Texto Search Descripción 12
MP0215354;Texto Search Descripción 12
MP0215355;Texto Search Descripción 12
MP0215356;Texto Search Descripción 12
MP0215357;Texto Search Descripción 12
MP0215358;Texto Search Descripción 12
MP0215359;Texto Search Descripción 12
MP021536;Texto Search Descripción 12
MP0215360;Texto Search Descripción 12
MP0215361;Texto Search Descripción 12
MP0215362;Texto Search Descripción 12
MP0215363;Texto Search Descripción 12
MP0215364;Texto Search Descripción 12
MP0215365;Texto Search Descripción 12
MP0215366;Texto Search Descripción 12
MP0215367;Texto Search Descripción 12
MP0215368;Texto Search Descripción 12
MP0215369;Texto Search Descripción 12
MP021537;Texto Search Descripción 12
MP0215370;Texto Search Descripción 12
MP0215371;Texto Search Descripción 12
MP0215372;Texto Search Descripción 12
MP0215373;Texto Search Descripción 12
MP0215374;Texto Search Descripción 12
MP0215375;Texto Search Descripción 12
MP0215376;Texto Search Descripción 12
MP0215377;Texto Search Descripción 12
MP0215378;Texto Search Descripción 12
MP0215379;Texto Search Descripción 12
MP021538;Texto Search Descripción 12
MP0215380;Texto Search Descripción 12
MP0215381;Texto Search Descripción 12
MP0215382;Texto Search Descripción 12
MP0215383;Texto Search Descripción 12
MP0215384;Texto Search Descripción 12
MP0215385;Texto Search Descripción 12
MP0215386;Texto Search Descripción 12
MP0215387;Texto Search Descripción 12
MP0215388;Texto Search Descripción 12
MP0215389;Texto Search Descripción 12
MP021539;Texto Search Descripción 12
MP0215390;Texto Search Descripción 12
MP0215391;Texto Search Descripción 12
MP0215392;Texto Search Descripción 12
MP0215393;Texto Search Descripción 12
MP0215394;Texto Search Descripción 12
MP0215395;Texto Search Descripción 12
MP0215396;Texto Search Descripción 12
MP0215397;Texto Search Descripción 12
MP0215398;Texto Search Descripción 12
MP0215399;Texto Search Descripción 12
MP021540;Texto Search Descripción 12
MP0215400;Texto Search Descripción 12
MP0215401;Texto Search Descripción 12
MP0215402;Texto Search Descripción 12
MP0215403;Texto Search Descripción 12
MP0215404;Texto Search Descripción 12
MP0215405;Texto Search Descripción 12
MP0215406;Texto Search Descripción 12
MP0215407;Texto Search Descripción 12
MP0215408;Texto Search Descripción 12
MP0215409;Texto Search Descripción 12
MP021541;Texto Search Descripción 12
MP0215410;Texto Search Descripción 12
MP0215411;Texto Search Descripción 12
MP0215412;Texto Search Descripción 12
MP0215413;Texto Search Descripción 12
MP0215414;Texto Search Descripción 12
MP0215415;Texto Search Descripción 12
MP0215416;Texto Search Descripción 12
MP0215417;Texto Search Descripción 12
MP0215418;Texto Search Descripción 12
MP0215419;Texto Search Descripción 12
MP021542;Texto Search Descripción 12
MP0215420;Texto Search Descripción 12
MP0215421;Texto Search Descripción 12
MP0215422;Texto Search Descripción 12
MP0215423;Texto Search Descripción 12
MP0215424;Texto Search Descripción 12
MP0215425;Texto Search Descripción 12
MP0215426;Texto Search Descripción 12
MP0215427;Texto Search Descripción 12
MP0215428;Texto Search Descripción 12
MP0215429;Texto Search Descripción 12
MP021543;Texto Search Descripción 12
MP0215430;Texto Search Descripción 12
MP0215431;Texto Search Descripción 12
MP0215432;Texto Search Descripción 12
MP0215433;Texto Search Descripción 12
MP0215434;Texto Search Descripción 12
MP0215435;Texto Search Descripción 12
MP0215436;Texto Search Descripción 12
MP0215437;Texto Search Descripción 12
MP0215438;Texto Search Descripción 12
MP0215439;Texto Search Descripción 12
MP021544;Texto Search Descripción 12
MP0215440;Texto Search Descripción 12
MP0215441;Texto Search Descripción 12
MP0215442;Texto Search Descripción 12
MP0215443;Texto Search Descripción 12
MP0215444;Texto Search Descripción 12
MP0215445;Texto Search Descripción 12
MP0215446;Texto Search Descripción 12
MP0215447;Texto Search Descripción 12
MP0215448;Texto Search Descripción 12
MP0215449;Texto Search Descripción 12
MP021545;Texto Search Descripción 12
MP0215450;Texto Search Descripción 12
MP0215451;Texto Search Descripción 12
MP0215452;Texto Search Descripción 12
MP0215453;Texto Search Descripción 12
MP0215454;Texto Search Descripción 12
MP0215455;Texto Search Descripción 12
MP0215456;Texto Search Descripción 12
MP0215457;Texto Search Descripción 12
MP0215458;Texto Search Descripción 12
MP0215459;Texto Search Descripción 12
MP021546;Texto Search Descripción 12
MP0215460;Texto Search Descripción 12
MP0215461;Texto Search Descripción 12
MP0215462;Texto Search Descripción 12
MP0215463;Texto Search Descripción 12
MP0215464;Texto Search Descripción 12
MP0215465;Texto Search Descripción 12
MP0215466;Texto Search Descripción 12
MP0215467;Texto Search Descripción 12
MP0215468;Texto Search Descripción 12
MP0215469;Texto Search Descripción 12
MP021547;Texto Search Descripción 12
MP0215470;Texto Search Descripción 12
MP0215471;Texto Search Descripción 12
MP0215472;Texto Search Descripción 12
MP0215473;Texto Search Descripción 12
MP0215474;Texto Search Descripción 12
MP0215475;Texto Search Descripción 12
MP0215476;Texto Search Descripción 12
MP0215477;Texto Search Descripción 12
MP0215478;Texto Search Descripción 12
MP0215479;Texto Search Descripción 12
MP021548;Texto Search Descripción 12
MP0215480;Texto Search Descripción 12
MP0215481;Texto Search Descripción 12
MP0215482;Texto Search Descripción 12
MP0215483;Texto Search Descripción 12
MP0215484;Texto Search Descripción 12
MP0215485;Texto Search Descripción 12
MP0215486;Texto Search Descripción 12
MP0215487;Texto Search Descripción 12
MP0215488;Texto Search Descripción 12
MP0215489;Texto Search Descripción 12
MP021549;Texto Search Descripción 12
MP0215490;Texto Search Descripción 12
MP0215491;Texto Search Descripción 12
MP0215492;Texto Search Descripción 12
MP0215493;Texto Search Descripción 12
MP0215494;Texto Search Descripción 12
MP0215495;Texto Search Descripción 12
MP0215496;Texto Search Descripción 12
MP0215497;Texto Search Descripción 12
MP0215498;Texto Search Descripción 12
MP0215499;Texto Search Descripción 12
MP021550;Texto Search Descripción 12
MP0215501;Texto Search Descripción 12
MP0215502;Texto Search Descripción 12
MP0215503;Texto Search Descripción 12
MP0215504;Texto Search Descripción 12
MP0215505;Texto Search Descripción 12
MP0215506;Texto Search Descripción 12
MP0215507;Texto Search Descripción 12
MP0215508;Texto Search Descripción 12
MP0215509;Texto Search Descripción 12
MP021551;Texto Search Descripción 12
MP0215510;Texto Search Descripción 12
MP0215511;Texto Search Descripción 12
MP0215512;Texto Search Descripción 12
MP0215513;Texto Search Descripción 12
MP0215514;Texto Search Descripción 12
MP0215515;Texto Search Descripción 12
MP0215516;Texto Search Descripción 12
MP0215517;Texto Search Descripción 12
MP0215518;Texto Search Descripción 12
MP0215519;Texto Search Descripción 12
MP021552;Texto Search Descripción 12
MP0215520;Texto Search Descripción 12
MP0215521;Texto Search Descripción 12
MP0215522;Texto Search Descripción 12
MP0215523;Texto Search Descripción 12
MP0215524;Texto Search Descripción 12
MP0215525;Texto Search Descripción 12
MP0215526;Texto Search Descripción 12
MP0215527;Texto Search Descripción 12
MP0215528;Texto Search Descripción 12
MP0215529;Texto Search Descripción 12
MP021553;Texto Search Descripción 12
MP0215530;Texto Search Descripción 12
MP0215531;Texto Search Descripción 12
MP0215532;Texto Search Descripción 12
MP0215533;Texto Search Descripción 12
MP0215534;Texto Search Descripción 12
MP0215535;Texto Search Descripción 12
MP0215536;Texto Search Descripción 12
MP0215537;Texto Search Descripción 12
MP0215538;Texto Search Descripción 12
MP0215539;Texto Search Descripción 12
MP021554;Texto Search Descripción 12
MP0215540;Texto Search Descripción 12
MP0215541;Texto Search Descripción 12
MP0215542;Texto Search Descripción 12
MP0215543;Texto Search Descripción 12
MP0215544;Texto Search Descripción 12
MP0215545;Texto Search Descripción 12
MP0215546;Texto Search Descripción 12
MP0215547;Texto Search Descripción 12
MP0215548;Texto Search Descripción 12
MP0215549;Texto Search Descripción 12
MP021555;Texto Search Descripción 12
MP0215550;Texto Search Descripción 12
MP0215551;Texto Search Descripción 12
MP0215552;Texto Search Descripción 12
MP0215553;Texto Search Descripción 12
MP0215554;Texto Search Descripción 12
MP0215555;Texto Search Descripción 12
MP0215556;Texto Search Descripción 12
MP0215557;Texto Search Descripción 12
MP0215558;Texto Search Descripción 12
MP0215559;Texto Search Descripción 12
MP021556;Texto Search Descripción 12
MP0215560;Texto Search Descripción 12
MP0215561;Texto Search Descripción 12
MP0215562;Texto Search Descripción 12
MP0215563;Texto Search Descripción 12
MP0215564;Texto Search Descripción 12
MP0215565;Texto Search Descripción 12
MP0215566;Texto Search Descripción 12
MP0215567;Texto Search Descripción 12
MP0215568;Texto Search Descripción 12
MP0215569;Texto Search Descripción 12
MP021557;Texto Search Descripción 12
MP0215570;Texto Search Descripción 12
MP0215571;Texto Search Descripción 12
MP0215572;Texto Search Descripción 12
MP0215573;Texto Search Descripción 12
MP0215574;Texto Search Descripción 12
MP0215575;Texto Search Descripción 12
MP0215576;Texto Search Descripción 12
MP0215577;Texto Search Descripción 12
MP0215578;Texto Search Descripción 12
MP0215579;Texto Search Descripción 12
MP021558;Texto Search Descripción 12
MP0215580;Texto Search Descripción 12
MP0215581;Texto Search Descripción 12
MP0215582;Texto Search Descripción 12
MP0215583;Texto Search Descripción 12
MP0215584;Texto Search Descripción 12
MP0215585;Texto Search Descripción 12
MP0215586;Texto Search Descripción 12
MP0215587;Texto Search Descripción 12
MP0215588;Texto Search Descripción 12
MP0215589;Texto Search Descripción 12
MP021559;Texto Search Descripción 12
MP0215590;Texto Search Descripción 12
MP0215591;Texto Search Descripción 12
MP0215592;Texto Search Descripción 12
MP0215593;Texto Search Descripción 12
MP0215594;Texto Search Descripción 12
MP0215595;Texto Search Descripción 12
MP0215596;Texto Search Descripción 12
MP0215597;Texto Search Descripción 12
MP0215598;Texto Search Descripción 12
MP021560;Texto Search Descripción 12
MP021561;Texto Search Descripción 12
MP021562;Texto Search Descripción 12
MP021563;Texto Search Descripción 12
MP021564;Texto Search Descripción 12
MP021565;Texto Search Descripción 12
MP021566;Texto Search Descripción 12
MP021567;Texto Search Descripción 12
MP021568;Texto Search Descripción 12
MP021569;Texto Search Descripción 12
MP021570;Texto Search Descripción 12
MP021571;Texto Search Descripción 12
MP021572;Texto Search Descripción 12
MP021573;Texto Search Descripción 12
MP021574;Texto Search Descripción 12
MP021575;Texto Search Descripción 12
MP021576;Texto Search Descripción 12
MP021577;Texto Search Descripción 12
MP021578;Texto Search Descripción 12
MP021579;Texto Search Descripción 12
MP021580;Texto Search Descripción 12
MP021581;Texto Search Descripción 12
MP021582;Texto Search Descripción 12
MP021583;Texto Search Descripción 12
MP021584;Texto Search Descripción 12
MP021585;Texto Search Descripción 12
MP021586;Texto Search Descripción 12
MP021587;Texto Search Descripción 12
MP021588;Texto Search Descripción 12
MP021589;Texto Search Descripción 12
MP021590;Texto Search Descripción 12
MP021591;Texto Search Descripción 12
MP021592;Texto Search Descripción 12
MP021593;Texto Search Descripción 12
MP021594;Texto Search Descripción 12
MP021595;Texto Search Descripción 12
MP021596;Texto Search Descripción 12
MP021597;Texto Search Descripción 12
MP021598;Texto Search Descripción 12
MP021599;Texto Search Descripción 12
MP02201;Texto Search Descripción 2635
MP02202;Texto Search Descripción 79
MP02203;Texto Search Descripción 126
MP02205;Texto Search Descripción 2636
MP02206;Texto Search Descripción 2637
MP02208;Texto Search Descripción 2638
MP02209;Texto Search Descripción 2639
MP02210;Texto Search Descripción 1520
MP022100;Texto Search Descripción 126
MP02211;Texto Search Descripción 1520
MP02212;Texto Search Descripción 126
MP02213;Texto Search Descripción 126
MP02214;Texto Search Descripción 1516
MP02215;Texto Search Descripción 126
MP02216;Texto Search Descripción 126
MP02217;Texto Search Descripción 126
MP02219;Texto Search Descripción 126
MP02220;Texto Search Descripción 21
MP02301;Texto Search Descripción 2640
MP02302;Texto Search Descripción 2641
MP02305;Texto Search Descripción 2642
MP02306;Texto Search Descripción 2643
MP02307;Texto Search Descripción 2644
MP02308;Texto Search Descripción 2645
MP02309;Texto Search Descripción 36
MP02310;Texto Search Descripción 2646
MP023100;Texto Search Descripción 57
MP023101;Texto Search Descripción 57
MP023102;Texto Search Descripción 57
MP023103;Texto Search Descripción 57
MP023104;Texto Search Descripción 57
MP023105;Texto Search Descripción 57
MP023106;Texto Search Descripción 2556
MP023107;Texto Search Descripción 57
MP023108;Texto Search Descripción 57
MP023109;Texto Search Descripción 57
MP02311;Texto Search Descripción 617
MP023110;Texto Search Descripción 57
MP023111;Texto Search Descripción 57
MP023112;Texto Search Descripción 57
MP023113;Texto Search Descripción 57
MP023114;Texto Search Descripción 57
MP023115;Texto Search Descripción 36
MP023116;Texto Search Descripción 57
MP023117;Texto Search Descripción 57
MP023118;Texto Search Descripción 57
MP023119;Texto Search Descripción 57
MP023500;Texto Search Descripción 58
MP023502;Texto Search Descripción 58
MP023503;Texto Search Descripción 58
MP023504;Texto Search Descripción 58
MP023505;Texto Search Descripción 58
MP023506;Texto Search Descripción 57
MP023507;Texto Search Descripción 57
MP023508;Texto Search Descripción 58
MP023509;Texto Search Descripción 58
MP023510;Texto Search Descripción 58
MP023511;Texto Search Descripción 58
MP023512;Texto Search Descripción 58
MP023513;Texto Search Descripción 58
MP023514;Texto Search Descripción 58
MP023515;Texto Search Descripción 58
MP023516;Texto Search Descripción 58
MP023517;Texto Search Descripción 58
MP023518;Texto Search Descripción 58
MP023519;Texto Search Descripción 58
MP023521;Texto Search Descripción 58
MP023522;Texto Search Descripción 58
MP023523;Texto Search Descripción 58
MP02400;Texto Search Descripción 2186
MP02400-T;Texto Search Descripción 33
MP02401;Texto Search Descripción 2647
MP02401-T;Texto Search Descripción 33
MP02402;Texto Search Descripción 2648
MP02403;Texto Search Descripción 2187
MP02404;Texto Search Descripción 33
MP02404-T;Texto Search Descripción 33
MP02405;Texto Search Descripción 2189
MP02405-T;Texto Search Descripción 33
MP02406;Texto Search Descripción 2190
MP02407;Texto Search Descripción 2191
MP02409;Texto Search Descripción 2192
MP02409-T;Texto Search Descripción 33
MP024100;Texto Search Descripción 2649
MP024102;Texto Search Descripción 2650
MP024103;Texto Search Descripción 2651
MP024104;Texto Search Descripción 2652
MP024105;Texto Search Descripción 2653
MP024106;Texto Search Descripción 2654
MP024107;Texto Search Descripción 2655
MP024108;Texto Search Descripción 2656
MP024109;Texto Search Descripción 2657
MP02411;Texto Search Descripción 2193
MP024110;Texto Search Descripción 2658
MP024112;Texto Search Descripción 2659
MP024113;Texto Search Descripción 2660
MP024114;Texto Search Descripción 2661
MP024115;Texto Search Descripción 2662
MP024116;Texto Search Descripción 2663
MP024117;Texto Search Descripción 2664
MP024118;Texto Search Descripción 2665
MP024119;Texto Search Descripción 2666
MP02412;Texto Search Descripción 2194
MP02412-T;Texto Search Descripción 33
MP024120;Texto Search Descripción 2667
MP024121;Texto Search Descripción 2668
MP024122;Texto Search Descripción 2669
MP024123;Texto Search Descripción 2670
MP024124;Texto Search Descripción 2671
MP024125;Texto Search Descripción 2672
MP024126;Texto Search Descripción 2673
MP024127;Texto Search Descripción 2674
MP024128;Texto Search Descripción 485
MP024129;Texto Search Descripción 2675
MP02413;Texto Search Descripción 2195
MP024131;Texto Search Descripción 599
MP024133;Texto Search Descripción 2676
MP024134;Texto Search Descripción 2196
MP024135;Texto Search Descripción 880
MP024137;Texto Search Descripción 2677
MP024138;Texto Search Descripción 2678
MP024139;Texto Search Descripción 2197
MP02414;Texto Search Descripción 2198
MP024140;Texto Search Descripción 882
MP024141;Texto Search Descripción 2199
MP024142;Texto Search Descripción 2200
MP024143;Texto Search Descripción 33
MP024144;Texto Search Descripción 2201
MP024147;Texto Search Descripción 33
MP024148;Texto Search Descripción 33
MP024149;Texto Search Descripción 33
MP02415;Texto Search Descripción 2202
MP024150;Texto Search Descripción 33
MP024151;Texto Search Descripción 33
MP024152;Texto Search Descripción 2203
MP024153;Texto Search Descripción 2204
MP024154;Texto Search Descripción 2205
MP024155;Texto Search Descripción 2206
MP024156;Texto Search Descripción 2207
MP024157;Texto Search Descripción 2208
MP024158;Texto Search Descripción 2209
MP024159;Texto Search Descripción 2210
MP02416;Texto Search Descripción 2211
MP024161;Texto Search Descripción 2212
MP024163;Texto Search Descripción 2213
MP024165;Texto Search Descripción 2214
MP024166;Texto Search Descripción 2215
MP024167;Texto Search Descripción 2216
MP024168;Texto Search Descripción 2217
MP024169;Texto Search Descripción 2218
MP02417;Texto Search Descripción 2219
MP024170;Texto Search Descripción 2220
MP024171;Texto Search Descripción 2221
MP024172;Texto Search Descripción 2222
MP024173;Texto Search Descripción 2223
MP024174;Texto Search Descripción 2224
MP024175;Texto Search Descripción 2225
MP024177;Texto Search Descripción 33
MP024178;Texto Search Descripción 2226
MP024179;Texto Search Descripción 2227
MP02418;Texto Search Descripción 2228
MP024180;Texto Search Descripción 2229
MP024182;Texto Search Descripción 2230
MP024183;Texto Search Descripción 2231
MP024184;Texto Search Descripción 2232
MP024185;Texto Search Descripción 2679
MP024186;Texto Search Descripción 2233
MP024187;Texto Search Descripción 2234
MP024188;Texto Search Descripción 2235
MP024189;Texto Search Descripción 2236
MP02419;Texto Search Descripción 2237
MP024190;Texto Search Descripción 2238
MP024191;Texto Search Descripción 2239
MP024192;Texto Search Descripción 33
MP024193;Texto Search Descripción 2240
MP024194;Texto Search Descripción 33
MP024195;Texto Search Descripción 2241
MP024196;Texto Search Descripción 2242
MP024197;Texto Search Descripción 2243
MP024198;Texto Search Descripción 2244
MP024199;Texto Search Descripción 33
MP02420;Texto Search Descripción 2245
MP024200;Texto Search Descripción 33
MP024201;Texto Search Descripción 2246
MP024202;Texto Search Descripción 33
MP024203;Texto Search Descripción 33
MP024204;Texto Search Descripción 115
MP024205;Texto Search Descripción 2247
MP024206;Texto Search Descripción 2248
MP024207;Texto Search Descripción 2249
MP024208;Texto Search Descripción 33
MP024209;Texto Search Descripción 33
MP02421;Texto Search Descripción 2250
MP024210;Texto Search Descripción 33
MP024211;Texto Search Descripción 33
MP024212;Texto Search Descripción 2251
MP024213;Texto Search Descripción 33
MP024214;Texto Search Descripción 79
MP024215;Texto Search Descripción 33
MP024216;Texto Search Descripción 33
MP024217;Texto Search Descripción 33
MP024218;Texto Search Descripción 33
MP024219;Texto Search Descripción 33
MP02422;Texto Search Descripción 2252
MP024220;Texto Search Descripción 33
MP024221;Texto Search Descripción 33
MP024222;Texto Search Descripción 33
MP024223;Texto Search Descripción 33
MP024224;Texto Search Descripción 33
MP024225;Texto Search Descripción 33
MP024226;Texto Search Descripción 33
MP024227;Texto Search Descripción 33
MP024228;Texto Search Descripción 33
MP024229;Texto Search Descripción 33
MP02423;Texto Search Descripción 2253
MP024230;Texto Search Descripción 33
MP024231;Texto Search Descripción 33
MP024232;Texto Search Descripción 33
MP024233;Texto Search Descripción 33
MP024234;Texto Search Descripción 33
MP024235;Texto Search Descripción 33
MP024236;Texto Search Descripción 33
MP02424;Texto Search Descripción 2680
MP02425;Texto Search Descripción 2254
MP02426;Texto Search Descripción 2255
MP02431;Texto Search Descripción 2256
MP02434;Texto Search Descripción 2257
MP02435;Texto Search Descripción 2258
MP02436;Texto Search Descripción 2259
MP02437;Texto Search Descripción 2260
MP02438;Texto Search Descripción 2261
MP02439;Texto Search Descripción 2262
MP02440;Texto Search Descripción 2263
MP02441;Texto Search Descripción 2264
MP02442;Texto Search Descripción 2265
MP02443;Texto Search Descripción 33
MP02444;Texto Search Descripción 2267
MP02445;Texto Search Descripción 2268
MP02446;Texto Search Descripción 2269
MP02447;Texto Search Descripción 2270
MP02448;Texto Search Descripción 2681
MP02449;Texto Search Descripción 33
MP02450;Texto Search Descripción 2683
MP02451;Texto Search Descripción 2684
MP02452;Texto Search Descripción 2685
MP02453;Texto Search Descripción 2686
MP02454;Texto Search Descripción 2687
MP02455;Texto Search Descripción 2271
MP02456;Texto Search Descripción 1541
MP02457;Texto Search Descripción 1541
MP02458;Texto Search Descripción 2688
MP02459;Texto Search Descripción 2689
MP02460;Texto Search Descripción 2690
MP02462;Texto Search Descripción 2691
MP02463;Texto Search Descripción 2692
MP02464;Texto Search Descripción 2693
MP02465;Texto Search Descripción 33
MP02466;Texto Search Descripción 2695
MP02467;Texto Search Descripción 2696
MP02468;Texto Search Descripción 2697
MP02469;Texto Search Descripción 2698
MP02470;Texto Search Descripción 2699
MP02471;Texto Search Descripción 2700
MP02472;Texto Search Descripción 2701
MP02473;Texto Search Descripción 2702
MP02474;Texto Search Descripción 2703
MP02475;Texto Search Descripción 2704
MP02476;Texto Search Descripción 2705
MP02477;Texto Search Descripción 2706
MP02478;Texto Search Descripción 2707
MP02479;Texto Search Descripción 2708
MP02480;Texto Search Descripción 2604
MP02481;Texto Search Descripción 2709
MP02482;Texto Search Descripción 2710
MP02483;Texto Search Descripción 2711
MP02484;Texto Search Descripción 2712
MP02485;Texto Search Descripción 2713
MP02486;Texto Search Descripción 2714
MP02487;Texto Search Descripción 2715
MP02488;Texto Search Descripción 2716
MP02489;Texto Search Descripción 2717
MP02490;Texto Search Descripción 2718
MP02491;Texto Search Descripción 2719
MP02492;Texto Search Descripción 2720
MP02493;Texto Search Descripción 2721
MP02494;Texto Search Descripción 2722
MP02495;Texto Search Descripción 2723
MP02496;Texto Search Descripción 2724
MP02497;Texto Search Descripción 2725
MP02498;Texto Search Descripción 2726
MP02499;Texto Search Descripción 2727
MP02502;Texto Search Descripción 37
MP02503;Texto Search Descripción 37
MP02505;Texto Search Descripción 37
MP02506;Texto Search Descripción 2728
MP02507;Texto Search Descripción 1521
MP02508;Texto Search Descripción 37
MP02509;Texto Search Descripción 2729
MP02510;Texto Search Descripción 37
MP025100;Texto Search Descripción 1522
MP025101;Texto Search Descripción 9
MP025102;Texto Search Descripción 9
MP025103;Texto Search Descripción 1522
MP025104;Texto Search Descripción 9
MP025105;Texto Search Descripción 9
MP025106;Texto Search Descripción 9
MP025107;Texto Search Descripción 9
MP025108;Texto Search Descripción 9
MP025109;Texto Search Descripción 9
MP02511;Texto Search Descripción 37
MP025110;Texto Search Descripción 9
MP025111;Texto Search Descripción 9
MP025112;Texto Search Descripción 9
MP025113;Texto Search Descripción 9
MP025114;Texto Search Descripción 9
MP025115;Texto Search Descripción 9
MP025116;Texto Search Descripción 9
MP025117;Texto Search Descripción 9
MP025118;Texto Search Descripción 9
MP025119;Texto Search Descripción 9
MP025120;Texto Search Descripción 9
MP025121;Texto Search Descripción 9
MP025122;Texto Search Descripción 9
MP025123;Texto Search Descripción 9
MP025124;Texto Search Descripción 9
MP025125;Texto Search Descripción 9
MP025126;Texto Search Descripción 9
MP025127;Texto Search Descripción 9
MP025128;Texto Search Descripción 9
MP025129;Texto Search Descripción 9
MP02513;Texto Search Descripción 37
MP025130;Texto Search Descripción 9
MP025131;Texto Search Descripción 9
MP025132;Texto Search Descripción 9
MP025133;Texto Search Descripción 9
MP025134;Texto Search Descripción 9
MP025135;Texto Search Descripción 9
MP025136;Texto Search Descripción 9
MP025137;Texto Search Descripción 9
MP025138;Texto Search Descripción 9
MP025139;Texto Search Descripción 9
MP02514;Texto Search Descripción 37
MP025140;Texto Search Descripción 9
MP025141;Texto Search Descripción 37
MP025142;Texto Search Descripción 37
MP025143;Texto Search Descripción 37
MP025144;Texto Search Descripción 37
MP025145;Texto Search Descripción 37
MP025146;Texto Search Descripción 37
MP025147;Texto Search Descripción 37
MP025148;Texto Search Descripción 37
MP025149;Texto Search Descripción 37
MP02515;Texto Search Descripción 2730
MP025150;Texto Search Descripción 37
MP025151;Texto Search Descripción 37
MP025152;Texto Search Descripción 37
MP025153;Texto Search Descripción 37
MP025154;Texto Search Descripción 37
MP025155;Texto Search Descripción 37
MP025156;Texto Search Descripción 37
MP025157;Texto Search Descripción 37
MP025158;Texto Search Descripción 37
MP025159;Texto Search Descripción 37
MP02516;Texto Search Descripción 37
MP025160;Texto Search Descripción 37
MP025161;Texto Search Descripción 37
MP025162;Texto Search Descripción 37
MP025163;Texto Search Descripción 37
MP025164;Texto Search Descripción 37
MP025165;Texto Search Descripción 37
MP025166;Texto Search Descripción 37
MP025167;Texto Search Descripción 37
MP025168;Texto Search Descripción 37
MP02517;Texto Search Descripción 127
MP025170;Texto Search Descripción 37
MP025171;Texto Search Descripción 37
MP025172;Texto Search Descripción 37
MP025173;Texto Search Descripción 37
MP025174;Texto Search Descripción 37
MP025175;Texto Search Descripción 37
MP025176;Texto Search Descripción 37
MP025177;Texto Search Descripción 37
MP025178;Texto Search Descripción 37
MP025179;Texto Search Descripción 37
MP02518;Texto Search Descripción 127
MP025180;Texto Search Descripción 37
MP025181;Texto Search Descripción 37
MP025182;Texto Search Descripción 37
MP025183;Texto Search Descripción 37
MP025184;Texto Search Descripción 37
MP025185;Texto Search Descripción 37
MP025186;Texto Search Descripción 37
MP025187;Texto Search Descripción 37
MP025188;Texto Search Descripción 9
MP025189;Texto Search Descripción 9
MP02519;Texto Search Descripción 9
MP025190;Texto Search Descripción 9
MP025191;Texto Search Descripción 9
MP025192;Texto Search Descripción 9
MP025193;Texto Search Descripción 9
MP025194;Texto Search Descripción 9
MP025195;Texto Search Descripción 9
MP025196;Texto Search Descripción 9
MP025197;Texto Search Descripción 9
MP025198;Texto Search Descripción 9
MP025199;Texto Search Descripción 9
MP02520;Texto Search Descripción 9
MP025200;Texto Search Descripción 9
MP025201;Texto Search Descripción 9
MP025202;Texto Search Descripción 9
MP025203;Texto Search Descripción 9
MP025204;Texto Search Descripción 9
MP025205;Texto Search Descripción 9
MP025206;Texto Search Descripción 9
MP025207;Texto Search Descripción 9
MP025208;Texto Search Descripción 9
MP025209;Texto Search Descripción 9
MP02521;Texto Search Descripción 9
MP025210;Texto Search Descripción 9
MP025211;Texto Search Descripción 9
MP025212;Texto Search Descripción 9
MP025213;Texto Search Descripción 9
MP025214;Texto Search Descripción 9
MP025215;Texto Search Descripción 9
MP025216;Texto Search Descripción 9
MP025217;Texto Search Descripción 9
MP025218;Texto Search Descripción 9
MP025219;Texto Search Descripción 873
MP02522;Texto Search Descripción 9
MP025220;Texto Search Descripción 873
MP025221;Texto Search Descripción 9
MP025222;Texto Search Descripción 9
MP025223;Texto Search Descripción 9
MP025224;Texto Search Descripción 9
MP025225;Texto Search Descripción 9
MP025226;Texto Search Descripción 9
MP025227;Texto Search Descripción 9
MP025228;Texto Search Descripción 9
MP025229;Texto Search Descripción 9
MP02523;Texto Search Descripción 9
MP025230;Texto Search Descripción 9
MP025231;Texto Search Descripción 9
MP025232;Texto Search Descripción 9
MP025233;Texto Search Descripción 9
MP025234;Texto Search Descripción 9
MP025235;Texto Search Descripción 9
MP025236;Texto Search Descripción 9
MP025237;Texto Search Descripción 9
MP025238;Texto Search Descripción 9
MP025239;Texto Search Descripción 9
MP02524;Texto Search Descripción 9
MP025240;Texto Search Descripción 9
MP025241;Texto Search Descripción 9
MP025242;Texto Search Descripción 9
MP025243S;Texto Search Descripción 470
MP025244S;Texto Search Descripción 470
MP025245S;Texto Search Descripción 470
MP025246S;Texto Search Descripción 470
MP025247S;Texto Search Descripción 470
MP025248S;Texto Search Descripción 470
MP025249S;Texto Search Descripción 470
MP02525;Texto Search Descripción 9
MP025250;Texto Search Descripción 9
MP025251;Texto Search Descripción 9
MP025252;Texto Search Descripción 9
MP025253;Texto Search Descripción 9
MP025254;Texto Search Descripción 9
MP025255;Texto Search Descripción 9
MP025256;Texto Search Descripción 9
MP025257;Texto Search Descripción 9
MP025258;Texto Search Descripción 9
MP025259;Texto Search Descripción 9
MP02526;Texto Search Descripción 9
MP025260;Texto Search Descripción 9
MP025261;Texto Search Descripción 127
MP025262;Texto Search Descripción 127
MP025263;Texto Search Descripción 2731
MP025264;Texto Search Descripción 9
MP025265;Texto Search Descripción 9
MP025266;Texto Search Descripción 9
MP025267;Texto Search Descripción 9
MP025268;Texto Search Descripción 9
MP025269;Texto Search Descripción 9
MP02527;Texto Search Descripción 9
MP025270;Texto Search Descripción 9
MP025271;Texto Search Descripción 9
MP025272;Texto Search Descripción 127
MP025273;Texto Search Descripción 37
MP025274;Texto Search Descripción 127
MP025275;Texto Search Descripción 127
MP025276;Texto Search Descripción 127
MP025277;Texto Search Descripción 9
MP025278;Texto Search Descripción 9
MP025279;Texto Search Descripción 9
MP02528;Texto Search Descripción 9
MP025280;Texto Search Descripción 9
MP025281;Texto Search Descripción 9
MP025282;Texto Search Descripción 9
MP025283;Texto Search Descripción 9
MP025284;Texto Search Descripción 9
MP025285;Texto Search Descripción 9
MP025286;Texto Search Descripción 9
MP025287;Texto Search Descripción 9
MP025288;Texto Search Descripción 9
MP025289;Texto Search Descripción 9
MP02529;Texto Search Descripción 873
MP025290;Texto Search Descripción 9
MP025291;Texto Search Descripción 9
MP025292;Texto Search Descripción 9
MP025293;Texto Search Descripción 9
MP025294;Texto Search Descripción 9
MP025295;Texto Search Descripción 9
MP025296;Texto Search Descripción 9
MP025297;Texto Search Descripción 9
MP025298;Texto Search Descripción 9
MP025299;Texto Search Descripción 9
MP02530;Texto Search Descripción 873
MP025300;Texto Search Descripción 9
MP025301;Texto Search Descripción 9
MP025302;Texto Search Descripción 9
MP025303;Texto Search Descripción 9
MP025304;Texto Search Descripción 9
MP025305;Texto Search Descripción 9
MP025306;Texto Search Descripción 9
MP025307;Texto Search Descripción 9
MP025308;Texto Search Descripción 9
MP025309;Texto Search Descripción 9
MP02531;Texto Search Descripción 9
MP025310;Texto Search Descripción 9
MP025311;Texto Search Descripción 9
MP025312;Texto Search Descripción 9
MP025313;Texto Search Descripción 9
MP025314;Texto Search Descripción 9
MP025315;Texto Search Descripción 9
MP025316;Texto Search Descripción 9
MP025317;Texto Search Descripción 9
MP025318;Texto Search Descripción 9
MP025319;Texto Search Descripción 9
MP02532;Texto Search Descripción 9
MP025320;Texto Search Descripción 9
MP025321;Texto Search Descripción 9
MP025322;Texto Search Descripción 9
MP025323;Texto Search Descripción 9
MP025324;Texto Search Descripción 9
MP025325;Texto Search Descripción 9
MP025326;Texto Search Descripción 9
MP025327;Texto Search Descripción 9
MP025328;Texto Search Descripción 9
MP025329;Texto Search Descripción 9
MP02533;Texto Search Descripción 9
MP025330;Texto Search Descripción 9
MP025331;Texto Search Descripción 9
MP025332;Texto Search Descripción 9
MP025333;Texto Search Descripción 9
MP025334;Texto Search Descripción 9
MP025335;Texto Search Descripción 9
MP025336;Texto Search Descripción 9
MP025337;Texto Search Descripción 9
MP025338;Texto Search Descripción 9
MP025339;Texto Search Descripción 9
MP02534;Texto Search Descripción 9
MP025340;Texto Search Descripción 9
MP025341;Texto Search Descripción 9
MP025342;Texto Search Descripción 9
MP025343;Texto Search Descripción 9
MP025344;Texto Search Descripción 9
MP025345;Texto Search Descripción 9
MP025346;Texto Search Descripción 9
MP025347;Texto Search Descripción 9
MP025348;Texto Search Descripción 9
MP025349;Texto Search Descripción 9
MP02535;Texto Search Descripción 9
MP025350;Texto Search Descripción 9
MP025351;Texto Search Descripción 9
MP025352;Texto Search Descripción 9
MP025353;Texto Search Descripción 9
MP025354;Texto Search Descripción 9
MP025355;Texto Search Descripción 9
MP025356;Texto Search Descripción 9
MP025357;Texto Search Descripción 9
MP025358;Texto Search Descripción 9
MP025359;Texto Search Descripción 9
MP02536;Texto Search Descripción 9
MP025360;Texto Search Descripción 9
MP025361;Texto Search Descripción 9
MP025362;Texto Search Descripción 9
MP025363;Texto Search Descripción 9
MP025364;Texto Search Descripción 9
MP025365;Texto Search Descripción 9
MP025366;Texto Search Descripción 9
MP025367;Texto Search Descripción 9
MP025368;Texto Search Descripción 9
MP025369;Texto Search Descripción 9
MP02537;Texto Search Descripción 9
MP025370;Texto Search Descripción 9
MP025371;Texto Search Descripción 9
MP025372;Texto Search Descripción 9
MP025373;Texto Search Descripción 37
MP025374;Texto Search Descripción 9
MP025375;Texto Search Descripción 9
MP025376;Texto Search Descripción 9
MP025377;Texto Search Descripción 9
MP025378;Texto Search Descripción 9
MP025379;Texto Search Descripción 9
MP02538;Texto Search Descripción 9
MP025380;Texto Search Descripción 9
MP025381;Texto Search Descripción 9
MP025382;Texto Search Descripción 9
MP025383;Texto Search Descripción 9
MP025384;Texto Search Descripción 9
MP025385;Texto Search Descripción 9
MP025386;Texto Search Descripción 9
MP025387;Texto Search Descripción 9
MP025388;Texto Search Descripción 9
MP025389;Texto Search Descripción 9
MP02539;Texto Search Descripción 2576
MP025390;Texto Search Descripción 9
MP025391;Texto Search Descripción 9
MP025392;Texto Search Descripción 9
MP025393;Texto Search Descripción 9
MP025394;Texto Search Descripción 9
MP025395;Texto Search Descripción 9
MP025396;Texto Search Descripción 37
MP025397;Texto Search Descripción 37
MP025398;Texto Search Descripción 37
MP025399;Texto Search Descripción 37
MP02540;Texto Search Descripción 127
MP025400;Texto Search Descripción 37
MP025401;Texto Search Descripción 37
MP025402;Texto Search Descripción 37
MP025403;Texto Search Descripción 37
MP025404;Texto Search Descripción 37
MP025405;Texto Search Descripción 9
MP025406;Texto Search Descripción 9
MP025407;Texto Search Descripción 9
MP025408;Texto Search Descripción 9
MP025409;Texto Search Descripción 9
MP02541;Texto Search Descripción 9
MP025410;Texto Search Descripción 9
MP025411;Texto Search Descripción 9
MP025412;Texto Search Descripción 9
MP025413;Texto Search Descripción 9
MP025414;Texto Search Descripción 9
MP025415;Texto Search Descripción 9
MP025416;Texto Search Descripción 9
MP025417;Texto Search Descripción 9
MP025418;Texto Search Descripción 9
MP025419;Texto Search Descripción 9
MP02542;Texto Search Descripción 9
MP025420;Texto Search Descripción 9
MP025421;Texto Search Descripción 9
MP025422;Texto Search Descripción 9
MP025423;Texto Search Descripción 9
MP025424;Texto Search Descripción 9
MP025425;Texto Search Descripción 9
MP025426;Texto Search Descripción 9
MP025427;Texto Search Descripción 9
MP025428;Texto Search Descripción 9
MP025429;Texto Search Descripción 9
MP02543;Texto Search Descripción 9
MP025430;Texto Search Descripción 9
MP025431;Texto Search Descripción 9
MP025432;Texto Search Descripción 9
MP025433;Texto Search Descripción 9
MP025434;Texto Search Descripción 9
MP025435;Texto Search Descripción 9
MP025436;Texto Search Descripción 9
MP025437;Texto Search Descripción 9
MP025438;Texto Search Descripción 9
MP025439;Texto Search Descripción 9
MP02544;Texto Search Descripción 9
MP025440;Texto Search Descripción 9
MP025441;Texto Search Descripción 9
MP025442;Texto Search Descripción 9
MP025443;Texto Search Descripción 9
MP025444;Texto Search Descripción 9
MP025445;Texto Search Descripción 9
MP025446;Texto Search Descripción 9
MP025447;Texto Search Descripción 9
MP025448;Texto Search Descripción 9
MP025449;Texto Search Descripción 9
MP02545;Texto Search Descripción 9
MP025450;Texto Search Descripción 9
MP025451;Texto Search Descripción 9
MP025452;Texto Search Descripción 9
MP025453;Texto Search Descripción 9
MP025454;Texto Search Descripción 9
MP025455;Texto Search Descripción 9
MP025456;Texto Search Descripción 9
MP025457;Texto Search Descripción 9
MP025458;Texto Search Descripción 9
MP025459;Texto Search Descripción 9
MP02546;Texto Search Descripción 9
MP025460;Texto Search Descripción 9
MP025461;Texto Search Descripción 9
MP025462;Texto Search Descripción 9
MP025463;Texto Search Descripción 9
MP025464;Texto Search Descripción 9
MP025465;Texto Search Descripción 9
MP025466;Texto Search Descripción 9
MP025467;Texto Search Descripción 9
MP025468;Texto Search Descripción 9
MP025469;Texto Search Descripción 9
MP02547;Texto Search Descripción 9
MP025470;Texto Search Descripción 9
MP025471;Texto Search Descripción 9
MP025472;Texto Search Descripción 9
MP025473;Texto Search Descripción 9
MP025474;Texto Search Descripción 9
MP025475;Texto Search Descripción 9
MP025476;Texto Search Descripción 9
MP025477;Texto Search Descripción 9
MP025478;Texto Search Descripción 9
MP025479;Texto Search Descripción 9
MP02548;Texto Search Descripción 9
MP025480;Texto Search Descripción 9
MP025481;Texto Search Descripción 9
MP025482;Texto Search Descripción 9
MP025483;Texto Search Descripción 9
MP025484;Texto Search Descripción 9
MP025485;Texto Search Descripción 9
MP025486;Texto Search Descripción 9
MP025487;Texto Search Descripción 9
MP025488;Texto Search Descripción 9
MP025489;Texto Search Descripción 9
MP02549;Texto Search Descripción 9
MP025490;Texto Search Descripción 9
MP025491;Texto Search Descripción 9
MP025492;Texto Search Descripción 9
MP025493;Texto Search Descripción 9
MP025494;Texto Search Descripción 9
MP025495;Texto Search Descripción 9
MP025496;Texto Search Descripción 9
MP025497;Texto Search Descripción 9
MP025498;Texto Search Descripción 9
MP025499;Texto Search Descripción 9
MP02550;Texto Search Descripción 9
MP025500;Texto Search Descripción 9
MP025501;Texto Search Descripción 9
MP025502;Texto Search Descripción 9
MP025503;Texto Search Descripción 9
MP025504;Texto Search Descripción 9
MP025505;Texto Search Descripción 9
MP025506;Texto Search Descripción 9
MP025507;Texto Search Descripción 9
MP025508;Texto Search Descripción 9
MP025509;Texto Search Descripción 9
MP02551;Texto Search Descripción 9
MP025510;Texto Search Descripción 9
MP025511;Texto Search Descripción 9
MP025512;Texto Search Descripción 9
MP025513;Texto Search Descripción 9
MP025514;Texto Search Descripción 9
MP025515;Texto Search Descripción 9
MP025516;Texto Search Descripción 9
MP025517;Texto Search Descripción 9
MP025518;Texto Search Descripción 9
MP025519;Texto Search Descripción 9
MP02552;Texto Search Descripción 9
MP025520;Texto Search Descripción 9
MP025521;Texto Search Descripción 9
MP025522;Texto Search Descripción 9
MP025523;Texto Search Descripción 9
MP025524;Texto Search Descripción 9
MP025525;Texto Search Descripción 9
MP025526;Texto Search Descripción 9
MP025527;Texto Search Descripción 9
MP025528;Texto Search Descripción 9
MP025529;Texto Search Descripción 9
MP02553;Texto Search Descripción 9
MP025530;Texto Search Descripción 9
MP025531;Texto Search Descripción 9
MP025532;Texto Search Descripción 1747
MP025533;Texto Search Descripción 9
MP025534;Texto Search Descripción 9
MP025535;Texto Search Descripción 9
MP025536;Texto Search Descripción 9
MP025537;Texto Search Descripción 9
MP025538;Texto Search Descripción 9
MP025539;Texto Search Descripción 9
MP02554;Texto Search Descripción 9
MP025540;Texto Search Descripción 9
MP025541;Texto Search Descripción 9
MP025542;Texto Search Descripción 9
MP025543;Texto Search Descripción 9
MP025544;Texto Search Descripción 9
MP025545;Texto Search Descripción 9
MP025546;Texto Search Descripción 9
MP025547;Texto Search Descripción 9
MP025548;Texto Search Descripción 9
MP025549;Texto Search Descripción 9
MP02555;Texto Search Descripción 9
MP025550;Texto Search Descripción 9
MP025551;Texto Search Descripción 9
MP025552;Texto Search Descripción 9
MP025553;Texto Search Descripción 9
MP025554;Texto Search Descripción 9
MP025555;Texto Search Descripción 37
MP025556;Texto Search Descripción 37
MP025557;Texto Search Descripción 9
MP025558;Texto Search Descripción 9
MP025559;Texto Search Descripción 9
MP02556;Texto Search Descripción 9
MP025560;Texto Search Descripción 9
MP025561;Texto Search Descripción 9
MP025562;Texto Search Descripción 9
MP025563;Texto Search Descripción 9
MP025564;Texto Search Descripción 9
MP025565;Texto Search Descripción 9
MP025566;Texto Search Descripción 9
MP025567;Texto Search Descripción 9
MP025568;Texto Search Descripción 9
MP025569;Texto Search Descripción 9
MP02557;Texto Search Descripción 9
MP025570;Texto Search Descripción 9
MP025571;Texto Search Descripción 9
MP025572;Texto Search Descripción 9
MP025573;Texto Search Descripción 9
MP025574;Texto Search Descripción 9
MP025575;Texto Search Descripción 9
MP025576;Texto Search Descripción 9
MP025577;Texto Search Descripción 9
MP025578;Texto Search Descripción 9
MP025579;Texto Search Descripción 9
MP02558;Texto Search Descripción 9
MP025580;Texto Search Descripción 9
MP025581;Texto Search Descripción 9
MP025582;Texto Search Descripción 9
MP025583;Texto Search Descripción 9
MP025584;Texto Search Descripción 9
MP025585;Texto Search Descripción 9
MP025586;Texto Search Descripción 9
MP025587;Texto Search Descripción 9
MP025588;Texto Search Descripción 9
MP025589;Texto Search Descripción 9
MP02559;Texto Search Descripción 9
MP025590;Texto Search Descripción 9
MP025591;Texto Search Descripción 9
MP025592;Texto Search Descripción 9
MP025593;Texto Search Descripción 9
MP025594;Texto Search Descripción 9
MP025595;Texto Search Descripción 9
MP025596;Texto Search Descripción 9
MP025597;Texto Search Descripción 9
MP025598;Texto Search Descripción 9
MP025599;Texto Search Descripción 9
MP02560;Texto Search Descripción 9
MP025600;Texto Search Descripción 9
MP025601;Texto Search Descripción 9
MP025602;Texto Search Descripción 9
MP025603;Texto Search Descripción 9
MP025604;Texto Search Descripción 9
MP025605;Texto Search Descripción 9
MP025606;Texto Search Descripción 9
MP025607;Texto Search Descripción 9
MP025608;Texto Search Descripción 9
MP025609;Texto Search Descripción 9
MP02561;Texto Search Descripción 9
MP025610;Texto Search Descripción 9
MP025611;Texto Search Descripción 9
MP025612;Texto Search Descripción 9
MP025613;Texto Search Descripción 9
MP025614;Texto Search Descripción 9
MP025615;Texto Search Descripción 1748
MP025616;Texto Search Descripción 9
MP025617;Texto Search Descripción 9
MP025618;Texto Search Descripción 9
MP025619;Texto Search Descripción 9
MP02562;Texto Search Descripción 9
MP025620;Texto Search Descripción 9
MP025621;Texto Search Descripción 9
MP025622;Texto Search Descripción 9
MP025623;Texto Search Descripción 9
MP025624;Texto Search Descripción 9
MP025625;Texto Search Descripción 9
MP025626;Texto Search Descripción 9
MP025627;Texto Search Descripción 9
MP025628;Texto Search Descripción 9
MP025629;Texto Search Descripción 9
MP02563;Texto Search Descripción 9
MP025630;Texto Search Descripción 9
MP025631;Texto Search Descripción 9
MP025632;Texto Search Descripción 9
MP025633;Texto Search Descripción 9
MP025634;Texto Search Descripción 9
MP025635;Texto Search Descripción 9
MP025636;Texto Search Descripción 9
MP025637;Texto Search Descripción 9
MP025638;Texto Search Descripción 9
MP025639;Texto Search Descripción 9
MP02564;Texto Search Descripción 9
MP025640;Texto Search Descripción 9
MP025641;Texto Search Descripción 9
MP025642;Texto Search Descripción 9
MP025643;Texto Search Descripción 9
MP025644;Texto Search Descripción 9
MP025645;Texto Search Descripción 9
MP025646;Texto Search Descripción 9
MP025647;Texto Search Descripción 9
MP025648;Texto Search Descripción 9
MP025649;Texto Search Descripción 9
MP02565;Texto Search Descripción 9
MP025650;Texto Search Descripción 9
MP025651;Texto Search Descripción 9
MP025652;Texto Search Descripción 9
MP025653;Texto Search Descripción 9
MP025654;Texto Search Descripción 9
MP025655;Texto Search Descripción 9
MP025656;Texto Search Descripción 9
MP025657;Texto Search Descripción 9
MP025658;Texto Search Descripción 9
MP025659;Texto Search Descripción 9
MP02566;Texto Search Descripción 9
MP025660;Texto Search Descripción 9
MP025661;Texto Search Descripción 9
MP025662;Texto Search Descripción 9
MP025663;Texto Search Descripción 9
MP025664;Texto Search Descripción 9
MP025665;Texto Search Descripción 9
MP025666;Texto Search Descripción 9
MP025667;Texto Search Descripción 9
MP025668;Texto Search Descripción 9
MP025669;Texto Search Descripción 9
MP02567;Texto Search Descripción 9
MP025670;Texto Search Descripción 9
MP025671;Texto Search Descripción 9
MP025672;Texto Search Descripción 9
MP025673;Texto Search Descripción 9
MP025674;Texto Search Descripción 9
MP025675;Texto Search Descripción 9
MP025676;Texto Search Descripción 9
MP025677;Texto Search Descripción 9
MP025678;Texto Search Descripción 9
MP025679;Texto Search Descripción 9
MP02568;Texto Search Descripción 9
MP025680;Texto Search Descripción 9
MP025681;Texto Search Descripción 9
MP025682;Texto Search Descripción 9
MP025683;Texto Search Descripción 9
MP025684;Texto Search Descripción 9
MP025685;Texto Search Descripción 9
MP025686;Texto Search Descripción 9
MP025687;Texto Search Descripción 9
MP025688;Texto Search Descripción 9
MP025689;Texto Search Descripción 9
MP02569;Texto Search Descripción 9
MP025690;Texto Search Descripción 9
MP025691;Texto Search Descripción 9
MP025692;Texto Search Descripción 9
MP025693;Texto Search Descripción 9
MP025694;Texto Search Descripción 9
MP025695;Texto Search Descripción 9
MP025696;Texto Search Descripción 9
MP025697;Texto Search Descripción 9
MP025698;Texto Search Descripción 9
MP025699;Texto Search Descripción 1496
MP02570;Texto Search Descripción 9
MP025700;Texto Search Descripción 9
MP025701;Texto Search Descripción 9
MP025702;Texto Search Descripción 9
MP025703;Texto Search Descripción 9
MP025704;Texto Search Descripción 1496
MP025705;Texto Search Descripción 9
MP025706;Texto Search Descripción 9
MP025707;Texto Search Descripción 9
MP025708;Texto Search Descripción 9
MP025709;Texto Search Descripción 9
MP02571;Texto Search Descripción 9
MP025710;Texto Search Descripción 9
MP025711;Texto Search Descripción 9
MP025712;Texto Search Descripción 9
MP025713;Texto Search Descripción 9
MP025714;Texto Search Descripción 9
MP025716;Texto Search Descripción 9
MP025717;Texto Search Descripción 9
MP025718;Texto Search Descripción 9
MP025719;Texto Search Descripción 9
MP02572;Texto Search Descripción 9
MP025720;Texto Search Descripción 9
MP025721;Texto Search Descripción 9
MP025723;Texto Search Descripción 9
MP025724;Texto Search Descripción 9
MP025725;Texto Search Descripción 9
MP025726;Texto Search Descripción 9
MP025727;Texto Search Descripción 9
MP025728;Texto Search Descripción 9
MP025729;Texto Search Descripción 9
MP02573;Texto Search Descripción 9
MP025730;Texto Search Descripción 9
MP025731;Texto Search Descripción 9
MP025732;Texto Search Descripción 9
MP025733;Texto Search Descripción 9
MP025734;Texto Search Descripción 9
MP025735;Texto Search Descripción 9
MP025736;Texto Search Descripción 9
MP025737;Texto Search Descripción 9
MP025738;Texto Search Descripción 9
MP025739;Texto Search Descripción 9
MP02574;Texto Search Descripción 9
MP025740;Texto Search Descripción 9
MP025741;Texto Search Descripción 9
MP025742;Texto Search Descripción 9
MP025743;Texto Search Descripción 9
MP025744;Texto Search Descripción 9
MP025745;Texto Search Descripción 9
MP025746;Texto Search Descripción 9
MP025747;Texto Search Descripción 9
MP025748;Texto Search Descripción 9
MP025749;Texto Search Descripción 9
MP02575;Texto Search Descripción 9
MP025750;Texto Search Descripción 9
MP025751;Texto Search Descripción 9
MP025752;Texto Search Descripción 9
MP025753;Texto Search Descripción 9
MP025754;Texto Search Descripción 9
MP025755;Texto Search Descripción 9
MP025756;Texto Search Descripción 9
MP025757;Texto Search Descripción 9
MP025758;Texto Search Descripción 9
MP025759;Texto Search Descripción 9
MP02576;Texto Search Descripción 9
MP025760;Texto Search Descripción 9
MP025761;Texto Search Descripción 9
MP025762;Texto Search Descripción 9
MP025763;Texto Search Descripción 9
MP025764;Texto Search Descripción 9
MP025765;Texto Search Descripción 9
MP025766;Texto Search Descripción 9
MP025767;Texto Search Descripción 9
MP025768;Texto Search Descripción 9
MP025769;Texto Search Descripción 9
MP02577;Texto Search Descripción 9
MP025770;Texto Search Descripción 9
MP025771;Texto Search Descripción 9
MP025772;Texto Search Descripción 9
MP025773;Texto Search Descripción 9
MP025774;Texto Search Descripción 9
MP025775;Texto Search Descripción 9
MP025776;Texto Search Descripción 9
MP025777;Texto Search Descripción 9
MP025778;Texto Search Descripción 9
MP025779;Texto Search Descripción 9
MP02578;Texto Search Descripción 9
MP025780;Texto Search Descripción 9
MP025781;Texto Search Descripción 9
MP025782;Texto Search Descripción 9
MP025783;Texto Search Descripción 9
MP025784;Texto Search Descripción 9
MP025785;Texto Search Descripción 9
MP025786;Texto Search Descripción 9
MP025787;Texto Search Descripción 9
MP025788;Texto Search Descripción 9
MP025789;Texto Search Descripción 9
MP02579;Texto Search Descripción 9
MP025790;Texto Search Descripción 9
MP025791;Texto Search Descripción 9
MP025792;Texto Search Descripción 9
MP025793;Texto Search Descripción 9
MP025794;Texto Search Descripción 9
MP025795;Texto Search Descripción 9
MP025796;Texto Search Descripción 9
MP025797;Texto Search Descripción 9
MP025798;Texto Search Descripción 9
MP025799;Texto Search Descripción 9
MP02580;Texto Search Descripción 9
MP025800;Texto Search Descripción 9
MP025801;Texto Search Descripción 9
MP025802;Texto Search Descripción 9
MP025803;Texto Search Descripción 9
MP025805;Texto Search Descripción 9
MP025806;Texto Search Descripción 9
MP025807;Texto Search Descripción 9
MP025808;Texto Search Descripción 9
MP025809;Texto Search Descripción 9
MP02581;Texto Search Descripción 9
MP025810;Texto Search Descripción 2732
MP025811;Texto Search Descripción 2733
MP025812;Texto Search Descripción 2734
MP025813;Texto Search Descripción 2735
MP025814;Texto Search Descripción 9
MP025815;Texto Search Descripción 9
MP025816;Texto Search Descripción 9
MP025817;Texto Search Descripción 2736
MP025818;Texto Search Descripción 9
MP02582;Texto Search Descripción 37
MP02583;Texto Search Descripción 37
MP02584;Texto Search Descripción 37
MP02585;Texto Search Descripción 37
MP02586;Texto Search Descripción 9
MP02587;Texto Search Descripción 9
MP02588;Texto Search Descripción 9
MP02589;Texto Search Descripción 9
MP02590;Texto Search Descripción 9
MP02591;Texto Search Descripción 37
MP02592;Texto Search Descripción 37
MP02593;Texto Search Descripción 9
MP02594;Texto Search Descripción 9
MP02595;Texto Search Descripción 9
MP02596;Texto Search Descripción 9
MP02597;Texto Search Descripción 9
MP02598;Texto Search Descripción 9
MP02599;Texto Search Descripción 9
MP02601;Texto Search Descripción 36
MP02602;Texto Search Descripción 36
MP02603;Texto Search Descripción 36
MP02604;Texto Search Descripción 36
MP02605;Texto Search Descripción 36
MP02606;Texto Search Descripción 36
MP02607;Texto Search Descripción 36
MP02608;Texto Search Descripción 36
MP02609;Texto Search Descripción 36
MP02610;Texto Search Descripción 79
MP026100;Texto Search Descripción 36
MP026101;Texto Search Descripción 36
MP026102;Texto Search Descripción 36
MP026103;Texto Search Descripción 36
MP026104;Texto Search Descripción 36
MP026105;Texto Search Descripción 36
MP026106;Texto Search Descripción 36
MP026107;Texto Search Descripción 36
MP026108;Texto Search Descripción 36
MP026109;Texto Search Descripción 964
MP02611;Texto Search Descripción 2555
MP026110;Texto Search Descripción 964
MP026111K;Texto Search Descripción 36
MP026112K;Texto Search Descripción 36
MP026113K;Texto Search Descripción 36
MP026114K;Texto Search Descripción 36
MP026115K;Texto Search Descripción 36
MP026116K;Texto Search Descripción 36
MP026117;Texto Search Descripción 1523
MP026118;Texto Search Descripción 2737
MP026119;Texto Search Descripción 1523
MP02612;Texto Search Descripción 2738
MP026120;Texto Search Descripción 2739
MP026121K;Texto Search Descripción 36
MP026122K;Texto Search Descripción 36
MP026123K;Texto Search Descripción 36
MP02613;Texto Search Descripción 1524
MP02615;Texto Search Descripción 2740
MP02616;Texto Search Descripción 2741
MP02617;Texto Search Descripción 2742
MP02618;Texto Search Descripción 1524
MP02619;Texto Search Descripción 2743
MP02620;Texto Search Descripción 2744
MP026200;Texto Search Descripción 17
MP026201;Texto Search Descripción 17
MP026202;Texto Search Descripción 17
MP026203;Texto Search Descripción 17
MP026204;Texto Search Descripción 17
MP026205;Texto Search Descripción 17
MP026206;Texto Search Descripción 17
MP026207;Texto Search Descripción 17
MP026208;Texto Search Descripción 17
MP02621;Texto Search Descripción 74
MP026210;Texto Search Descripción 17
MP0262100;Texto Search Descripción 17
MP0262101;Texto Search Descripción 17
MP0262102;Texto Search Descripción 17
MP0262103;Texto Search Descripción 17
MP0262104;Texto Search Descripción 17
MP0262105;Texto Search Descripción 17
MP0262106;Texto Search Descripción 17
MP0262107;Texto Search Descripción 17
MP0262108;Texto Search Descripción 17
MP0262109;Texto Search Descripción 17
MP026211;Texto Search Descripción 17
MP0262110;Texto Search Descripción 17
MP0262111;Texto Search Descripción 17
MP0262112;Texto Search Descripción 17
MP0262113;Texto Search Descripción 17
MP0262114;Texto Search Descripción 17
MP0262115;Texto Search Descripción 17
MP0262116;Texto Search Descripción 17
MP0262117;Texto Search Descripción 17
MP0262118;Texto Search Descripción 17
MP0262119;Texto Search Descripción 17
MP026212;Texto Search Descripción 17
MP0262120;Texto Search Descripción 17
MP0262121;Texto Search Descripción 17
MP0262122;Texto Search Descripción 17
MP0262123;Texto Search Descripción 17
MP0262124;Texto Search Descripción 17
MP0262125;Texto Search Descripción 17
MP0262126;Texto Search Descripción 17
MP0262127;Texto Search Descripción 17
MP0262128;Texto Search Descripción 17
MP0262129;Texto Search Descripción 17
MP026213;Texto Search Descripción 17
MP0262130;Texto Search Descripción 17
MP0262131;Texto Search Descripción 17
MP0262132;Texto Search Descripción 17
MP0262133;Texto Search Descripción 17
MP0262134;Texto Search Descripción 17
MP0262135;Texto Search Descripción 17
MP0262136;Texto Search Descripción 17
MP0262137;Texto Search Descripción 17
MP0262138;Texto Search Descripción 17
MP0262139;Texto Search Descripción 17
MP026214;Texto Search Descripción 17
MP0262140;Texto Search Descripción 17
MP0262141;Texto Search Descripción 17
MP0262142;Texto Search Descripción 17
MP0262143;Texto Search Descripción 17
MP0262144;Texto Search Descripción 17
MP0262145;Texto Search Descripción 17
MP0262146;Texto Search Descripción 17
MP0262147;Texto Search Descripción 17
MP0262148;Texto Search Descripción 17
MP0262149;Texto Search Descripción 17
MP026215;Texto Search Descripción 17
MP0262150;Texto Search Descripción 17
MP0262151;Texto Search Descripción 17
MP0262152;Texto Search Descripción 17
MP0262153;Texto Search Descripción 17
MP0262154;Texto Search Descripción 17
MP0262155;Texto Search Descripción 17
MP0262156;Texto Search Descripción 17
MP0262157;Texto Search Descripción 17
MP0262158;Texto Search Descripción 17
MP0262159;Texto Search Descripción 17
MP026216;Texto Search Descripción 17
MP0262160;Texto Search Descripción 17
MP0262161;Texto Search Descripción 17
MP0262162;Texto Search Descripción 17
MP0262163;Texto Search Descripción 17
MP0262164;Texto Search Descripción 17
MP0262165;Texto Search Descripción 17
MP0262166;Texto Search Descripción 17
MP0262167;Texto Search Descripción 17
MP0262168;Texto Search Descripción 17
MP0262169;Texto Search Descripción 17
MP026217;Texto Search Descripción 17
MP0262170;Texto Search Descripción 17
MP0262171;Texto Search Descripción 17
MP0262172;Texto Search Descripción 17
MP0262173;Texto Search Descripción 17
MP0262174;Texto Search Descripción 17
MP0262175;Texto Search Descripción 17
MP0262176;Texto Search Descripción 17
MP0262177;Texto Search Descripción 17
MP0262178;Texto Search Descripción 17
MP0262179;Texto Search Descripción 17
MP026218;Texto Search Descripción 17
MP0262180;Texto Search Descripción 17
MP0262181;Texto Search Descripción 17
MP0262182;Texto Search Descripción 17
MP0262183;Texto Search Descripción 17
MP0262184;Texto Search Descripción 17
MP0262185;Texto Search Descripción 17
MP0262186;Texto Search Descripción 17
MP0262187;Texto Search Descripción 17
MP0262188;Texto Search Descripción 17
MP0262189;Texto Search Descripción 17
MP026219;Texto Search Descripción 17
MP0262190;Texto Search Descripción 17
MP0262191;Texto Search Descripción 17
MP0262192;Texto Search Descripción 17
MP0262193;Texto Search Descripción 17
MP0262194;Texto Search Descripción 17
MP0262195;Texto Search Descripción 17
MP0262196;Texto Search Descripción 17
MP0262197;Texto Search Descripción 17
MP0262198;Texto Search Descripción 17
MP0262199;Texto Search Descripción 17
MP02622;Texto Search Descripción 74
MP026220;Texto Search Descripción 17
MP0262200;Texto Search Descripción 17
MP0262201;Texto Search Descripción 17
MP0262202;Texto Search Descripción 17
MP0262203;Texto Search Descripción 17
MP0262204;Texto Search Descripción 17
MP0262205;Texto Search Descripción 17
MP0262206;Texto Search Descripción 17
MP0262207;Texto Search Descripción 17
MP0262208;Texto Search Descripción 17
MP0262209;Texto Search Descripción 17
MP026221;Texto Search Descripción 17
MP0262210;Texto Search Descripción 17
MP0262211;Texto Search Descripción 17
MP0262212;Texto Search Descripción 17
MP0262213;Texto Search Descripción 17
MP0262214;Texto Search Descripción 17
MP0262215;Texto Search Descripción 17
MP0262216;Texto Search Descripción 17
MP0262217;Texto Search Descripción 17
MP0262218;Texto Search Descripción 17
MP0262219;Texto Search Descripción 17
MP026222;Texto Search Descripción 17
MP0262220;Texto Search Descripción 17
MP0262221;Texto Search Descripción 17
MP0262222;Texto Search Descripción 17
MP0262223;Texto Search Descripción 17
MP0262224;Texto Search Descripción 17
MP0262225;Texto Search Descripción 17
MP0262226;Texto Search Descripción 17
MP0262227;Texto Search Descripción 17
MP0262228;Texto Search Descripción 17
MP0262229;Texto Search Descripción 17
MP026223;Texto Search Descripción 17
MP0262230;Texto Search Descripción 17
MP0262231;Texto Search Descripción 17
MP0262232;Texto Search Descripción 17
MP0262233;Texto Search Descripción 17
MP0262234;Texto Search Descripción 17
MP0262235;Texto Search Descripción 17
MP0262236;Texto Search Descripción 17
MP0262237;Texto Search Descripción 17
MP0262238;Texto Search Descripción 17
MP0262239;Texto Search Descripción 17
MP026224;Texto Search Descripción 17
MP0262240;Texto Search Descripción 17
MP0262241;Texto Search Descripción 17
MP0262242;Texto Search Descripción 17
MP0262243;Texto Search Descripción 17
MP0262244;Texto Search Descripción 17
MP0262245;Texto Search Descripción 17
MP0262246;Texto Search Descripción 17
MP0262247;Texto Search Descripción 17
MP0262248;Texto Search Descripción 17
MP0262249;Texto Search Descripción 17
MP026225;Texto Search Descripción 17
MP0262250;Texto Search Descripción 17
MP0262251;Texto Search Descripción 17
MP0262252;Texto Search Descripción 17
MP0262253;Texto Search Descripción 17
MP0262254;Texto Search Descripción 17
MP0262255;Texto Search Descripción 17
MP0262256;Texto Search Descripción 17
MP0262257;Texto Search Descripción 17
MP0262258;Texto Search Descripción 17
MP0262259;Texto Search Descripción 17
MP026226;Texto Search Descripción 17
MP0262260;Texto Search Descripción 17
MP0262261;Texto Search Descripción 17
MP0262262;Texto Search Descripción 17
MP0262263;Texto Search Descripción 17
MP0262264;Texto Search Descripción 17
MP0262265;Texto Search Descripción 17
MP0262266;Texto Search Descripción 17
MP0262267;Texto Search Descripción 17
MP0262268;Texto Search Descripción 17
MP0262269;Texto Search Descripción 17
MP026227;Texto Search Descripción 36
MP0262270;Texto Search Descripción 17
MP0262271;Texto Search Descripción 17
MP0262272;Texto Search Descripción 17
MP0262273;Texto Search Descripción 17
MP0262274;Texto Search Descripción 17
MP0262275;Texto Search Descripción 17
MP0262276;Texto Search Descripción 17
MP0262277;Texto Search Descripción 17
MP0262278;Texto Search Descripción 17
MP0262279;Texto Search Descripción 17
MP026228;Texto Search Descripción 36
MP0262280;Texto Search Descripción 17
MP0262281;Texto Search Descripción 17
MP0262282;Texto Search Descripción 17
MP0262283;Texto Search Descripción 17
MP0262284;Texto Search Descripción 17
MP0262285;Texto Search Descripción 17
MP0262286;Texto Search Descripción 17
MP0262287;Texto Search Descripción 17
MP0262288;Texto Search Descripción 17
MP0262289;Texto Search Descripción 17
MP026229;Texto Search Descripción 17
MP0262290;Texto Search Descripción 17
MP0262291;Texto Search Descripción 17
MP0262292;Texto Search Descripción 17
MP0262293;Texto Search Descripción 17
MP0262294;Texto Search Descripción 17
MP0262295;Texto Search Descripción 17
MP0262296;Texto Search Descripción 17
MP0262297;Texto Search Descripción 17
MP0262298;Texto Search Descripción 17
MP0262299;Texto Search Descripción 17
MP02623;Texto Search Descripción 74
MP026230;Texto Search Descripción 65
MP0262300;Texto Search Descripción 17
MP0262301;Texto Search Descripción 17
MP0262302;Texto Search Descripción 17
MP0262303;Texto Search Descripción 17
MP0262304;Texto Search Descripción 17
MP0262305;Texto Search Descripción 17
MP0262306;Texto Search Descripción 17
MP0262307;Texto Search Descripción 17
MP0262308;Texto Search Descripción 17
MP0262309;Texto Search Descripción 17
MP026231;Texto Search Descripción 17
MP0262310;Texto Search Descripción 17
MP0262311;Texto Search Descripción 17
MP0262312;Texto Search Descripción 17
MP0262313;Texto Search Descripción 17
MP0262314;Texto Search Descripción 17
MP0262315;Texto Search Descripción 17
MP0262316;Texto Search Descripción 17
MP0262317;Texto Search Descripción 17
MP0262318;Texto Search Descripción 17
MP0262319;Texto Search Descripción 17
MP026232;Texto Search Descripción 17
MP0262320;Texto Search Descripción 17
MP0262321;Texto Search Descripción 17
MP0262322;Texto Search Descripción 17
MP0262323;Texto Search Descripción 17
MP0262324;Texto Search Descripción 17
MP0262325;Texto Search Descripción 17
MP0262326;Texto Search Descripción 17
MP0262327;Texto Search Descripción 17
MP0262328;Texto Search Descripción 17
MP0262329;Texto Search Descripción 17
MP026233;Texto Search Descripción 17
MP0262330;Texto Search Descripción 17
MP0262331;Texto Search Descripción 17
MP0262332;Texto Search Descripción 17
MP0262333;Texto Search Descripción 17
MP0262334;Texto Search Descripción 17
MP0262335;Texto Search Descripción 17
MP0262336;Texto Search Descripción 17
MP0262337;Texto Search Descripción 17
MP0262338;Texto Search Descripción 17
MP0262339;Texto Search Descripción 17
MP026234;Texto Search Descripción 17
MP0262340;Texto Search Descripción 17
MP0262341;Texto Search Descripción 17
MP0262342;Texto Search Descripción 17
MP0262343;Texto Search Descripción 17
MP0262344;Texto Search Descripción 17
MP0262345;Texto Search Descripción 17
MP0262346;Texto Search Descripción 17
MP0262347;Texto Search Descripción 17
MP0262348;Texto Search Descripción 17
MP0262349;Texto Search Descripción 17
MP026235;Texto Search Descripción 17
MP0262350;Texto Search Descripción 17
MP0262351;Texto Search Descripción 17
MP0262352;Texto Search Descripción 17
MP0262353;Texto Search Descripción 17
MP0262354;Texto Search Descripción 17
MP0262355;Texto Search Descripción 17
MP0262356;Texto Search Descripción 17
MP0262357;Texto Search Descripción 17
MP0262358;Texto Search Descripción 17
MP0262359;Texto Search Descripción 17
MP026236;Texto Search Descripción 17
MP0262360;Texto Search Descripción 17
MP0262361;Texto Search Descripción 17
MP0262362;Texto Search Descripción 17
MP0262363;Texto Search Descripción 17
MP0262364;Texto Search Descripción 17
MP0262365;Texto Search Descripción 17
MP0262366;Texto Search Descripción 17
MP0262367;Texto Search Descripción 17
MP0262368;Texto Search Descripción 17
MP0262369;Texto Search Descripción 17
MP026237;Texto Search Descripción 17
MP0262370;Texto Search Descripción 17
MP0262371;Texto Search Descripción 17
MP0262372;Texto Search Descripción 17
MP0262373;Texto Search Descripción 17
MP0262374;Texto Search Descripción 17
MP0262376;Texto Search Descripción 17
MP0262377;Texto Search Descripción 17
MP0262378;Texto Search Descripción 17
MP0262379;Texto Search Descripción 17
MP026238;Texto Search Descripción 17
MP0262380;Texto Search Descripción 17
MP0262381;Texto Search Descripción 17
MP0262382;Texto Search Descripción 17
MP0262383;Texto Search Descripción 17
MP0262384;Texto Search Descripción 17
MP0262385;Texto Search Descripción 17
MP0262386;Texto Search Descripción 17
MP0262387;Texto Search Descripción 17
MP0262388;Texto Search Descripción 17
MP0262389;Texto Search Descripción 17
MP026239;Texto Search Descripción 17
MP0262390;Texto Search Descripción 17
MP0262391;Texto Search Descripción 17
MP0262392;Texto Search Descripción 17
MP0262393;Texto Search Descripción 17
MP0262394;Texto Search Descripción 17
MP0262395;Texto Search Descripción 17
MP0262396;Texto Search Descripción 17
MP0262397;Texto Search Descripción 17
MP0262398;Texto Search Descripción 17
MP0262399;Texto Search Descripción 17
MP02624;Texto Search Descripción 964
MP026240;Texto Search Descripción 17
MP0262400;Texto Search Descripción 17
MP0262401;Texto Search Descripción 17
MP0262402;Texto Search Descripción 17
MP0262403;Texto Search Descripción 17
MP0262404;Texto Search Descripción 17
MP0262405;Texto Search Descripción 17
MP0262406;Texto Search Descripción 17
MP0262407;Texto Search Descripción 17
MP0262408;Texto Search Descripción 17
MP026241;Texto Search Descripción 17
MP026242;Texto Search Descripción 17
MP026243;Texto Search Descripción 17
MP026244;Texto Search Descripción 17
MP026245;Texto Search Descripción 17
MP026246;Texto Search Descripción 17
MP026247;Texto Search Descripción 17
MP026248;Texto Search Descripción 17
MP026249;Texto Search Descripción 17
MP02625;Texto Search Descripción 2745
MP026250;Texto Search Descripción 17
MP026252;Texto Search Descripción 17
MP026253;Texto Search Descripción 17
MP026254;Texto Search Descripción 17
MP026255;Texto Search Descripción 17
MP026256;Texto Search Descripción 17
MP026257;Texto Search Descripción 17
MP026258;Texto Search Descripción 17
MP026259;Texto Search Descripción 17
MP02626;Texto Search Descripción 2746
MP026260;Texto Search Descripción 17
MP026261;Texto Search Descripción 17
MP026262;Texto Search Descripción 17
MP026263;Texto Search Descripción 17
MP026264;Texto Search Descripción 17
MP026265;Texto Search Descripción 17
MP026266;Texto Search Descripción 17
MP026267;Texto Search Descripción 17
MP026268;Texto Search Descripción 17
MP026269;Texto Search Descripción 17
MP02627;Texto Search Descripción 74
MP026270;Texto Search Descripción 17
MP026271;Texto Search Descripción 17
MP026272;Texto Search Descripción 17
MP026273;Texto Search Descripción 17
MP026274;Texto Search Descripción 17
MP026275;Texto Search Descripción 17
MP026276;Texto Search Descripción 17
MP026277;Texto Search Descripción 17
MP026278;Texto Search Descripción 17
MP026279;Texto Search Descripción 17
MP026280;Texto Search Descripción 17
MP026281;Texto Search Descripción 17
MP026282;Texto Search Descripción 17
MP026283;Texto Search Descripción 17
MP026284;Texto Search Descripción 17
MP026285;Texto Search Descripción 17
MP026286;Texto Search Descripción 17
MP026287;Texto Search Descripción 17
MP026288;Texto Search Descripción 17
MP026289;Texto Search Descripción 17
MP02629;Texto Search Descripción 21
MP026290;Texto Search Descripción 17
MP026291;Texto Search Descripción 17
MP026292;Texto Search Descripción 17
MP026293;Texto Search Descripción 17
MP026294;Texto Search Descripción 17
MP026295;Texto Search Descripción 17
MP026296;Texto Search Descripción 17
MP026297;Texto Search Descripción 17
MP026298;Texto Search Descripción 17
MP026299;Texto Search Descripción 17
MP02630;Texto Search Descripción 65
MP02631;Texto Search Descripción 65
MP02632;Texto Search Descripción 65
MP02633;Texto Search Descripción 65
MP02634;Texto Search Descripción 65
MP02635;Texto Search Descripción 65
MP02636;Texto Search Descripción 65
MP02637;Texto Search Descripción 65
MP02638;Texto Search Descripción 65
MP02639;Texto Search Descripción 65
MP02640;Texto Search Descripción 65
MP02641;Texto Search Descripción 65
MP02642;Texto Search Descripción 65
MP02643;Texto Search Descripción 65
MP02644;Texto Search Descripción 36
MP02645;Texto Search Descripción 36
MP02646;Texto Search Descripción 36
MP02648;Texto Search Descripción 36
MP02649;Texto Search Descripción 36
MP02650;Texto Search Descripción 36
MP02651;Texto Search Descripción 36
MP02652;Texto Search Descripción 36
MP02653;Texto Search Descripción 36
MP02654;Texto Search Descripción 36
MP02655;Texto Search Descripción 36
MP02656;Texto Search Descripción 36
MP02657;Texto Search Descripción 36
MP02658;Texto Search Descripción 36
MP02659;Texto Search Descripción 36
MP02660;Texto Search Descripción 36
MP02661;Texto Search Descripción 36
MP02662;Texto Search Descripción 36
MP02663;Texto Search Descripción 36
MP02664;Texto Search Descripción 36
MP02665;Texto Search Descripción 36
MP02666;Texto Search Descripción 36
MP02667;Texto Search Descripción 36
MP02668;Texto Search Descripción 36
MP02669;Texto Search Descripción 36
MP02670;Texto Search Descripción 36
MP02671;Texto Search Descripción 36
MP02672;Texto Search Descripción 36
MP02673;Texto Search Descripción 36
MP02674;Texto Search Descripción 36
MP02675;Texto Search Descripción 36
MP02676;Texto Search Descripción 36
MP02677;Texto Search Descripción 36
MP02678;Texto Search Descripción 36
MP02679;Texto Search Descripción 36
MP02680;Texto Search Descripción 36
MP02681;Texto Search Descripción 36
MP02682;Texto Search Descripción 36
MP02683;Texto Search Descripción 36
MP02684;Texto Search Descripción 36
MP02685;Texto Search Descripción 36
MP02686;Texto Search Descripción 36
MP02687;Texto Search Descripción 36
MP02688;Texto Search Descripción 36
MP02689;Texto Search Descripción 36
MP02690;Texto Search Descripción 36
MP02691;Texto Search Descripción 36
MP02692;Texto Search Descripción 36
MP02693;Texto Search Descripción 36
MP02694;Texto Search Descripción 36
MP02695;Texto Search Descripción 36
MP02696;Texto Search Descripción 36
MP02697;Texto Search Descripción 36
MP02698;Texto Search Descripción 36
MP02699;Texto Search Descripción 36
MP02700;Texto Search Descripción 1525
MP02701;Texto Search Descripción 2747
MP02702;Texto Search Descripción 2748
MP02703;Texto Search Descripción 2749
MP02704;Texto Search Descripción 1525
MP02800;Texto Search Descripción 123
MP02801;Texto Search Descripción 38
MP02802;Texto Search Descripción 38
MP02803;Texto Search Descripción 38
MP02804;Texto Search Descripción 38
MP02805;Texto Search Descripción 38
MP02806;Texto Search Descripción 38
MP02807;Texto Search Descripción 38
MP02808;Texto Search Descripción 38
MP02809;Texto Search Descripción 38
MP02810;Texto Search Descripción 38
MP028100;Texto Search Descripción 21
MP028101;Texto Search Descripción 21
MP028102;Texto Search Descripción 21
MP028103;Texto Search Descripción 2750
MP028105;Texto Search Descripción 21
MP028106;Texto Search Descripción 21
MP028107;Texto Search Descripción 21
MP028108;Texto Search Descripción 60
MP028109;Texto Search Descripción 60
MP02811;Texto Search Descripción 38
MP028110;Texto Search Descripción 21
MP028111;Texto Search Descripción 21
MP028113;Texto Search Descripción 60
MP028114;Texto Search Descripción 60
MP028115;Texto Search Descripción 60
MP028116;Texto Search Descripción 21
MP028117;Texto Search Descripción 21
MP028118;Texto Search Descripción 21
MP028119;Texto Search Descripción 21
MP02812;Texto Search Descripción 38
MP028120;Texto Search Descripción 21
MP028121;Texto Search Descripción 21
MP028122;Texto Search Descripción 21
MP028123;Texto Search Descripción 21
MP028124;Texto Search Descripción 21
MP028125;Texto Search Descripción 21
MP028126;Texto Search Descripción 21
MP028127;Texto Search Descripción 21
MP028128;Texto Search Descripción 21
MP028129;Texto Search Descripción 21
MP02813;Texto Search Descripción 49
MP028130;Texto Search Descripción 1526
MP028131;Texto Search Descripción 123
MP028132;Texto Search Descripción 1527
MP028133;Texto Search Descripción 123
MP028134;Texto Search Descripción 1528
MP028135;Texto Search Descripción 21
MP028136;Texto Search Descripción 21
MP028137;Texto Search Descripción 1527
MP028138;Texto Search Descripción 123
MP028139;Texto Search Descripción 2751
MP02814;Texto Search Descripción 38
MP028140;Texto Search Descripción 2752
MP028141;Texto Search Descripción 1526
MP028142;Texto Search Descripción 21
MP028143;Texto Search Descripción 21
MP028144;Texto Search Descripción 21
MP028145;Texto Search Descripción 21
MP028146;Texto Search Descripción 21
MP028148;Texto Search Descripción 21
MP028149;Texto Search Descripción 21
MP02815;Texto Search Descripción 123
MP028150;Texto Search Descripción 21
MP028151;Texto Search Descripción 21
MP028152;Texto Search Descripción 21
MP028153;Texto Search Descripción 21
MP028154;Texto Search Descripción 21
MP028155;Texto Search Descripción 21
MP028156;Texto Search Descripción 21
MP028157;Texto Search Descripción 60
MP028158;Texto Search Descripción 21
MP028159;Texto Search Descripción 21
MP02816;Texto Search Descripción 49
MP028160;Texto Search Descripción 60
MP028161;Texto Search Descripción 21
MP028162;Texto Search Descripción 21
MP028163;Texto Search Descripción 21
MP028164;Texto Search Descripción 21
MP028165;Texto Search Descripción 21
MP028166;Texto Search Descripción 21
MP028167;Texto Search Descripción 21
MP028168;Texto Search Descripción 21
MP028169;Texto Search Descripción 21
MP02817;Texto Search Descripción 49
MP028170;Texto Search Descripción 1528
MP028171;Texto Search Descripción 21
MP028172;Texto Search Descripción 38
MP028173;Texto Search Descripción 2184
MP028174;Texto Search Descripción 21
MP028175;Texto Search Descripción 21
MP028176;Texto Search Descripción 21
MP028177;Texto Search Descripción 21
MP028178;Texto Search Descripción 21
MP028179;Texto Search Descripción 21
MP02818;Texto Search Descripción 38
MP028180;Texto Search Descripción 21
MP028181;Texto Search Descripción 21
MP028182;Texto Search Descripción 21
MP028183;Texto Search Descripción 21
MP028184;Texto Search Descripción 21
MP028185;Texto Search Descripción 2753
MP028187;Texto Search Descripción 21
MP028188;Texto Search Descripción 21
MP028189;Texto Search Descripción 21
MP02819;Texto Search Descripción 49
MP028190;Texto Search Descripción 21
MP028191;Texto Search Descripción 21
MP028192;Texto Search Descripción 21
MP028193;Texto Search Descripción 21
MP028194;Texto Search Descripción 21
MP028195;Texto Search Descripción 21
MP028196;Texto Search Descripción 21
MP028197;Texto Search Descripción 21
MP028198;Texto Search Descripción 21
MP028199;Texto Search Descripción 21
MP02820;Texto Search Descripción 38
MP028200;Texto Search Descripción 21
MP028201;Texto Search Descripción 21
MP028202;Texto Search Descripción 21
MP028203;Texto Search Descripción 21
MP028204;Texto Search Descripción 21
MP028205;Texto Search Descripción 21
MP028206;Texto Search Descripción 21
MP028207;Texto Search Descripción 21
MP028208;Texto Search Descripción 21
MP028209;Texto Search Descripción 21
MP02821;Texto Search Descripción 38
MP028211;Texto Search Descripción 21
MP028212;Texto Search Descripción 21
MP028213;Texto Search Descripción 21
MP028214;Texto Search Descripción 21
MP028215;Texto Search Descripción 21
MP028216;Texto Search Descripción 21
MP028217;Texto Search Descripción 21
MP028218;Texto Search Descripción 21
MP028219;Texto Search Descripción 21
MP02822;Texto Search Descripción 38
MP028220;Texto Search Descripción 21
MP028221;Texto Search Descripción 21
MP028222;Texto Search Descripción 21
MP028223;Texto Search Descripción 21
MP028224;Texto Search Descripción 21
MP028225;Texto Search Descripción 21
MP028226;Texto Search Descripción 12
MP028227;Texto Search Descripción 12
MP028228;Texto Search Descripción 12
MP028229;Texto Search Descripción 12
MP02823;Texto Search Descripción 2754
MP028230K;Texto Search Descripción 21
MP028231K;Texto Search Descripción 21
MP028232K;Texto Search Descripción 21
MP028233K;Texto Search Descripción 21
MP028234K;Texto Search Descripción 21
MP028235K;Texto Search Descripción 21
MP028236K;Texto Search Descripción 21
MP028237K;Texto Search Descripción 21
MP028238K;Texto Search Descripción 21
MP028239K;Texto Search Descripción 21
MP02824;Texto Search Descripción 2755
MP028240K;Texto Search Descripción 21
MP028241K;Texto Search Descripción 21
MP028242K;Texto Search Descripción 21
MP028243K;Texto Search Descripción 21
MP028244K;Texto Search Descripción 21
MP028245K;Texto Search Descripción 21
MP028246K;Texto Search Descripción 21
MP028247K;Texto Search Descripción 21
MP028248K;Texto Search Descripción 21
MP028249K;Texto Search Descripción 21
MP02825;Texto Search Descripción 2756
MP028250K;Texto Search Descripción 21
MP028251K;Texto Search Descripción 21
MP028252K;Texto Search Descripción 21
MP028253K;Texto Search Descripción 21
MP028254K;Texto Search Descripción 21
MP028255K;Texto Search Descripción 21
MP028256K;Texto Search Descripción 21
MP028257;Texto Search Descripción 2757
MP028258K;Texto Search Descripción 21
MP028259K;Texto Search Descripción 21
MP02826;Texto Search Descripción 2758
MP028260;Texto Search Descripción 2759
MP028261;Texto Search Descripción 2760
MP028262;Texto Search Descripción 2761
MP028263K;Texto Search Descripción 21
MP028264K;Texto Search Descripción 21
MP028265K;Texto Search Descripción 21
MP028266K;Texto Search Descripción 21
MP028267K;Texto Search Descripción 21
MP028268K;Texto Search Descripción 21
MP028269K;Texto Search Descripción 21
MP02827;Texto Search Descripción 2762
MP028270K;Texto Search Descripción 21
MP028271K;Texto Search Descripción 21
MP028272K;Texto Search Descripción 21
MP02828;Texto Search Descripción 2763
MP02829;Texto Search Descripción 2764
MP02830;Texto Search Descripción 2765
MP02831;Texto Search Descripción 2766
MP02832;Texto Search Descripción 2767
MP02833;Texto Search Descripción 2768
MP02834;Texto Search Descripción 2769
MP02835;Texto Search Descripción 2770
MP02836;Texto Search Descripción 2771
MP02837;Texto Search Descripción 2772
MP02838;Texto Search Descripción 2773
MP02839;Texto Search Descripción 2774
MP02840;Texto Search Descripción 2775
MP02841;Texto Search Descripción 2776
MP02842;Texto Search Descripción 2777
MP02843;Texto Search Descripción 2778
MP02844;Texto Search Descripción 2779
MP02845;Texto Search Descripción 2780
MP02846;Texto Search Descripción 2781
MP02847;Texto Search Descripción 2782
MP02848;Texto Search Descripción 2783
MP02849;Texto Search Descripción 2784
MP02850;Texto Search Descripción 2785
MP028500;Texto Search Descripción 471
MP028501;Texto Search Descripción 471
MP028502;Texto Search Descripción 471
MP028503;Texto Search Descripción 471
MP028504;Texto Search Descripción 471
MP028505;Texto Search Descripción 471
MP028506;Texto Search Descripción 471
MP02851;Texto Search Descripción 2786
MP02852;Texto Search Descripción 2787
MP02853;Texto Search Descripción 2788
MP02854;Texto Search Descripción 2789
MP02855;Texto Search Descripción 2790
MP02856;Texto Search Descripción 2791
MP02857;Texto Search Descripción 2792
MP02858;Texto Search Descripción 2793
MP02859;Texto Search Descripción 2794
MP02860;Texto Search Descripción 2795
MP02861;Texto Search Descripción 2796
MP02862;Texto Search Descripción 2797
MP02863;Texto Search Descripción 2798
MP02864;Texto Search Descripción 2799
MP02866;Texto Search Descripción 2800
MP02867;Texto Search Descripción 2801
MP02868;Texto Search Descripción 2802
MP02869;Texto Search Descripción 2803
MP02870;Texto Search Descripción 2804
MP02871;Texto Search Descripción 38
MP02872;Texto Search Descripción 49
MP02873;Texto Search Descripción 49
MP02874;Texto Search Descripción 2805
MP02875;Texto Search Descripción 2806
MP02877;Texto Search Descripción 49
MP02878;Texto Search Descripción 2807
MP02879;Texto Search Descripción 2808
MP02880;Texto Search Descripción 2809
MP02881;Texto Search Descripción 21
MP02882;Texto Search Descripción 21
MP02883;Texto Search Descripción 21
MP02884;Texto Search Descripción 21
MP02885;Texto Search Descripción 21
MP02886;Texto Search Descripción 2810
MP02887;Texto Search Descripción 21
MP02888;Texto Search Descripción 21
MP02889;Texto Search Descripción 21
MP02890;Texto Search Descripción 21
MP02891;Texto Search Descripción 38
MP02892;Texto Search Descripción 21
MP02893;Texto Search Descripción 21
MP02894;Texto Search Descripción 21
MP02895;Texto Search Descripción 1542
MP02896;Texto Search Descripción 1542
MP02897;Texto Search Descripción 21
MP029006;Texto Search Descripción 21
MP029007;Texto Search Descripción 2185
MP029008;Texto Search Descripción 21
MP029009;Texto Search Descripción 21
MP02901;Texto Search Descripción 38
MP029010;Texto Search Descripción 21
MP029011;Texto Search Descripción 21
MP029012;Texto Search Descripción 21
MP029013;Texto Search Descripción 21
MP029014;Texto Search Descripción 21
MP02902;Texto Search Descripción 38
MP02903;Texto Search Descripción 49
MP02904;Texto Search Descripción 49
MP02905;Texto Search Descripción 962
MP02906;Texto Search Descripción 962
MP02907;Texto Search Descripción 962
MP02908;Texto Search Descripción 38
MP02909;Texto Search Descripción 2811
MP02910;Texto Search Descripción 79
MP029100;Texto Search Descripción 21
MP029101;Texto Search Descripción 21
MP029102;Texto Search Descripción 60
MP029103;Texto Search Descripción 21
MP029104;Texto Search Descripción 21
MP029105;Texto Search Descripción 60
MP029106;Texto Search Descripción 60
MP029107;Texto Search Descripción 60
MP029108;Texto Search Descripción 21
MP029109;Texto Search Descripción 60
MP02911;Texto Search Descripción 2812
MP029110;Texto Search Descripción 21
MP029111;Texto Search Descripción 21
MP029112;Texto Search Descripción 60
MP029113;Texto Search Descripción 60
MP029114;Texto Search Descripción 60
MP029115;Texto Search Descripción 60
MP029116;Texto Search Descripción 60
MP029117;Texto Search Descripción 60
MP029118;Texto Search Descripción 21
MP029119;Texto Search Descripción 21
MP02912;Texto Search Descripción 38
MP029120;Texto Search Descripción 21
MP029121;Texto Search Descripción 21
MP029123;Texto Search Descripción 21
MP029124;Texto Search Descripción 21
MP029125;Texto Search Descripción 21
MP029126;Texto Search Descripción 21
MP029127;Texto Search Descripción 21
MP029128;Texto Search Descripción 21
MP029129;Texto Search Descripción 21
MP02913;Texto Search Descripción 2813
MP029130;Texto Search Descripción 21
MP029131;Texto Search Descripción 21
MP029132;Texto Search Descripción 21
MP029133;Texto Search Descripción 21
MP029134;Texto Search Descripción 21
MP029135;Texto Search Descripción 21
MP029137;Texto Search Descripción 21
MP029138;Texto Search Descripción 21
MP029139;Texto Search Descripción 21
MP02914;Texto Search Descripción 38
MP029140;Texto Search Descripción 585
MP029141;Texto Search Descripción 21
MP029142;Texto Search Descripción 21
MP029143;Texto Search Descripción 21
MP029144;Texto Search Descripción 21
MP029145;Texto Search Descripción 21
MP029146;Texto Search Descripción 21
MP029147;Texto Search Descripción 21
MP029148;Texto Search Descripción 21
MP029149;Texto Search Descripción 21
MP02915;Texto Search Descripción 49
MP029150;Texto Search Descripción 21
MP029151;Texto Search Descripción 21
MP029152;Texto Search Descripción 21
MP029153;Texto Search Descripción 21
MP029154;Texto Search Descripción 21
MP029155;Texto Search Descripción 21
MP029156;Texto Search Descripción 2814
MP029157;Texto Search Descripción 21
MP029158;Texto Search Descripción 21
MP029159;Texto Search Descripción 21
MP02916;Texto Search Descripción 49
MP029160;Texto Search Descripción 21
MP029161;Texto Search Descripción 21
MP029162;Texto Search Descripción 21
MP029163;Texto Search Descripción 21
MP029164;Texto Search Descripción 21
MP029165;Texto Search Descripción 21
MP029166;Texto Search Descripción 21
MP029167;Texto Search Descripción 21
MP029168;Texto Search Descripción 21
MP029169;Texto Search Descripción 21
MP02917;Texto Search Descripción 49
MP029170;Texto Search Descripción 21
MP029171;Texto Search Descripción 585
MP029172;Texto Search Descripción 21
MP029173;Texto Search Descripción 21
MP029174;Texto Search Descripción 21
MP029175;Texto Search Descripción 21
MP029176;Texto Search Descripción 21
MP029177;Texto Search Descripción 21
MP029178;Texto Search Descripción 244
MP029179;Texto Search Descripción 21
MP02918;Texto Search Descripción 49
MP029180;Texto Search Descripción 21
MP029181;Texto Search Descripción 21
MP029182;Texto Search Descripción 21
MP029183;Texto Search Descripción 244
MP029184;Texto Search Descripción 244
MP029185;Texto Search Descripción 244
MP029186;Texto Search Descripción 244
MP029187;Texto Search Descripción 21
MP029188;Texto Search Descripción 21
MP029189K;Texto Search Descripción 21
MP02919;Texto Search Descripción 49
MP029190K;Texto Search Descripción 21
MP029191K;Texto Search Descripción 21
MP029192K;Texto Search Descripción 21
MP029193;Texto Search Descripción 21
MP029194;Texto Search Descripción 244
MP029195;Texto Search Descripción 244
MP029196;Texto Search Descripción 244
MP029197K;Texto Search Descripción 21
MP029198K;Texto Search Descripción 21
MP029199K;Texto Search Descripción 21
MP02920;Texto Search Descripción 49
MP029200;Texto Search Descripción 49
MP029201;Texto Search Descripción 49
MP029202K;Texto Search Descripción 21
MP02921;Texto Search Descripción 38
MP02922;Texto Search Descripción 38
MP02923;Texto Search Descripción 38
MP02924;Texto Search Descripción 79
MP02925;Texto Search Descripción 38
MP02926;Texto Search Descripción 38
MP02927;Texto Search Descripción 38
MP02928;Texto Search Descripción 38
MP02929;Texto Search Descripción 38
MP02930;Texto Search Descripción 38
MP02931;Texto Search Descripción 38
MP02932;Texto Search Descripción 38
MP02933;Texto Search Descripción 38
MP02934;Texto Search Descripción 38
MP02935;Texto Search Descripción 38
MP02936;Texto Search Descripción 38
MP02937;Texto Search Descripción 49
MP02938;Texto Search Descripción 38
MP02939;Texto Search Descripción 49
MP02940;Texto Search Descripción 49
MP02941;Texto Search Descripción 49
MP02942;Texto Search Descripción 49
MP02943;Texto Search Descripción 1529
MP02944;Texto Search Descripción 49
MP02945;Texto Search Descripción 123
MP02946;Texto Search Descripción 123
MP02947;Texto Search Descripción 79
MP02948;Texto Search Descripción 49
MP02949;Texto Search Descripción 38
MP02950;Texto Search Descripción 79
MP02951;Texto Search Descripción 49
MP02952;Texto Search Descripción 38
MP02953;Texto Search Descripción 49
MP02955;Texto Search Descripción 49
MP02956;Texto Search Descripción 38
MP02957;Texto Search Descripción 38
MP02958;Texto Search Descripción 49
MP02959;Texto Search Descripción 38
MP02960;Texto Search Descripción 79
MP02961;Texto Search Descripción 79
MP02962;Texto Search Descripción 49
MP02963;Texto Search Descripción 38
MP02964;Texto Search Descripción 38
MP02965;Texto Search Descripción 49
MP02966;Texto Search Descripción 38
MP02967;Texto Search Descripción 38
MP02968;Texto Search Descripción 38
MP02969;Texto Search Descripción 38
MP02970;Texto Search Descripción 38
MP02971;Texto Search Descripción 38
MP02972;Texto Search Descripción 38
MP02973;Texto Search Descripción 38
MP02974;Texto Search Descripción 38
MP02975;Texto Search Descripción 20
MP02976;Texto Search Descripción 585
MP02977;Texto Search Descripción 585
MP02978;Texto Search Descripción 49
MP02979;Texto Search Descripción 49
MP02980;Texto Search Descripción 49
MP02981;Texto Search Descripción 38
MP02982;Texto Search Descripción 38
MP02983;Texto Search Descripción 38
MP02984;Texto Search Descripción 38
MP02985;Texto Search Descripción 585
MP02986;Texto Search Descripción 585
MP02987;Texto Search Descripción 38
MP02988;Texto Search Descripción 38
MP02989;Texto Search Descripción 38
MP02990;Texto Search Descripción 38
MP02991;Texto Search Descripción 38
MP02992;Texto Search Descripción 38
MP02993;Texto Search Descripción 38
MP02995;Texto Search Descripción 38
MP02996;Texto Search Descripción 38
MP02997;Texto Search Descripción 38
MP02998;Texto Search Descripción 79
MP02999;Texto Search Descripción 79
MP03101;Texto Search Descripción 2815
MP03103;Texto Search Descripción 2816
MP03105;Texto Search Descripción 2817
MP03106;Texto Search Descripción 2818
MP031100;Texto Search Descripción 2819
MP031101;Texto Search Descripción 2820
MP031102;Texto Search Descripción 2566
MP031103;Texto Search Descripción 2567
MP031104;Texto Search Descripción 1514
MP031105;Texto Search Descripción 1514
MP031106;Texto Search Descripción 2821
MP031107;Texto Search Descripción 2822
MP031108;Texto Search Descripción 2823
MP031109;Texto Search Descripción 2824
MP03111;Texto Search Descripción 2825
MP031110;Texto Search Descripción 2826
MP031111;Texto Search Descripción 2827
MP031112;Texto Search Descripción 2828
MP031113;Texto Search Descripción 2829
MP031114;Texto Search Descripción 2830
MP031115;Texto Search Descripción 2831
MP031116;Texto Search Descripción 2832
MP031117;Texto Search Descripción 2833
MP031118;Texto Search Descripción 2834
MP031119;Texto Search Descripción 2835
MP03112;Texto Search Descripción 2836
MP031120;Texto Search Descripción 2837
MP031121;Texto Search Descripción 2838
MP031122;Texto Search Descripción 2839
MP031123;Texto Search Descripción 2840
MP031124;Texto Search Descripción 2841
MP031125;Texto Search Descripción 2842
MP031126;Texto Search Descripción 2843
MP031127;Texto Search Descripción 2844
MP031128;Texto Search Descripción 2845
MP031129;Texto Search Descripción 2846
MP03113;Texto Search Descripción 2847
MP03114;Texto Search Descripción 2848
MP03115;Texto Search Descripción 2849
MP03116;Texto Search Descripción 2850
MP03117;Texto Search Descripción 2851
MP03118;Texto Search Descripción 2852
MP03119;Texto Search Descripción 2853
MP03120;Texto Search Descripción 2854
MP03121;Texto Search Descripción 2855
MP03122;Texto Search Descripción 2856
MP03123;Texto Search Descripción 2857
MP03124;Texto Search Descripción 2858
MP03125;Texto Search Descripción 2859
MP03126;Texto Search Descripción 2860
MP03127;Texto Search Descripción 2861
MP03128;Texto Search Descripción 2862
MP03130;Texto Search Descripción 2863
MP03131;Texto Search Descripción 2864
MP03132;Texto Search Descripción 2865
MP03133;Texto Search Descripción 2866
MP03134;Texto Search Descripción 2867
MP03135;Texto Search Descripción 2868
MP03136;Texto Search Descripción 2869
MP03137;Texto Search Descripción 2870
MP03138;Texto Search Descripción 2871
MP03139;Texto Search Descripción 2872
MP03140;Texto Search Descripción 2873
MP03141;Texto Search Descripción 2874
MP03142;Texto Search Descripción 2875
MP03143;Texto Search Descripción 2876
MP03144;Texto Search Descripción 2877
MP03145;Texto Search Descripción 2878
MP03146;Texto Search Descripción 2879
MP03147;Texto Search Descripción 2880
MP03148;Texto Search Descripción 2881
MP03149;Texto Search Descripción 2882
MP03150;Texto Search Descripción 2883
MP03151;Texto Search Descripción 2884
MP03152;Texto Search Descripción 2885
MP03153;Texto Search Descripción 2886
MP03154;Texto Search Descripción 2887
MP03155;Texto Search Descripción 2888
MP03156;Texto Search Descripción 2889
MP03157;Texto Search Descripción 2890
MP03158;Texto Search Descripción 2891
MP03159;Texto Search Descripción 2892
MP03160;Texto Search Descripción 2893
MP03161;Texto Search Descripción 2894
MP03162;Texto Search Descripción 2895
MP03170;Texto Search Descripción 2896
MP03171;Texto Search Descripción 2897
MP03172;Texto Search Descripción 2898
MP03173;Texto Search Descripción 2899
MP03174;Texto Search Descripción 2900
MP03175;Texto Search Descripción 2901
MP03176;Texto Search Descripción 2902
MP03177;Texto Search Descripción 2903
MP03178;Texto Search Descripción 2904
MP03179;Texto Search Descripción 2905
MP03180;Texto Search Descripción 2568
MP03181;Texto Search Descripción 2906
MP03182;Texto Search Descripción 2569
MP03183;Texto Search Descripción 2570
MP03184;Texto Search Descripción 2571
MP03185;Texto Search Descripción 2572
MP03186;Texto Search Descripción 2573
MP03187;Texto Search Descripción 2574
MP03188;Texto Search Descripción 2907
MP03189;Texto Search Descripción 2908
MP03190;Texto Search Descripción 2909
MP03191;Texto Search Descripción 2910
MP03192;Texto Search Descripción 2911
MP03193;Texto Search Descripción 2912
MP03194;Texto Search Descripción 2913
MP03195;Texto Search Descripción 2914
MP03196;Texto Search Descripción 2915
MP03197;Texto Search Descripción 2916
MP03198;Texto Search Descripción 2917
MP03199;Texto Search Descripción 2918
MP03301;Texto Search Descripción 2919
MP03302;Texto Search Descripción 2920
MP03303;Texto Search Descripción 2921
MP03304;Texto Search Descripción 2922
MP03305;Texto Search Descripción 2923
MP03306;Texto Search Descripción 2924
MP03307;Texto Search Descripción 2925
MP03308;Texto Search Descripción 2926
MP03309;Texto Search Descripción 2927
MP03310;Texto Search Descripción 2928
MP03311;Texto Search Descripción 2929
MP03312;Texto Search Descripción 2930
MP03313;Texto Search Descripción 2931
MP03314;Texto Search Descripción 2932
MP03315;Texto Search Descripción 2933
MP03316;Texto Search Descripción 2934
MP03317;Texto Search Descripción 2935
MP03318;Texto Search Descripción 2936
MP03319;Texto Search Descripción 2937
MP03321;Texto Search Descripción 2939
MP03322;Texto Search Descripción 2940
MP03323;Texto Search Descripción 2941
MP03324;Texto Search Descripción 2942
MP03325;Texto Search Descripción 2943
MP03326;Texto Search Descripción 2593
MP03327;Texto Search Descripción 2944
MP03328;Texto Search Descripción 2945
MP03329;Texto Search Descripción 2946
MP03330;Texto Search Descripción 2947
MP03331;Texto Search Descripción 2594
MP03332;Texto Search Descripción 2595
MP03333;Texto Search Descripción 2948
MP03335;Texto Search Descripción 2949
MP03336;Texto Search Descripción 2950
MP03337;Texto Search Descripción 2951
MP03339;Texto Search Descripción 2952
MP03340;Texto Search Descripción 2953
MP03341;Texto Search Descripción 2954
MP03342;Texto Search Descripción 2955
MP03343;Texto Search Descripción 2956
MP03344;Texto Search Descripción 2957
MP03345;Texto Search Descripción 2958
MP03346;Texto Search Descripción 2959
MP03347;Texto Search Descripción 2960
MP03348;Texto Search Descripción 2961
MP03349;Texto Search Descripción 2962
MP03350;Texto Search Descripción 2963
MP03351;Texto Search Descripción 2964
MP03352;Texto Search Descripción 2965
MP03353;Texto Search Descripción 2966
MP03354;Texto Search Descripción 2967
MP03355;Texto Search Descripción 2968
MP03356;Texto Search Descripción 2969
MP03357;Texto Search Descripción 2970
MP03358;Texto Search Descripción 2971
MP03359;Texto Search Descripción 2972
MP03501;Texto Search Descripción 2973
MP03501Z;Texto Search Descripción 2974
MP03502;Texto Search Descripción 2975
MP03502Z;Texto Search Descripción 2976
MP03503;Texto Search Descripción 2977
MP03504;Texto Search Descripción 2978
MP03505;Texto Search Descripción 2979
MP03506;Texto Search Descripción 2980
MP03507;Texto Search Descripción 872
MP03508;Texto Search Descripción 2981
MP03509;Texto Search Descripción 872
MP03510;Texto Search Descripción 2982
MP03511;Texto Search Descripción 2983
MP03512;Texto Search Descripción 2984
MP03513;Texto Search Descripción 2985
MP03514;Texto Search Descripción 2986
MP03515;Texto Search Descripción 2580
MP03516;Texto Search Descripción 2987
MP03518;Texto Search Descripción 2988
MP03550;Texto Search Descripción 2989
MP03551;Texto Search Descripción 872
MP03552;Texto Search Descripción 1543
MP03553;Texto Search Descripción 1543
MP03554;Texto Search Descripción 2990
MP03555;Texto Search Descripción 2991
MP03556;Texto Search Descripción 2992
MP03557;Texto Search Descripción 872
MP03558;Texto Search Descripción 2993
MP03558R;Texto Search Descripción 2994
MP03559R;Texto Search Descripción 2995
MP03560R;Texto Search Descripción 2996
MP04201;Texto Search Descripción 2997
MP04202;Texto Search Descripción 2998
MP04203;Texto Search Descripción 2999
MP04204;Texto Search Descripción 3000
MP04205;Texto Search Descripción 3001
MP04206;Texto Search Descripción 3002
MP04207;Texto Search Descripción 3003
MP04209;Texto Search Descripción 3004
MP04210;Texto Search Descripción 3005
MP04211;Texto Search Descripción 3006
MP04212;Texto Search Descripción 3007
MP04213;Texto Search Descripción 3008
MP04214;Texto Search Descripción 3009
MP04215;Texto Search Descripción 3010
MP04216;Texto Search Descripción 3011
MP04217;Texto Search Descripción 3012
MP04218;Texto Search Descripción 3013
MP04219;Texto Search Descripción 3014
MP04220;Texto Search Descripción 3015
MP04221;Texto Search Descripción 3016
MP04222;Texto Search Descripción 3017
MP04223;Texto Search Descripción 3018
MP04224;Texto Search Descripción 3019
MP04225;Texto Search Descripción 3020
MP04226;Texto Search Descripción 3021
MP04227;Texto Search Descripción 3022
MP04228;Texto Search Descripción 3023
MP04229;Texto Search Descripción 1517
MP04230;Texto Search Descripción 3024
MP04231;Texto Search Descripción 3025
MP04232;Texto Search Descripción 3026
MP04233;Texto Search Descripción 3027
MP04234;Texto Search Descripción 3028
MP04235;Texto Search Descripción 3029
MP04236;Texto Search Descripción 3030
MP04237;Texto Search Descripción 3031
MP04238;Texto Search Descripción 3032
MP04239;Texto Search Descripción 3033
MP04240;Texto Search Descripción 3034
MP04241;Texto Search Descripción 3035
MP04242;Texto Search Descripción 2587
MP04243;Texto Search Descripción 3036
MP04244;Texto Search Descripción 3037
MP04245;Texto Search Descripción 3038
MP04246;Texto Search Descripción 2588
MP04247;Texto Search Descripción 3039
MP04248;Texto Search Descripción 3040
MP04249;Texto Search Descripción 3041
MP04251;Texto Search Descripción 3042
MP04301;Texto Search Descripción 3044
MP04302;Texto Search Descripción 3045
MP04303;Texto Search Descripción 3046
MP04993;Texto Search Descripción 3047
MP04994;Texto Search Descripción 3048
MP04995;Texto Search Descripción 3049
MP04996;Texto Search Descripción 3050
MP04997;Texto Search Descripción 3051
MP04998;Texto Search Descripción 3052
MP04999;Texto Search Descripción 3053
MP05000;Texto Search Descripción 3054
MP05001;Texto Search Descripción 3055
MP06001;Texto Search Descripción 3056
MP06002;Texto Search Descripción 3057
MP06003;Texto Search Descripción 3058
MP06004;Texto Search Descripción 3059
MP06005;Texto Search Descripción 3060
MP06008;Texto Search Descripción 3061
MP06011;Texto Search Descripción 3062
MP06012;Texto Search Descripción 3063
MP06013;Texto Search Descripción 3064
MP06014;Texto Search Descripción 3065
MP06150;Texto Search Descripción 3066
MP06151;Texto Search Descripción 3067
MP06152;Texto Search Descripción 3068
MP06153;Texto Search Descripción 3069
MP06154;Texto Search Descripción 3070
MP06155;Texto Search Descripción 3071
MP06156;Texto Search Descripción 3072
MP06157;Texto Search Descripción 3073
MP06158;Texto Search Descripción 3074
MP06159;Texto Search Descripción 3075
MP06160;Texto Search Descripción 3076
MP06161;Texto Search Descripción 3077
MP06162;Texto Search Descripción 3078
MP06163;Texto Search Descripción 3079
MP06164;Texto Search Descripción 3080
MP06165;Texto Search Descripción 3081
MP06166;Texto Search Descripción 3082
MP06167;Texto Search Descripción 3083
MP06168;Texto Search Descripción 3084
MP06169;Texto Search Descripción 3085
MP06170;Texto Search Descripción 3086
MP06172;Texto Search Descripción 3087
MP06173;Texto Search Descripción 3088
MP06174;Texto Search Descripción 3089
MP06175;Texto Search Descripción 3090
MP06176;Texto Search Descripción 3091
MP06177;Texto Search Descripción 3092
MP06178;Texto Search Descripción 3093
MP06179;Texto Search Descripción 3094
MP06180;Texto Search Descripción 3095
MP06181;Texto Search Descripción 3096
MP06182;Texto Search Descripción 3097
MP06183;Texto Search Descripción 3098
MP06184;Texto Search Descripción 3099
MP06185;Texto Search Descripción 3100
MP06186;Texto Search Descripción 3101
MP06187;Texto Search Descripción 3102
MP06188;Texto Search Descripción 3103
MP06189;Texto Search Descripción 3104
MP06190;Texto Search Descripción 3105
MP06191;Texto Search Descripción 3106
MP06192;Texto Search Descripción 3107
MP06193;Texto Search Descripción 3108
MP06194;Texto Search Descripción 3109
MP06195;Texto Search Descripción 3110
MP06196;Texto Search Descripción 3111
MP06197;Texto Search Descripción 3112
MP06198;Texto Search Descripción 3113
MP06199;Texto Search Descripción 3114
MP06200;Texto Search Descripción 2558
MP06201;Texto Search Descripción 3115
MP06202;Texto Search Descripción 3116
MP06203;Texto Search Descripción 3117
MP06204;Texto Search Descripción 3118
MP06205;Texto Search Descripción 3119
MP06206;Texto Search Descripción 3120
MP06207;Texto Search Descripción 3121
MP06208;Texto Search Descripción 3122
MP06209;Texto Search Descripción 3123
MP06210;Texto Search Descripción 3124
MP06211;Texto Search Descripción 3125
MP06212;Texto Search Descripción 3126
MP06213;Texto Search Descripción 74
MP06214;Texto Search Descripción 3127
MP06215;Texto Search Descripción 3128
MP06216;Texto Search Descripción 3129
MP06217;Texto Search Descripción 3130
MP06218;Texto Search Descripción 3131
MP06219;Texto Search Descripción 74
MP06220;Texto Search Descripción 74
MP06221;Texto Search Descripción 3132
MP06222;Texto Search Descripción 74
MP06223;Texto Search Descripción 74
MP06224;Texto Search Descripción 74
MP06225;Texto Search Descripción 74
MP06226;Texto Search Descripción 74
MP06227;N/A
MP06228;N/A
MP07001;Texto Search Descripción 26
MP07002;Texto Search Descripción 26
MP07003;Texto Search Descripción 26
MP07004;Texto Search Descripción 26
MP07005;Texto Search Descripción 26
MP07006;Texto Search Descripción 26
MP07007;Texto Search Descripción 26
MP07008;Texto Search Descripción 26
MP07009;Texto Search Descripción 26
MP07010;Texto Search Descripción 26
MP07011;Texto Search Descripción 26
MP07012;Texto Search Descripción 26
MP07013;Texto Search Descripción 26
MP07014;Texto Search Descripción 26
MP07015;Texto Search Descripción 26
MP07016;Texto Search Descripción 26
MP07017;Texto Search Descripción 26
MP07018;Texto Search Descripción 26
MP07019;Texto Search Descripción 26
MP07020;Texto Search Descripción 26
MP07021;Texto Search Descripción 26
MP07022;Texto Search Descripción 26
MP07023;Texto Search Descripción 26
MP07024;Texto Search Descripción 26
MP07025;Texto Search Descripción 26
MP07027;Texto Search Descripción 26
MP07028;Texto Search Descripción 26
MP07029;Texto Search Descripción 26
MP07030;Texto Search Descripción 26
MP07031;Texto Search Descripción 26
MP07032;Texto Search Descripción 26
MP07033;Texto Search Descripción 26
MP07034;Texto Search Descripción 26
MP07035;Texto Search Descripción 26
MP07036;Texto Search Descripción 26
MP07037;Texto Search Descripción 26
MP07038;Texto Search Descripción 26
MP07039;Texto Search Descripción 26
MP07040;Texto Search Descripción 26
MP07041;Texto Search Descripción 26
MP07042;Texto Search Descripción 26
MP07043;Texto Search Descripción 26
MP07044;Texto Search Descripción 26
MP07045;Texto Search Descripción 26
MP07046;Texto Search Descripción 26
MP07047;Texto Search Descripción 26
MP07048;Texto Search Descripción 26
MP07049;Texto Search Descripción 26
MP07050;Texto Search Descripción 26
MP07051;Texto Search Descripción 26
MP07052;Texto Search Descripción 26
MP07053;Texto Search Descripción 26
MP07054;Texto Search Descripción 26
MP07055;Texto Search Descripción 26
MP07056;Texto Search Descripción 26
MP07057;Texto Search Descripción 26
MP07058;Texto Search Descripción 26
MP07059;Texto Search Descripción 26
MP07060;Texto Search Descripción 26
MP07061;Texto Search Descripción 26
MP07062;Texto Search Descripción 26
MP07063;Texto Search Descripción 26
MP07064;Texto Search Descripción 26
MP07065;Texto Search Descripción 26
MP07066;Texto Search Descripción 26
MP07067;Texto Search Descripción 26
MP07068;Texto Search Descripción 26
MP07069;Texto Search Descripción 26
MP07070;Texto Search Descripción 26
MP07071;Texto Search Descripción 26
MP07072;Texto Search Descripción 26
MP07073;Texto Search Descripción 26
MP07074;Texto Search Descripción 26
MP07075;Texto Search Descripción 26
MP07076;Texto Search Descripción 26
MP07077;Texto Search Descripción 26
MP07078;Texto Search Descripción 26
MP07079;Texto Search Descripción 26
MP07080;Texto Search Descripción 26
MP07081;Texto Search Descripción 26
MP07082;Texto Search Descripción 26
MP07083;Texto Search Descripción 26
MP07084;Texto Search Descripción 26
MP07085;Texto Search Descripción 26
MP07086;Texto Search Descripción 26
MP07087;Texto Search Descripción 26
MP07088;Texto Search Descripción 26
MP07089;Texto Search Descripción 26
MP07090;Texto Search Descripción 26
MP07091;Texto Search Descripción 26
MP07092;Texto Search Descripción 26
MP07093;Texto Search Descripción 26
MP07094;Texto Search Descripción 26
MP07095;Texto Search Descripción 26
MP07096;Texto Search Descripción 26
MP07097;Texto Search Descripción 26
MP07098;Texto Search Descripción 26
MP07099;Texto Search Descripción 26
MP07100;Texto Search Descripción 26
MP07101;Texto Search Descripción 26
MP07102;Texto Search Descripción 26
MP07103;Texto Search Descripción 26
MP07104;Texto Search Descripción 26
MP07105;Texto Search Descripción 26
MP07106;Texto Search Descripción 26
MP07107;Texto Search Descripción 26
MP07108;Texto Search Descripción 26
MP07109;Texto Search Descripción 26
MP07110;Texto Search Descripción 26
MP07111;Texto Search Descripción 26
MP07112;Texto Search Descripción 26
MP07113;Texto Search Descripción 26
MP07114;Texto Search Descripción 26
MP07115;Texto Search Descripción 26
MP07116;Texto Search Descripción 26
MP07117;Texto Search Descripción 26
MP07118;Texto Search Descripción 26
MP07119;Texto Search Descripción 26
MP07120;Texto Search Descripción 26
MP07121;Texto Search Descripción 26
MP07122;Texto Search Descripción 26
MP07123;Texto Search Descripción 26
MP07124;Texto Search Descripción 26
MP07125;Texto Search Descripción 26
MP07126;Texto Search Descripción 26
MP07127;Texto Search Descripción 26
MP07128;Texto Search Descripción 26
MP07129;Texto Search Descripción 26
MP07130;Texto Search Descripción 26
MP07131;Texto Search Descripción 26
MP07132;Texto Search Descripción 26
MP07133;Texto Search Descripción 26
MP07134;Texto Search Descripción 26
MP07135;Texto Search Descripción 26
MP07136;Texto Search Descripción 26
MP07137;Texto Search Descripción 26
MP07138;Texto Search Descripción 26
MP07139;Texto Search Descripción 26
MP07140;Texto Search Descripción 26
MP07141;Texto Search Descripción 26
MP07142;Texto Search Descripción 26
MP07143;Texto Search Descripción 26
MP07144;Texto Search Descripción 26
MP07145;Texto Search Descripción 26
MP07146;Texto Search Descripción 26
MP07147;Texto Search Descripción 26
MP07148;Texto Search Descripción 26
MP07149;Texto Search Descripción 26
MP07150;Texto Search Descripción 26
MP07151;Texto Search Descripción 26
MP07152;Texto Search Descripción 26
MP07153;Texto Search Descripción 26
MP07154;Texto Search Descripción 26
MP07155;Texto Search Descripción 26
MP07156;Texto Search Descripción 26
MP07157;Texto Search Descripción 26
MP07158;Texto Search Descripción 25
MP07159;Texto Search Descripción 1521
MP07160;Texto Search Descripción 25
MP07161;Texto Search Descripción 26
MP07162;Texto Search Descripción 26
MP07163;Texto Search Descripción 26
MP07164;Texto Search Descripción 26
MP07165;Texto Search Descripción 26
MP07166;Texto Search Descripción 26
MP07167;Texto Search Descripción 26
MP07168;Texto Search Descripción 26
MP07169;Texto Search Descripción 25
MP07170;Texto Search Descripción 25
MP07171;Texto Search Descripción 25
MP07172;Texto Search Descripción 25
MP07173;Texto Search Descripción 25
MP07174;Texto Search Descripción 25
MP07175;Texto Search Descripción 25
MP07176;Texto Search Descripción 25
MP07177;Texto Search Descripción 25
MP07178;Texto Search Descripción 25
MP07179;Texto Search Descripción 25
MP07180;Texto Search Descripción 25
MP07181;Texto Search Descripción 25
MP07182;Texto Search Descripción 25
MP07183;Texto Search Descripción 25
MP07184;Texto Search Descripción 25
MP07185;Texto Search Descripción 25
MP07186;Texto Search Descripción 25
MP07187;Texto Search Descripción 25
MP07188;Texto Search Descripción 25
MP07189;Texto Search Descripción 25
MP07190;Texto Search Descripción 25
MP07191;Texto Search Descripción 25
MP07192;Texto Search Descripción 25
MP07193;Texto Search Descripción 25
MP07194;Texto Search Descripción 25
MP07195;Texto Search Descripción 25
MP07196;Texto Search Descripción 25
MP07197;Texto Search Descripción 25
MP07198;Texto Search Descripción 25
MP07199;Texto Search Descripción 25
MP07200;Texto Search Descripción 25
MP07201;Texto Search Descripción 25
MP07202;Texto Search Descripción 25
MP07203;Texto Search Descripción 25
MP07204;Texto Search Descripción 25
MP07205;Texto Search Descripción 26
MP07206;Texto Search Descripción 25
MP07207;Texto Search Descripción 25
MP07208;Texto Search Descripción 25
MP07209;Texto Search Descripción 25
MP07210;Texto Search Descripción 25
MP07211;Texto Search Descripción 25
MP07212;Texto Search Descripción 25
MP07213;Texto Search Descripción 25
MP07214;Texto Search Descripción 25
MP07215;Texto Search Descripción 25
MP07216;Texto Search Descripción 25
MP07217;Texto Search Descripción 25
MP07218;Texto Search Descripción 25
MP07219;Texto Search Descripción 25
MP07220;Texto Search Descripción 25
MP07221;Texto Search Descripción 25
MP07222;Texto Search Descripción 25
MP07223;Texto Search Descripción 25
MP07224;Texto Search Descripción 25
MP07225;Texto Search Descripción 25
MP07226;Texto Search Descripción 25
MP07227;Texto Search Descripción 25
MP07228;Texto Search Descripción 25
MP07229;Texto Search Descripción 25
MP07230;Texto Search Descripción 25
MP07231;Texto Search Descripción 25
MP07232;Texto Search Descripción 25
MP07233;Texto Search Descripción 25
MP07234;Texto Search Descripción 25
MP07236;Texto Search Descripción 25
MP07237;Texto Search Descripción 25
MP07238;Texto Search Descripción 25
MP07239;Texto Search Descripción 25
MP07240;Texto Search Descripción 25
MP07241;Texto Search Descripción 25
MP07242;Texto Search Descripción 25
MP07244;Texto Search Descripción 25
MP07245;Texto Search Descripción 25
MP07246;Texto Search Descripción 25
MP07247;Texto Search Descripción 25
MP07248;Texto Search Descripción 25
MP07250;Texto Search Descripción 25
MP07251;Texto Search Descripción 25
MP07252;Texto Search Descripción 25
MP07253;Texto Search Descripción 25
MP07254;Texto Search Descripción 25
MP07255;Texto Search Descripción 25
MP07256;Texto Search Descripción 25
MP07257;Texto Search Descripción 3133
MP07258;Texto Search Descripción 25
MP07259;Texto Search Descripción 25
MP07260;Texto Search Descripción 25
MP07261;Texto Search Descripción 25
MP07262;Texto Search Descripción 25
MP07263;Texto Search Descripción 25
MP07264;Texto Search Descripción 25
MP07265;Texto Search Descripción 25
MP07266;Texto Search Descripción 25
MP07267;Texto Search Descripción 25
MP07268;Texto Search Descripción 25
MP07269;Texto Search Descripción 25
MP07270;Texto Search Descripción 25
MP07271;Texto Search Descripción 25
MP07272;Texto Search Descripción 25
MP07273;Texto Search Descripción 25
MP07274;Texto Search Descripción 25
MP07275;Texto Search Descripción 25
MP07276;Texto Search Descripción 25
MP07277;Texto Search Descripción 25
MP07278;Texto Search Descripción 25
MP07279;Texto Search Descripción 25
MP07280;Texto Search Descripción 25
MP07281;Texto Search Descripción 25
MP07282;Texto Search Descripción 25
MP07283;Texto Search Descripción 25
MP07284;Texto Search Descripción 25
MP07285;Texto Search Descripción 25
MP07287;Texto Search Descripción 25
MP07288;Texto Search Descripción 25
MP07289;Texto Search Descripción 25
MP07290;Texto Search Descripción 25
MP07291;Texto Search Descripción 25
MP07292;Texto Search Descripción 25
MP07293;Texto Search Descripción 25
MP07294;Texto Search Descripción 25
MP07295;Texto Search Descripción 25
MP07296;Texto Search Descripción 25
MP07297;Texto Search Descripción 25
MP07298;Texto Search Descripción 25
MP07299;Texto Search Descripción 25
MP07300;Texto Search Descripción 25
MP07301;Texto Search Descripción 25
MP07302;Texto Search Descripción 25
MP07303;Texto Search Descripción 25
MP07304;Texto Search Descripción 25
MP07305;Texto Search Descripción 25
MP07306;Texto Search Descripción 25
MP07307;Texto Search Descripción 25
MP07308;Texto Search Descripción 25
MP07309;Texto Search Descripción 25
MP07310;Texto Search Descripción 25
MP07311;Texto Search Descripción 25
MP07312;Texto Search Descripción 25
MP07313;Texto Search Descripción 25
MP07314;Texto Search Descripción 25
MP07315;Texto Search Descripción 25
MP07317;Texto Search Descripción 25
MP07318;Texto Search Descripción 25
MP07319;Texto Search Descripción 25
MP07320;Texto Search Descripción 25
MP07321;Texto Search Descripción 25
MP07322;Texto Search Descripción 25
MP07324;Texto Search Descripción 25
MP07325;Texto Search Descripción 25
MP07326;Texto Search Descripción 25
MP07327;Texto Search Descripción 25
MP07328;Texto Search Descripción 25
MP07329;Texto Search Descripción 25
MP07330;Texto Search Descripción 25
MP07331;Texto Search Descripción 25
MP07332;Texto Search Descripción 25
MP07333;Texto Search Descripción 25
MP07335;Texto Search Descripción 25
MP07336;Texto Search Descripción 25
MP07337;Texto Search Descripción 25
MP07338;Texto Search Descripción 25
MP07339;Texto Search Descripción 25
MP07340;Texto Search Descripción 25
MP07341;Texto Search Descripción 25
MP07342;Texto Search Descripción 25
MP08001;Texto Search Descripción 48
MP08002;Texto Search Descripción 48
MP08003;Texto Search Descripción 48
MP08004;Texto Search Descripción 48
MP08005;Texto Search Descripción 48
MP08006;Texto Search Descripción 48
MP08007;Texto Search Descripción 48
MP08008;Texto Search Descripción 48
MP08009;Texto Search Descripción 48
MP08010;Texto Search Descripción 48
MP08011;Texto Search Descripción 48
MP08012;Texto Search Descripción 48
MP08013;Texto Search Descripción 48
MP08014;Texto Search Descripción 48
MP08015;Texto Search Descripción 48
MP08016;Texto Search Descripción 48
MP08017;Texto Search Descripción 48
MP08018;Texto Search Descripción 48
MP08019;Texto Search Descripción 48
MP08020;Texto Search Descripción 48
MP08021;Texto Search Descripción 48
MP08022;Texto Search Descripción 48
MP08023;Texto Search Descripción 48
MP08024;Texto Search Descripción 48
MP08025;Texto Search Descripción 48
MP08026;Texto Search Descripción 48
MP08027;Texto Search Descripción 48
MP08028;Texto Search Descripción 48
MP08029;Texto Search Descripción 48
MP08030;Texto Search Descripción 48
MP08031;Texto Search Descripción 48
MP08032;Texto Search Descripción 48
MP08033;Texto Search Descripción 48
MP08034;Texto Search Descripción 48
MP08035;Texto Search Descripción 48
MP08036;Texto Search Descripción 48
MP08037;Texto Search Descripción 48
MP08038;Texto Search Descripción 48
MP85;Texto Search Descripción 2938
MPAL;Texto Search Descripción 9
MPEM;Texto Search Descripción 1517
MPG;Texto Search Descripción 49
MPP;Texto Search Descripción 9
MPP1475;Texto Search Descripción 25
MPP1875;Texto Search Descripción 17
MPPRODU;Texto Search Descripción 3043
MPº;Texto Search Descripción 17
P02501;Texto Search Descripción 37
P02504;Texto Search Descripción 37
P1001;Texto Search Descripción 20
P1001M;Texto Search Descripción 6
P1002;Texto Search Descripción 20
P1003;Texto Search Descripción 20
P1003M;Texto Search Descripción 6
P1004;Texto Search Descripción 20
P1004M;Texto Search Descripción 6
P1005;Texto Search Descripción 6
P1006;Texto Search Descripción 6
P1007;Texto Search Descripción 6
P1007A;Texto Search Descripción 6
P1007M;Texto Search Descripción 6
P1008;Texto Search Descripción 6
P1009;Texto Search Descripción 6
P1009M;Texto Search Descripción 6
P1010;Texto Search Descripción 6
P1011;Texto Search Descripción 6
P1011M;Texto Search Descripción 6
P1012;Texto Search Descripción 6
P1012M;Texto Search Descripción 6
P1014;Texto Search Descripción 6
P1014M;Texto Search Descripción 6
P1015;Texto Search Descripción 6
P1016;Texto Search Descripción 6
P1017;Texto Search Descripción 6
P1017M;Texto Search Descripción 6
P1018;Texto Search Descripción 6
P1019;Texto Search Descripción 6
P1020;Texto Search Descripción 6
P1020M;Texto Search Descripción 6
P1021;Texto Search Descripción 6
P1021M;Texto Search Descripción 6
P1022;Texto Search Descripción 6
P1023;Texto Search Descripción 6
P1024;Texto Search Descripción 20
P1024M;Texto Search Descripción 6
P1025;Texto Search Descripción 6
P1026;Texto Search Descripción 6
P1027;Texto Search Descripción 6
P1028;Texto Search Descripción 6
P1029M;Texto Search Descripción 6
P1030;Texto Search Descripción 6
P1031M;Texto Search Descripción 20
P1032;Texto Search Descripción 6
P1032M;Texto Search Descripción 6
P1033;Texto Search Descripción 6
P1034;Texto Search Descripción 6
P1035;Texto Search Descripción 6
P1036;Texto Search Descripción 6
P1036M;Texto Search Descripción 6
P1037;Texto Search Descripción 6
P1038;Texto Search Descripción 6
P1039;Texto Search Descripción 6
P1040M;Texto Search Descripción 6
P1041;Texto Search Descripción 6
P1042;Texto Search Descripción 20
P1043;Texto Search Descripción 20
P1044;Texto Search Descripción 6
P1045;Texto Search Descripción 20
P1045M;Texto Search Descripción 6
P1046;Texto Search Descripción 6
P1047;Texto Search Descripción 31
P1048;Texto Search Descripción 6
P1049;Texto Search Descripción 6
P1050;Texto Search Descripción 6
P1051;Texto Search Descripción 6
P1051M;Texto Search Descripción 6
P1052;Texto Search Descripción 6
P1053;Texto Search Descripción 6
P1054;Texto Search Descripción 6
P1055;Texto Search Descripción 6
P1056;Texto Search Descripción 6
P1057;Texto Search Descripción 6
P1058;Texto Search Descripción 6
P1059;Texto Search Descripción 6
P1060;Texto Search Descripción 6
P1061;Texto Search Descripción 6
P1062;Texto Search Descripción 6
P1063;Texto Search Descripción 20
P1064;Texto Search Descripción 6
P1065;Texto Search Descripción 6
P1066;Texto Search Descripción 6
P1066M;Texto Search Descripción 6
P1067;Texto Search Descripción 20
P1067M;Texto Search Descripción 6
P1068;Texto Search Descripción 6
P1069;Texto Search Descripción 6
P1070;Texto Search Descripción 6
P1071;Texto Search Descripción 6
P1072;Texto Search Descripción 6
P1073;Texto Search Descripción 6
P1074;Texto Search Descripción 6
P1075;Texto Search Descripción 6
P1076;Texto Search Descripción 6
P1077;Texto Search Descripción 6
P1078;Texto Search Descripción 6
P1078M;Texto Search Descripción 6
P1079;Texto Search Descripción 6
P1080;Texto Search Descripción 6
P1081;Texto Search Descripción 6
P1082;Texto Search Descripción 6
P1083;Texto Search Descripción 6
P1084;Texto Search Descripción 6
P1085;Texto Search Descripción 6
P1086;Texto Search Descripción 6
P1087;Texto Search Descripción 6
P1088;Texto Search Descripción 6
P1089;Texto Search Descripción 20
P1089M;Texto Search Descripción 6
P1090;Texto Search Descripción 6
P1091;Texto Search Descripción 6
P1092;Texto Search Descripción 6
P1093;Texto Search Descripción 6
P1094;Texto Search Descripción 6
P1095;Texto Search Descripción 6
P1096;Texto Search Descripción 6
P1096M;Texto Search Descripción 6
P1097;Texto Search Descripción 20
P1098;Texto Search Descripción 6
P1099;Texto Search Descripción 6
P1100;Texto Search Descripción 6
P1101;Texto Search Descripción 6
P1102;Texto Search Descripción 6
P1103;Texto Search Descripción 6
P1104;Texto Search Descripción 6
P1105;Texto Search Descripción 6
P1105M;Texto Search Descripción 6
P1106;Texto Search Descripción 6
P1107;Texto Search Descripción 6
P1108;Texto Search Descripción 6
P1109;Texto Search Descripción 6
P1110;Texto Search Descripción 6
P1111;Texto Search Descripción 6
P1112;Texto Search Descripción 6
P1113;Texto Search Descripción 6
P1114;Texto Search Descripción 6
P1115;Texto Search Descripción 6
P1116;Texto Search Descripción 6
P1117;Texto Search Descripción 6
P1118;Texto Search Descripción 6
P1119;Texto Search Descripción 6
P1120;Texto Search Descripción 6
P1121;Texto Search Descripción 6
P1122;Texto Search Descripción 6
P1123;Texto Search Descripción 6
P1124;Texto Search Descripción 6
P1125;Texto Search Descripción 6
P1126;Texto Search Descripción 6
P1127;Texto Search Descripción 6
P1128;Texto Search Descripción 6
P1129;Texto Search Descripción 6
P1130;Texto Search Descripción 6
P1131;Texto Search Descripción 6
P1131M;Texto Search Descripción 6
P1132;Texto Search Descripción 6
P1133;Texto Search Descripción 6
P1134;Texto Search Descripción 6
P1135;Texto Search Descripción 6
P1136;Texto Search Descripción 6
P1137;Texto Search Descripción 6
P1138;Texto Search Descripción 6
P1139;Texto Search Descripción 6
P1140;Texto Search Descripción 6
P1141;Texto Search Descripción 6
P1142;Texto Search Descripción 6
P1143;Texto Search Descripción 6
P1144;Texto Search Descripción 6
P1145;Texto Search Descripción 6
P1145M;Texto Search Descripción 6
P1146;Texto Search Descripción 6
P1147;Texto Search Descripción 6
P1148;Texto Search Descripción 6
P1149;Texto Search Descripción 6
P1150;Texto Search Descripción 6
P1151;Texto Search Descripción 6
P1152;Texto Search Descripción 6
P1153;Texto Search Descripción 6
P1154;Texto Search Descripción 6
P1155;Texto Search Descripción 6
P1156;Texto Search Descripción 6
P1157;Texto Search Descripción 6
P1158;Texto Search Descripción 6
P1159;Texto Search Descripción 6
P1160;Texto Search Descripción 6
P1161;Texto Search Descripción 6
P1162;Texto Search Descripción 6
P1163;Texto Search Descripción 6
P1164;Texto Search Descripción 6
P1165;Texto Search Descripción 6
P1166;Texto Search Descripción 6
P1167;Texto Search Descripción 6
P1167M;Texto Search Descripción 6
P1168;Texto Search Descripción 6
P1169;Texto Search Descripción 6
P1170;Texto Search Descripción 6
P1171;Texto Search Descripción 6
P1172;Texto Search Descripción 6
P1173;Texto Search Descripción 6
P1174;Texto Search Descripción 6
P1175;Texto Search Descripción 6
P1176;Texto Search Descripción 6
P1177;Texto Search Descripción 6
P1178;Texto Search Descripción 6
P1180;Texto Search Descripción 6
P1181;Texto Search Descripción 6
P1182;Texto Search Descripción 6
P1183;Texto Search Descripción 6
P1184;Texto Search Descripción 6
P1185;Texto Search Descripción 6
P1186;Texto Search Descripción 6
P1187;Texto Search Descripción 6
P1188;Texto Search Descripción 6
P1189;Texto Search Descripción 6
P1190;Texto Search Descripción 6
P1191;Texto Search Descripción 6
P1192;Texto Search Descripción 6
P1193;Texto Search Descripción 6
P1194;Texto Search Descripción 6
P1195;Texto Search Descripción 6
P1196;Texto Search Descripción 6
P1197;Texto Search Descripción 6
P1198;Texto Search Descripción 6
P1199;Texto Search Descripción 6
P1200;Texto Search Descripción 6
P1201;Texto Search Descripción 6
P1203;Texto Search Descripción 6
P1204;Texto Search Descripción 6
P1205;Texto Search Descripción 1495
P1206;Texto Search Descripción 6
P1207;Texto Search Descripción 6
P1208;Texto Search Descripción 6
P1209;Texto Search Descripción 6
P1210;Texto Search Descripción 6
P1211;Texto Search Descripción 6
P1212;Texto Search Descripción 6
P1213;Texto Search Descripción 6
P1214;Texto Search Descripción 6
P1215;Texto Search Descripción 6
P1216;Texto Search Descripción 6
P1218;Texto Search Descripción 6
P1219;Texto Search Descripción 6
P1220;Texto Search Descripción 6
P1221;Texto Search Descripción 6
P1222;Texto Search Descripción 6
P1223;Texto Search Descripción 6
P1224;Texto Search Descripción 6
P1225;Texto Search Descripción 6
P1226;Texto Search Descripción 6
P1227;Texto Search Descripción 6
P1228;Texto Search Descripción 6
P1229;Texto Search Descripción 6
P1230;Texto Search Descripción 6
P1231;Texto Search Descripción 6
P1232;Texto Search Descripción 6
P1233;Texto Search Descripción 6
P1234;Texto Search Descripción 6
P1235;Texto Search Descripción 6
P1236;Texto Search Descripción 6
P1237;Texto Search Descripción 6
P1238;Texto Search Descripción 6
P1239;Texto Search Descripción 6
P1240;Texto Search Descripción 1744
P1241;Texto Search Descripción 6
P1242;Texto Search Descripción 6
P1243;Texto Search Descripción 6
P1244;Texto Search Descripción 6
P1245;Texto Search Descripción 6
P1246;Texto Search Descripción 6
P1247;Texto Search Descripción 6
P1248;Texto Search Descripción 6
P1249;Texto Search Descripción 6
P1250;Texto Search Descripción 6
P1251;Texto Search Descripción 6
P1252;Texto Search Descripción 6
P1253;Texto Search Descripción 6
P1254;Texto Search Descripción 6
P1255;Texto Search Descripción 6
P1256;Texto Search Descripción 6
P1257;Texto Search Descripción 6
P1258;Texto Search Descripción 6
P1259;Texto Search Descripción 6
P1260;Texto Search Descripción 6
P1261;Texto Search Descripción 6
P1262;Texto Search Descripción 6
P1263;Texto Search Descripción 6
P1264;Texto Search Descripción 6
P1265;Texto Search Descripción 6
P1266;Texto Search Descripción 6
P1268;Texto Search Descripción 6
P1269;Texto Search Descripción 6
P1272;Texto Search Descripción 6
P1273;Texto Search Descripción 6
P1274;Texto Search Descripción 6
P1275;Texto Search Descripción 6
P1276;Texto Search Descripción 6
P1277;Texto Search Descripción 6
P1278;Texto Search Descripción 6
P1279;Texto Search Descripción 6
P1280;Texto Search Descripción 6
P1281;Texto Search Descripción 6
P1282;Texto Search Descripción 6
P1283;Texto Search Descripción 6
P1284;Texto Search Descripción 6
P1285;Texto Search Descripción 6
P1286;Texto Search Descripción 6
P1288;Texto Search Descripción 6
P1289;Texto Search Descripción 6
P1290;Texto Search Descripción 6
P1291;Texto Search Descripción 6
P1293;Texto Search Descripción 6
P1294;Texto Search Descripción 6
P1295;Texto Search Descripción 6
P1296;Texto Search Descripción 6
P1297;Texto Search Descripción 6
P1298M;Texto Search Descripción 6
P1299M;Texto Search Descripción 6
P1300;Texto Search Descripción 6
P1301;Texto Search Descripción 6
P1302;Texto Search Descripción 6
P1303;Texto Search Descripción 6
P1304;Texto Search Descripción 6
P1305;Texto Search Descripción 6
P1306;Texto Search Descripción 6
P1307;Texto Search Descripción 6
P1308;Texto Search Descripción 6
P1309;Texto Search Descripción 6
P1310;Texto Search Descripción 6
P1311;Texto Search Descripción 6
P1312;Texto Search Descripción 6
P1313;Texto Search Descripción 6
P1314;Texto Search Descripción 6
P2001;Texto Search Descripción 6
P2002;Texto Search Descripción 6
P2002M;Texto Search Descripción 6
P2003;Texto Search Descripción 6
P2004;Texto Search Descripción 6
P2005;Texto Search Descripción 6
P2006;Texto Search Descripción 6
P2007;Texto Search Descripción 6
P2007M;Texto Search Descripción 6
P2008;Texto Search Descripción 6
P2008M;Texto Search Descripción 6
P2009;Texto Search Descripción 20
P2009A;Texto Search Descripción 20
P2010;Texto Search Descripción 6
P2011;Texto Search Descripción 6
P2012;Texto Search Descripción 6
P2012M;Texto Search Descripción 6
P2013;Texto Search Descripción 6
P2014;Texto Search Descripción 6
P2015;Texto Search Descripción 6
P2016;Texto Search Descripción 20
P2017;Texto Search Descripción 20
P2018;Texto Search Descripción 6
P2019;Texto Search Descripción 6
P2020;Texto Search Descripción 6
P2021;Texto Search Descripción 6
P2022;Texto Search Descripción 6
P2023;Texto Search Descripción 6
P2024;Texto Search Descripción 6
P2025;Texto Search Descripción 6
P2026;Texto Search Descripción 20
P2027;Texto Search Descripción 6
P2028;Texto Search Descripción 6
P2028M;Texto Search Descripción 6
P2029M;Texto Search Descripción 6
P2030;Texto Search Descripción 6
P2031;Texto Search Descripción 6
P2032;Texto Search Descripción 6
P2033;Texto Search Descripción 20
P2034;Texto Search Descripción 6
P2034M;Texto Search Descripción 6
P2035;Texto Search Descripción 6
P2036;Texto Search Descripción 6
P2037;Texto Search Descripción 6
P2038;Texto Search Descripción 6
P2039;Texto Search Descripción 6
P2040;Texto Search Descripción 6
P2041;Texto Search Descripción 6
P2042;Texto Search Descripción 6
P2043;Texto Search Descripción 6
P2044;Texto Search Descripción 6
P2045;Texto Search Descripción 6
P2046;Texto Search Descripción 6
P2047;Texto Search Descripción 6
P2047M;Texto Search Descripción 6
P2048;Texto Search Descripción 6
P2049;Texto Search Descripción 6
P2050;Texto Search Descripción 6
P2050M;Texto Search Descripción 6
P2051;Texto Search Descripción 6
P2052;Texto Search Descripción 6
P2053;Texto Search Descripción 6
P2054;Texto Search Descripción 6
P2055;Texto Search Descripción 6
P2056;Texto Search Descripción 20
P2057;Texto Search Descripción 6
P2058;Texto Search Descripción 6
P2059;Texto Search Descripción 6
P2060;Texto Search Descripción 6
P2061;Texto Search Descripción 6
P2062;Texto Search Descripción 6
P2063;Texto Search Descripción 6
P2064;Texto Search Descripción 20
P2065;Texto Search Descripción 20
P2066;Texto Search Descripción 6
P2067;Texto Search Descripción 6
P2068;Texto Search Descripción 6
P2069;Texto Search Descripción 20
P2070;Texto Search Descripción 6
P2070M;Texto Search Descripción 6
P2071;Texto Search Descripción 6
P2072;Texto Search Descripción 6
P2073;Texto Search Descripción 6
P2074;Texto Search Descripción 6
P2075;Texto Search Descripción 20
P2076;Texto Search Descripción 6
P2077;Texto Search Descripción 6
P2078;Texto Search Descripción 6
P2079;Texto Search Descripción 6
P2080;Texto Search Descripción 6
P2081;Texto Search Descripción 6
P2082;Texto Search Descripción 6
P2083;Texto Search Descripción 6
P2084;Texto Search Descripción 6
P2085;Texto Search Descripción 6
P2086;Texto Search Descripción 6
P2087;Texto Search Descripción 6
P2088;Texto Search Descripción 6
P2089;Texto Search Descripción 6
P2090;Texto Search Descripción 6
P2091;Texto Search Descripción 6
P2092;Texto Search Descripción 6
P2093;Texto Search Descripción 6
P2093M;Texto Search Descripción 6
P2094;Texto Search Descripción 20
P2095;Texto Search Descripción 6
P2096;Texto Search Descripción 6
P2097;Texto Search Descripción 6
P2098;Texto Search Descripción 6
P2099;Texto Search Descripción 6
P2100;Texto Search Descripción 6
P2101;Texto Search Descripción 6
P2102;Texto Search Descripción 6
P2102M;Texto Search Descripción 6
P2103;Texto Search Descripción 6
P2104;Texto Search Descripción 6
P2105;Texto Search Descripción 6
P2106;Texto Search Descripción 6
P2107;Texto Search Descripción 6
P2108;Texto Search Descripción 6
P2109;Texto Search Descripción 6
P2110;Texto Search Descripción 6
P2110M;Texto Search Descripción 6
P2111;Texto Search Descripción 6
P2112;Texto Search Descripción 6
P2113;Texto Search Descripción 6
P2114;Texto Search Descripción 20
P2115;Texto Search Descripción 6
P2116;Texto Search Descripción 6
P2117;Texto Search Descripción 6
P2118;Texto Search Descripción 6
P2119;Texto Search Descripción 6
P2120;Texto Search Descripción 6
P2120M;Texto Search Descripción 6
P2121;Texto Search Descripción 6
P2122;Texto Search Descripción 6
P2123;Texto Search Descripción 6
P2124;Texto Search Descripción 6
P2125;Texto Search Descripción 6
P2125M;Texto Search Descripción 6
P2126;Texto Search Descripción 6
P2126M;Texto Search Descripción 6
P2127;Texto Search Descripción 6
P2128;Texto Search Descripción 6
P2129;Texto Search Descripción 6
P2130;Texto Search Descripción 6
P2131;Texto Search Descripción 6
P2132;Texto Search Descripción 6
P2133;Texto Search Descripción 6
P2134;Texto Search Descripción 6
P2135;Texto Search Descripción 6
P2136;Texto Search Descripción 6
P2137;Texto Search Descripción 6
P2138;Texto Search Descripción 6
P2139;Texto Search Descripción 6
P2140;Texto Search Descripción 6
P2141;Texto Search Descripción 6
P2142;Texto Search Descripción 6
P2143;Texto Search Descripción 6
P2144;Texto Search Descripción 6
P2145;Texto Search Descripción 6
P2146;Texto Search Descripción 6
P2147;Texto Search Descripción 6
P2148;Texto Search Descripción 6
P2149;Texto Search Descripción 6
P2150;Texto Search Descripción 6
P2151;Texto Search Descripción 6
P2152;Texto Search Descripción 6
P2153;Texto Search Descripción 6
P2154;Texto Search Descripción 20
P2155;Texto Search Descripción 6
P2156;Texto Search Descripción 6
P2157;Texto Search Descripción 6
P2158;Texto Search Descripción 6
P2159;Texto Search Descripción 6
P2160;Texto Search Descripción 6
P2161;Texto Search Descripción 6
P2162;Texto Search Descripción 6
P2163;Texto Search Descripción 6
P2164;Texto Search Descripción 6
P2165;Texto Search Descripción 20
P2166;Texto Search Descripción 6
P2167;Texto Search Descripción 20
P2168;Texto Search Descripción 6
P2169;Texto Search Descripción 6
P2170;Texto Search Descripción 6
P2171;Texto Search Descripción 6
P2172;Texto Search Descripción 6
P2173;Texto Search Descripción 6
P2174;Texto Search Descripción 6
P2175;Texto Search Descripción 6
P2176;Texto Search Descripción 6
P2176M;Texto Search Descripción 6
P2177;Texto Search Descripción 20
P2178;Texto Search Descripción 20
P2179;Texto Search Descripción 6
P2180;Texto Search Descripción 6
P2181;Texto Search Descripción 6
P2182;Texto Search Descripción 20
P2183;Texto Search Descripción 20
P2184;Texto Search Descripción 6
P2185;Texto Search Descripción 6
P2185M;Texto Search Descripción 6
P2186;Texto Search Descripción 6
P2187;Texto Search Descripción 6
P2188;Texto Search Descripción 6
P2189;Texto Search Descripción 6
P2190;Texto Search Descripción 6
P2191;Texto Search Descripción 6
P2192;Texto Search Descripción 6
P2193;Texto Search Descripción 6
P2194;Texto Search Descripción 6
P2195;Texto Search Descripción 6
P2196;Texto Search Descripción 6
P2197;Texto Search Descripción 6
P2198;Texto Search Descripción 6
P2199;Texto Search Descripción 6
P2200;Texto Search Descripción 6
P2201;Texto Search Descripción 6
P2202;Texto Search Descripción 6
P2203;Texto Search Descripción 6
P2204;Texto Search Descripción 6
P2205;Texto Search Descripción 6
P2206;Texto Search Descripción 6
P2206M;Texto Search Descripción 6
P2207;Texto Search Descripción 6
P2208;Texto Search Descripción 6
P2209;Texto Search Descripción 6
P2210;Texto Search Descripción 6
P2211;Texto Search Descripción 6
P2212;Texto Search Descripción 6
P2213;Texto Search Descripción 6
P2214;Texto Search Descripción 6
P2215;Texto Search Descripción 6
P2216;Texto Search Descripción 6
P2217;Texto Search Descripción 6
P2218;Texto Search Descripción 6
P2219;Texto Search Descripción 6
P2220;Texto Search Descripción 6
P2221;Texto Search Descripción 6
P2222;Texto Search Descripción 6
P2222M;Texto Search Descripción 6
P2223;Texto Search Descripción 6
P2224;Texto Search Descripción 6
P2225;Texto Search Descripción 6
P2226;Texto Search Descripción 6
P2227;Texto Search Descripción 6
P2228;Texto Search Descripción 6
P2229;Texto Search Descripción 6
P2230;Texto Search Descripción 6
P2231;Texto Search Descripción 6
P2231M;Texto Search Descripción 6
P2232;Texto Search Descripción 6
P2233;Texto Search Descripción 6
P2234;Texto Search Descripción 6
P2235;Texto Search Descripción 6
P2236;Texto Search Descripción 6
P2237;Texto Search Descripción 6
P2238;Texto Search Descripción 6
P2239;Texto Search Descripción 6
P2240;Texto Search Descripción 6
P2241;Texto Search Descripción 6
P2242;Texto Search Descripción 6
P2243;Texto Search Descripción 6
P2244;Texto Search Descripción 6
P2245;Texto Search Descripción 6
P2246;Texto Search Descripción 6
P2247;Texto Search Descripción 20
P2248;Texto Search Descripción 6
P2249;Texto Search Descripción 20
P2250;Texto Search Descripción 6
P2251;Texto Search Descripción 6
P2252;Texto Search Descripción 6
P2254;Texto Search Descripción 6
P2255;Texto Search Descripción 6
P2256;Texto Search Descripción 20
P2257;Texto Search Descripción 6
P2258;Texto Search Descripción 6
P2259;Texto Search Descripción 20
P2261;Texto Search Descripción 6
P2262;Texto Search Descripción 6
P2263;Texto Search Descripción 6
P2264;Texto Search Descripción 6
P2265;Texto Search Descripción 6
P2266;Texto Search Descripción 6
P2268;Texto Search Descripción 6
P2269;Texto Search Descripción 6
P2270;Texto Search Descripción 6
P2271;Texto Search Descripción 20
P2272;Texto Search Descripción 6
P2273;Texto Search Descripción 6
P2275;Texto Search Descripción 6
P2276;Texto Search Descripción 6
P2277;Texto Search Descripción 6
P2278;Texto Search Descripción 6
P2279;Texto Search Descripción 6
P2280;Texto Search Descripción 6
P2281;Texto Search Descripción 6
P2282;Texto Search Descripción 6
P2283;Texto Search Descripción 6
P2284;Texto Search Descripción 6
P2285;Texto Search Descripción 6
P2286;Texto Search Descripción 6
P2287;Texto Search Descripción 6
P2288;Texto Search Descripción 6
P2289;Texto Search Descripción 6
P2290;Texto Search Descripción 6
P2291;Texto Search Descripción 6
P2292;Texto Search Descripción 6
P2293;Texto Search Descripción 6
P2294;Texto Search Descripción 6
P2295;Texto Search Descripción 6
P2297;Texto Search Descripción 6
P2298;Texto Search Descripción 6
P2299;Texto Search Descripción 6
P2300;Texto Search Descripción 1495
P2301;Texto Search Descripción 6
P2302;Texto Search Descripción 6
P2303;Texto Search Descripción 6
P2304;Texto Search Descripción 6
P2305;Texto Search Descripción 6
P2306;Texto Search Descripción 6
P2307;Texto Search Descripción 6
P2308;Texto Search Descripción 6
P2309;Texto Search Descripción 6
P2310;Texto Search Descripción 6
P2311;Texto Search Descripción 6
P2312;Texto Search Descripción 6
P2314;Texto Search Descripción 6
P2315;Texto Search Descripción 6
P2316;Texto Search Descripción 6
P2317;Texto Search Descripción 6
P2318;Texto Search Descripción 6
P2319;Texto Search Descripción 6
P2320;Texto Search Descripción 6
P2321;Texto Search Descripción 6
P2323;Texto Search Descripción 6
P2324;Texto Search Descripción 6
P2325;Texto Search Descripción 6
P2326;Texto Search Descripción 6
P2327;Texto Search Descripción 6
P2328;Texto Search Descripción 6
P2329;Texto Search Descripción 6
P2330;Texto Search Descripción 6
P2331;Texto Search Descripción 6
P2332;Texto Search Descripción 6
P2333;Texto Search Descripción 6
P2334;Texto Search Descripción 6
P2335;Texto Search Descripción 6
P2336;Texto Search Descripción 6
P2337;Texto Search Descripción 6
P2338;Texto Search Descripción 6
P2340;Texto Search Descripción 6
P2341;Texto Search Descripción 6
P2342;Texto Search Descripción 6
P2343;Texto Search Descripción 6
P2345;Texto Search Descripción 6
P2348;Texto Search Descripción 6
P2349;Texto Search Descripción 6
P2350;Texto Search Descripción 6
P2351;Texto Search Descripción 6
P2352;Texto Search Descripción 6
P2353;Texto Search Descripción 6
P2354;Texto Search Descripción 6
P2355;Texto Search Descripción 6
P2356;Texto Search Descripción 6
P2357;Texto Search Descripción 6
P2358;Texto Search Descripción 6
P2359;Texto Search Descripción 6
P2360;Texto Search Descripción 6
P2361;Texto Search Descripción 6
P2362;Texto Search Descripción 6
P2363;Texto Search Descripción 6
P2364;Texto Search Descripción 6
P2365;Texto Search Descripción 6
P2366;Texto Search Descripción 6
P2367;Texto Search Descripción 6
P2368;Texto Search Descripción 6
P2369;Texto Search Descripción 6
P2370;Texto Search Descripción 6
P2371;Texto Search Descripción 6
P2372;Texto Search Descripción 6
P2373;Texto Search Descripción 6
P2374;Texto Search Descripción 6
P2375;Texto Search Descripción 6
P2376;Texto Search Descripción 6
P2377;Texto Search Descripción 6
P2378;Texto Search Descripción 6
P2379;Texto Search Descripción 6
P2380;Texto Search Descripción 6
P2381;Texto Search Descripción 6
P2382;Texto Search Descripción 6
P2383;Texto Search Descripción 6
P2384;Texto Search Descripción 6
P2385;Texto Search Descripción 6
P2386;Texto Search Descripción 6
P2387;Texto Search Descripción 6
P2388;Texto Search Descripción 6
P2389;Texto Search Descripción 6
P2390;Texto Search Descripción 6
P2391;Texto Search Descripción 6
P2392;Texto Search Descripción 6
P2393;Texto Search Descripción 6
P2394;Texto Search Descripción 6
P2395;Texto Search Descripción 6
P2396;Texto Search Descripción 6
P2397M;Texto Search Descripción 6
P2398;Texto Search Descripción 6
P2399;Texto Search Descripción 6
P2400;Texto Search Descripción 6
P2401;Texto Search Descripción 6
P2402;Texto Search Descripción 6
P2403;Texto Search Descripción 6
P2404;Texto Search Descripción 6
P2405;Texto Search Descripción 6
P2406;Texto Search Descripción 6
P2407;Texto Search Descripción 6
P2408;Texto Search Descripción 6
P2409;Texto Search Descripción 6
P2410;Texto Search Descripción 6
P2411;Texto Search Descripción 6
P2412;Texto Search Descripción 6
P2413;Texto Search Descripción 6
P2414;Texto Search Descripción 6
P2415;Texto Search Descripción 6
P2416;Texto Search Descripción 6
P2417;Texto Search Descripción 6
P2418;Texto Search Descripción 6
P2419;Texto Search Descripción 6
P2420;Texto Search Descripción 6
P2421;Texto Search Descripción 6
P2422;Texto Search Descripción 6
P2423;Texto Search Descripción 6
P2424;Texto Search Descripción 6
P2425;Texto Search Descripción 6
P2426;Texto Search Descripción 6
P2427;Texto Search Descripción 6
P2428;Texto Search Descripción 6
P2429;Texto Search Descripción 6
P2430;Texto Search Descripción 6
P2431;Texto Search Descripción 6
P2432;Texto Search Descripción 6
P2433;Texto Search Descripción 6
P2434;Texto Search Descripción 6
P2435;Texto Search Descripción 6
P2436;Texto Search Descripción 6
P2437;Texto Search Descripción 6
P2438;Texto Search Descripción 6
P2439;Texto Search Descripción 6
P2440;Texto Search Descripción 6
P2441;Texto Search Descripción 6
P2442;Texto Search Descripción 6
P2443;Texto Search Descripción 6
P2444;Texto Search Descripción 6
P2445;Texto Search Descripción 6
P2446;Texto Search Descripción 6
P2447;Texto Search Descripción 6
P3001;Texto Search Descripción 6
P3002;Texto Search Descripción 6
P3003;Texto Search Descripción 20
P3004;Texto Search Descripción 6
P3005;Texto Search Descripción 6
P3005M;Texto Search Descripción 6
P3006;Texto Search Descripción 6
P3007;Texto Search Descripción 6
P3008;Texto Search Descripción 6
P3009;Texto Search Descripción 6
P3010;Texto Search Descripción 6
P3011;Texto Search Descripción 6
P3012;Texto Search Descripción 6
P3013;Texto Search Descripción 6
P3014;Texto Search Descripción 6
P3015;Texto Search Descripción 6
P3015M;Texto Search Descripción 6
P3016;Texto Search Descripción 6
P3017;Texto Search Descripción 6
P3018;Texto Search Descripción 6
P3019;Texto Search Descripción 6
P3019M;Texto Search Descripción 6
P3020;Texto Search Descripción 6
P3021;Texto Search Descripción 20
P3022;Texto Search Descripción 6
P3023;Texto Search Descripción 6
P3024;Texto Search Descripción 6
P3025;Texto Search Descripción 6
P3025M;Texto Search Descripción 6
P3026;Texto Search Descripción 6
P3026M;Texto Search Descripción 6
P3027;Texto Search Descripción 6
P3028;Texto Search Descripción 6
P3029;Texto Search Descripción 6
P3029M;Texto Search Descripción 6
P3030;Texto Search Descripción 6
P3030M;Texto Search Descripción 6
P3031;Texto Search Descripción 6
P3032;Texto Search Descripción 6
P3033;Texto Search Descripción 6
P3034;Texto Search Descripción 6
P3035;Texto Search Descripción 6
P3035M;Texto Search Descripción 6
P3036;Texto Search Descripción 6
P3036M;Texto Search Descripción 6
P3037;Texto Search Descripción 6
P3038;Texto Search Descripción 6
P3039;Texto Search Descripción 6
P3040;Texto Search Descripción 6
P3041;Texto Search Descripción 6
P3042;Texto Search Descripción 6
P3042M;Texto Search Descripción 6
P3043;Texto Search Descripción 6
P3044;Texto Search Descripción 20
P3044M;Texto Search Descripción 20
P3045;Texto Search Descripción 6
P3046;Texto Search Descripción 6
P3047;Texto Search Descripción 6
P3048;Texto Search Descripción 6
P3049;Texto Search Descripción 20
P3049M;Texto Search Descripción 20
P3050;Texto Search Descripción 6
P3051;Texto Search Descripción 6
P3052;Texto Search Descripción 6
P3053;Texto Search Descripción 6
P3054;Texto Search Descripción 6
P3055;Texto Search Descripción 6
P3056;Texto Search Descripción 6
P3057;Texto Search Descripción 20
P3058;Texto Search Descripción 6
P3059;Texto Search Descripción 6
P3060;Texto Search Descripción 6
P3061;Texto Search Descripción 6
P3062;Texto Search Descripción 6
P3063;Texto Search Descripción 6
P3064;Texto Search Descripción 6
P3065;Texto Search Descripción 6
P3066;Texto Search Descripción 6
P3067;Texto Search Descripción 6
P3068M;Texto Search Descripción 20
P3069;Texto Search Descripción 6
P3070;Texto Search Descripción 6
P3071;Texto Search Descripción 6
P3072;Texto Search Descripción 6
P3072M;Texto Search Descripción 6
P3073;Texto Search Descripción 6
P3073M;Texto Search Descripción 6
P3074;Texto Search Descripción 6
P3075;Texto Search Descripción 6
P3076;Texto Search Descripción 6
P3077;Texto Search Descripción 6
P3078;Texto Search Descripción 6
P3079;Texto Search Descripción 6
P3080;Texto Search Descripción 6
P3081;Texto Search Descripción 6
P3082;Texto Search Descripción 20
P3083;Texto Search Descripción 6
P3084;Texto Search Descripción 6
P3085;Texto Search Descripción 6
P3086;Texto Search Descripción 6
P3087;Texto Search Descripción 6
P3088;Texto Search Descripción 6
P3089;Texto Search Descripción 6
P3090;Texto Search Descripción 6
P3091;Texto Search Descripción 6
P3092;Texto Search Descripción 6
P3092M;Texto Search Descripción 6
P3093;Texto Search Descripción 6
P3094;Texto Search Descripción 6
P3095;Texto Search Descripción 20
P3096;Texto Search Descripción 6
P3097;Texto Search Descripción 6
P3098;Texto Search Descripción 6
P3099;Texto Search Descripción 6
P3100;Texto Search Descripción 6
P3101;Texto Search Descripción 6
P3102;Texto Search Descripción 6
P3103;Texto Search Descripción 20
P3104;Texto Search Descripción 20
P3104M;Texto Search Descripción 6
P3105;Texto Search Descripción 20
P3105M;Texto Search Descripción 6
P3106;Texto Search Descripción 6
P3107;Texto Search Descripción 6
P3107M;Texto Search Descripción 6
P3108;Texto Search Descripción 6
P3110;Texto Search Descripción 6
P3110M;Texto Search Descripción 6
P3111;Texto Search Descripción 6
P3111M;Texto Search Descripción 6
P3112;Texto Search Descripción 6
P3113;Texto Search Descripción 6
P3113M;Texto Search Descripción 6
P3114;Texto Search Descripción 6
P3115;Texto Search Descripción 6
P3116;Texto Search Descripción 6
P3117;Texto Search Descripción 6
P3118;Texto Search Descripción 6
P3118M;Texto Search Descripción 6
P3119;Texto Search Descripción 6
P3120;Texto Search Descripción 6
P3121;Texto Search Descripción 6
P3121M;Texto Search Descripción 6
P3122;Texto Search Descripción 6
P3123;Texto Search Descripción 6
P3124;Texto Search Descripción 6
P3125;Texto Search Descripción 6
P3126;Texto Search Descripción 6
P3127;Texto Search Descripción 6
P3128;Texto Search Descripción 6
P3129;Texto Search Descripción 6
P3130;Texto Search Descripción 6
P3130M;Texto Search Descripción 6
P3131;Texto Search Descripción 6
P3131M;Texto Search Descripción 6
P3132;Texto Search Descripción 6
P3132M;Texto Search Descripción 6
P3133;Texto Search Descripción 6
P3134;Texto Search Descripción 6
P3135;Texto Search Descripción 6
P3135M;Texto Search Descripción 6
P3136;Texto Search Descripción 6
P3137;Texto Search Descripción 6
P3138;Texto Search Descripción 6
P3139;Texto Search Descripción 6
P3140;Texto Search Descripción 6
P3141;Texto Search Descripción 6
P3142;Texto Search Descripción 6
P3143;Texto Search Descripción 6
P3144;Texto Search Descripción 6
P3145;Texto Search Descripción 6
P3145M;Texto Search Descripción 6
P3146;Texto Search Descripción 6
P3147;Texto Search Descripción 6
P3148;Texto Search Descripción 6
P3149;Texto Search Descripción 6
P3150;Texto Search Descripción 6
P3151;Texto Search Descripción 6
P3152;Texto Search Descripción 6
P3153;Texto Search Descripción 6
P3154;Texto Search Descripción 6
P3155;Texto Search Descripción 6
P3156;Texto Search Descripción 6
P3157;Texto Search Descripción 6
P3158;Texto Search Descripción 6
P3159;Texto Search Descripción 6
P3160;Texto Search Descripción 6
P3161;Texto Search Descripción 6
P3162;Texto Search Descripción 6
P3163;Texto Search Descripción 6
P3164;Texto Search Descripción 6
P3165;Texto Search Descripción 6
P3166;Texto Search Descripción 6
P3167;Texto Search Descripción 6
P3168;Texto Search Descripción 6
P3169;Texto Search Descripción 6
P3170;Texto Search Descripción 6
P3171;Texto Search Descripción 6
P3172;Texto Search Descripción 6
P3173;Texto Search Descripción 6
P3174;Texto Search Descripción 6
P3174M;Texto Search Descripción 6
P3175;Texto Search Descripción 6
P3176;Texto Search Descripción 6
P3177;Texto Search Descripción 6
P3178;Texto Search Descripción 6
P3179;Texto Search Descripción 6
P3180;Texto Search Descripción 6
P3181;Texto Search Descripción 6
P3182;Texto Search Descripción 6
P3183;Texto Search Descripción 6
P3184;Texto Search Descripción 6
P3184M;Texto Search Descripción 6
P3185;Texto Search Descripción 6
P3185M;Texto Search Descripción 6
P3186;Texto Search Descripción 6
P3187;Texto Search Descripción 6
P3188;Texto Search Descripción 6
P3189;Texto Search Descripción 6
P3190;Texto Search Descripción 6
P3191;Texto Search Descripción 6
P3192;Texto Search Descripción 6
P3193;Texto Search Descripción 6
P3194;Texto Search Descripción 6
P3195;Texto Search Descripción 6
P3196;Texto Search Descripción 6
P3197;Texto Search Descripción 6
P3198;Texto Search Descripción 6
P3199;Texto Search Descripción 6
P3200;Texto Search Descripción 6
P3201;Texto Search Descripción 6
P3202;Texto Search Descripción 6
P3203;Texto Search Descripción 6
P3204;Texto Search Descripción 6
P3205;Texto Search Descripción 6
P3206;Texto Search Descripción 6
P3207;Texto Search Descripción 6
P3208;Texto Search Descripción 6
P3209;Texto Search Descripción 6
P3209M;Texto Search Descripción 6
P3210;Texto Search Descripción 6
P3211;Texto Search Descripción 6
P3212;Texto Search Descripción 6
P3213;Texto Search Descripción 6
P3214;Texto Search Descripción 6
P3215;Texto Search Descripción 6
P3216;Texto Search Descripción 6
P3217;Texto Search Descripción 6
P3218;Texto Search Descripción 6
P3219;Texto Search Descripción 6
P3220;Texto Search Descripción 6
P3221;Texto Search Descripción 6
P3221M;Texto Search Descripción 6
P3222;Texto Search Descripción 6
P3223;Texto Search Descripción 6
P3224;Texto Search Descripción 6
P3225;Texto Search Descripción 6
P3226;Texto Search Descripción 6
P3227;Texto Search Descripción 6
P3228;Texto Search Descripción 6
P3229;Texto Search Descripción 6
P3230;Texto Search Descripción 6
P3231;Texto Search Descripción 6
P3232;Texto Search Descripción 6
P3233;Texto Search Descripción 6
P3234;Texto Search Descripción 6
P3235;Texto Search Descripción 6
P3236;Texto Search Descripción 6
P3237;Texto Search Descripción 6
P3239;Texto Search Descripción 6
P3240;Texto Search Descripción 6
P3241;Texto Search Descripción 6
P3242;Texto Search Descripción 6
P3243;Texto Search Descripción 6
P3244;Texto Search Descripción 6
P3245;Texto Search Descripción 6
P3246;Texto Search Descripción 6
P3247;Texto Search Descripción 6
P3248;Texto Search Descripción 6
P3249;Texto Search Descripción 6
P3250;Texto Search Descripción 1745
P3251;Texto Search Descripción 1492
P3252;Texto Search Descripción 6
P3254;Texto Search Descripción 6
P3255;Texto Search Descripción 6
P3256;Texto Search Descripción 6
P3256M;Texto Search Descripción 6
P3257;Texto Search Descripción 6
P3257M;Texto Search Descripción 6
P3258;Texto Search Descripción 6
P3258M;Texto Search Descripción 6
P3259;Texto Search Descripción 6
P3260;Texto Search Descripción 6
P3261;Texto Search Descripción 6
P3262;Texto Search Descripción 6
P3263;Texto Search Descripción 6
P3264;Texto Search Descripción 6
P3265;Texto Search Descripción 6
P3266;Texto Search Descripción 6
P3267;Texto Search Descripción 6
P3268;Texto Search Descripción 6
P3269;Texto Search Descripción 6
P3270;Texto Search Descripción 6
P3271;Texto Search Descripción 6
P3272;Texto Search Descripción 6
P3273;Texto Search Descripción 6
P3274;Texto Search Descripción 6
P3275;Texto Search Descripción 6
P3276;Texto Search Descripción 6
P3277;Texto Search Descripción 6
P3278;Texto Search Descripción 6
P3279;Texto Search Descripción 6
P3280;Texto Search Descripción 6
P3281;Texto Search Descripción 6
P3282;Texto Search Descripción 6
P3283;Texto Search Descripción 6
P3284;Texto Search Descripción 6
P3285;Texto Search Descripción 6
P3286;Texto Search Descripción 6
P3287;Texto Search Descripción 6
P3288;Texto Search Descripción 6
P3289;Texto Search Descripción 6
P3290;Texto Search Descripción 6
P3291;Texto Search Descripción 6
P3292;Texto Search Descripción 6
P3293;Texto Search Descripción 6
P3294;Texto Search Descripción 6
P3295;Texto Search Descripción 6
P3296;Texto Search Descripción 6
P3297;Texto Search Descripción 6
P3298;Texto Search Descripción 6
P3299;Texto Search Descripción 1746
P3300;Texto Search Descripción 6
P3301;Texto Search Descripción 6
P3302;Texto Search Descripción 6
P3303;Texto Search Descripción 6
P3304;Texto Search Descripción 6
P3305;Texto Search Descripción 6
P3306;Texto Search Descripción 6
P3307;Texto Search Descripción 6
P3308;Texto Search Descripción 6
P3309;Texto Search Descripción 6
P3310;Texto Search Descripción 6
P3311;Texto Search Descripción 6
P3312;Texto Search Descripción 6
P3313;Texto Search Descripción 6
P3314;Texto Search Descripción 6
P3315;Texto Search Descripción 6
P3316;Texto Search Descripción 6
P3317;Texto Search Descripción 6
P3318;Texto Search Descripción 6
P3319;Texto Search Descripción 6
P3320;Texto Search Descripción 6
P3321;Texto Search Descripción 6
P3322;Texto Search Descripción 6
P3323;Texto Search Descripción 6
P3324;Texto Search Descripción 6
P3325;Texto Search Descripción 6
P3326;Texto Search Descripción 6
P3327;Texto Search Descripción 6
P3328;Texto Search Descripción 6
P3329;Texto Search Descripción 6
P3330;Texto Search Descripción 6
P3331;Texto Search Descripción 6
P3332;Texto Search Descripción 6
P3333;Texto Search Descripción 6
P3334;Texto Search Descripción 6
P3335;Texto Search Descripción 6
P3336;Texto Search Descripción 6
P3337;Texto Search Descripción 6
P3338;Texto Search Descripción 6
P3339;Texto Search Descripción 6
P3340;Texto Search Descripción 6
P3341;Texto Search Descripción 6
P3342;Texto Search Descripción 6
P3343;Texto Search Descripción 6
P3344;Texto Search Descripción 6
P3345;Texto Search Descripción 6
P3346;Texto Search Descripción 6
P3347;Texto Search Descripción 6
P3348;Texto Search Descripción 6
P3349;Texto Search Descripción 6
P3350;Texto Search Descripción 6
P3351;Texto Search Descripción 6
P3354;Texto Search Descripción 6
P3355;Texto Search Descripción 6
P3356;Texto Search Descripción 6
P3357;Texto Search Descripción 6
P3358;Texto Search Descripción 6
P3359;Texto Search Descripción 6
P3360;Texto Search Descripción 6
P3361;Texto Search Descripción 6
P3362;Texto Search Descripción 6
P3363;Texto Search Descripción 6
P3364;Texto Search Descripción 6
P3365;Texto Search Descripción 6
P3366;Texto Search Descripción 6
P3367;Texto Search Descripción 6
P3368;Texto Search Descripción 6
P3369;Texto Search Descripción 6
P3370M;Texto Search Descripción 6
P3371;Texto Search Descripción 6
P3371M;Texto Search Descripción 6
P3372;Texto Search Descripción 6
P3373;Texto Search Descripción 6
P3374;Texto Search Descripción 6
P3375;Texto Search Descripción 6
P3376;Texto Search Descripción 6
P3378;Texto Search Descripción 6
P3379;Texto Search Descripción 6
P3380;Texto Search Descripción 6
P3381;Texto Search Descripción 6
P3382;Texto Search Descripción 6
P3383;Texto Search Descripción 6
P3384;Texto Search Descripción 6
P3385;Texto Search Descripción 6
P3386;Texto Search Descripción 6
P3387;Texto Search Descripción 6
P3388;Texto Search Descripción 6
P3389;Texto Search Descripción 6
P3390;Texto Search Descripción 6
P4001;Texto Search Descripción 24
P4002;Texto Search Descripción 24
P4003;Texto Search Descripción 24
P4004;Texto Search Descripción 24
P4005;Texto Search Descripción 24
P4006;Texto Search Descripción 24
P4007;Texto Search Descripción 24
P4008;Texto Search Descripción 24
P4009;Texto Search Descripción 24
P4010;Texto Search Descripción 24
P4011;Texto Search Descripción 24
P4012;Texto Search Descripción 24
P4013;Texto Search Descripción 24
P4014;Texto Search Descripción 24
P4015;N/A
P4016;Texto Search Descripción 24
P4017;Texto Search Descripción 24
P4018;Texto Search Descripción 24
P4019;Texto Search Descripción 24
P4020;N/A
P4021;Texto Search Descripción 24
P4022;Texto Search Descripción 24
P4023;Texto Search Descripción 24
P4024;Texto Search Descripción 24
P4025;Texto Search Descripción 24
P4026;Texto Search Descripción 24
P4027;Texto Search Descripción 24
P4028;Texto Search Descripción 24
P4029;Texto Search Descripción 24
P4030;Texto Search Descripción 24
P4031;Texto Search Descripción 24
P4032;Texto Search Descripción 24
P4033;Texto Search Descripción 24
P4034;Texto Search Descripción 24
P4035;Texto Search Descripción 24
P4036;Texto Search Descripción 43
P4037;Texto Search Descripción 24
P4038;Texto Search Descripción 24
P4039;Texto Search Descripción 24
P4040;Texto Search Descripción 24
P4041;Texto Search Descripción 24
P4042;Texto Search Descripción 24
P4043;Texto Search Descripción 24
P4044;Texto Search Descripción 24
P4045;Texto Search Descripción 24
P4046;Texto Search Descripción 24
P4047;Texto Search Descripción 24
P4048;Texto Search Descripción 24
P4049;Texto Search Descripción 24
P4050;Texto Search Descripción 24
P4051;Texto Search Descripción 24
P4052;Texto Search Descripción 24
P4053;Texto Search Descripción 24
P4054;Texto Search Descripción 24
P4055;Texto Search Descripción 24
P4056;Texto Search Descripción 24
P4057;Texto Search Descripción 24
P4058;Texto Search Descripción 24
P4059;Texto Search Descripción 24
P4060;Texto Search Descripción 24
P4061;Texto Search Descripción 24
P4062;Texto Search Descripción 24
P4063;Texto Search Descripción 24
P4064;Texto Search Descripción 24
P4065;Texto Search Descripción 24
P4066;Texto Search Descripción 24
P4067;Texto Search Descripción 24
P4068;Texto Search Descripción 24
P4069;Texto Search Descripción 24
P4070;Texto Search Descripción 24
P4071;Texto Search Descripción 24
P4072;Texto Search Descripción 24
P4073;Texto Search Descripción 24
P4074;Texto Search Descripción 24
P4075;Texto Search Descripción 24
P4076;Texto Search Descripción 24
P4077;Texto Search Descripción 24
P4078;Texto Search Descripción 24
P4079;Texto Search Descripción 24
P4080;Texto Search Descripción 24
P4081;Texto Search Descripción 43
P4082;Texto Search Descripción 24
P4083;Texto Search Descripción 24
P4084;Texto Search Descripción 24
P4085;Texto Search Descripción 24
P4086;Texto Search Descripción 24
P4087;Texto Search Descripción 43
P4088;Texto Search Descripción 24
P4089;Texto Search Descripción 24
P4090;Texto Search Descripción 24
P4091;Texto Search Descripción 24
P4092;Texto Search Descripción 24
P4093;Texto Search Descripción 24
P4094;Texto Search Descripción 43
P4095;Texto Search Descripción 24
P4096;Texto Search Descripción 24
P4097;Texto Search Descripción 24
P4098;Texto Search Descripción 24
P4099;Texto Search Descripción 24
P4100;Texto Search Descripción 43
P4101;Texto Search Descripción 24
P4102;Texto Search Descripción 24
P4103;Texto Search Descripción 24
P4104;Texto Search Descripción 24
P4105;Texto Search Descripción 24
P4106;Texto Search Descripción 24
P4107;Texto Search Descripción 24
P4108;Texto Search Descripción 24
P4109;Texto Search Descripción 24
P4110;Texto Search Descripción 24
P4111;Texto Search Descripción 24
P4112;Texto Search Descripción 24
P4113;Texto Search Descripción 24
P4114;Texto Search Descripción 24
P4115;Texto Search Descripción 24
P4116;Texto Search Descripción 24
P4117;Texto Search Descripción 24
P4118;Texto Search Descripción 24
P4119;Texto Search Descripción 24
P4120;Texto Search Descripción 24
P4121;Texto Search Descripción 24
P4122;Texto Search Descripción 24
P4123;Texto Search Descripción 24
P4124;Texto Search Descripción 24
P4125;Texto Search Descripción 24
P4126;Texto Search Descripción 24
P4127;Texto Search Descripción 24
P4128;Texto Search Descripción 24
P4129;Texto Search Descripción 24
P4130;Texto Search Descripción 24
P4131;Texto Search Descripción 24
P4132;Texto Search Descripción 24
P4133;Texto Search Descripción 1720
P4134;Texto Search Descripción 24
P4135;Texto Search Descripción 24
P4136;Texto Search Descripción 24
P4137;Texto Search Descripción 24
P4138;Texto Search Descripción 24
P4139;Texto Search Descripción 43
P4140;Texto Search Descripción 43
P4141;Texto Search Descripción 24
P4142;Texto Search Descripción 24
P4143;Texto Search Descripción 24
P4144;Texto Search Descripción 24
P4145;Texto Search Descripción 24
P4146;Texto Search Descripción 24
P4147;Texto Search Descripción 24
P4148;Texto Search Descripción 24
P4149;Texto Search Descripción 24
P4150;Texto Search Descripción 19
P4151;Texto Search Descripción 19
P4152;Texto Search Descripción 19
P4152P;Texto Search Descripción 10
P4153;Texto Search Descripción 19
P4154;Texto Search Descripción 19
P4155;Texto Search Descripción 19
P4156;Texto Search Descripción 19
P4157;Texto Search Descripción 19
P4157P;Texto Search Descripción 10
P4158;Texto Search Descripción 19
P4159;Texto Search Descripción 19
P4160;Texto Search Descripción 19
P4161;Texto Search Descripción 19
P4162;Texto Search Descripción 19
P4163M;Texto Search Descripción 19
P4164M;Texto Search Descripción 19
P4165M;Texto Search Descripción 19
P4166;Texto Search Descripción 19
P4167;Texto Search Descripción 19
P4168;Texto Search Descripción 19
P4169;Texto Search Descripción 19
P4169P;Texto Search Descripción 19
P4170;Texto Search Descripción 19
P4171;Texto Search Descripción 19
P4172;Texto Search Descripción 19
P4172P;Texto Search Descripción 10
P4173;Texto Search Descripción 19
P4174;Texto Search Descripción 19
P4175;Texto Search Descripción 19
P4176;Texto Search Descripción 19
P4176P;Texto Search Descripción 10
P4177;Texto Search Descripción 19
P4178;Texto Search Descripción 19
P4179;Texto Search Descripción 19
P4179P;Texto Search Descripción 10
P4180;Texto Search Descripción 19
P4181;Texto Search Descripción 19
P4182;Texto Search Descripción 19
P4183;Texto Search Descripción 19
P4184;Texto Search Descripción 19
P4185;Texto Search Descripción 19
P4185P;Texto Search Descripción 10
P4186;Texto Search Descripción 19
P4187;Texto Search Descripción 19
P4188;Texto Search Descripción 19
P4189;Texto Search Descripción 19
P4189P;Texto Search Descripción 10
P4190;Texto Search Descripción 19
P4191;Texto Search Descripción 19
P4192;Texto Search Descripción 19
P4193;Texto Search Descripción 19
P4193P;Texto Search Descripción 10
P4194;Texto Search Descripción 19
P4195;Texto Search Descripción 19
P4196;Texto Search Descripción 19
P4197;Texto Search Descripción 19
P4198;Texto Search Descripción 19
P4199;Texto Search Descripción 19
P4200;Texto Search Descripción 19
P4201;Texto Search Descripción 19
P4201P;Texto Search Descripción 10
P4202;Texto Search Descripción 19
P4203;Texto Search Descripción 19
P4204;Texto Search Descripción 19
P4204P;Texto Search Descripción 10
P4205;Texto Search Descripción 19
P4206;Texto Search Descripción 19
P4207;Texto Search Descripción 19
P4208;Texto Search Descripción 19
P4209;Texto Search Descripción 19
P4210;Texto Search Descripción 19
P4211;Texto Search Descripción 19
P4212;Texto Search Descripción 19
P4212P;Texto Search Descripción 10
P4213;Texto Search Descripción 19
P4214;Texto Search Descripción 19
P4215;Texto Search Descripción 19
P4216;Texto Search Descripción 19
P4217;Texto Search Descripción 19
P4218;Texto Search Descripción 19
P4219;Texto Search Descripción 19
P4220;Texto Search Descripción 19
P4221;Texto Search Descripción 19
P4222;Texto Search Descripción 19
P4222P;Texto Search Descripción 10
P4223;Texto Search Descripción 19
P4224;Texto Search Descripción 19
P4225;Texto Search Descripción 19
P4226;Texto Search Descripción 19
P4227;Texto Search Descripción 19
P4228;Texto Search Descripción 19
P4228P;Texto Search Descripción 10
P4229;Texto Search Descripción 19
P4230;Texto Search Descripción 19
P4231;Texto Search Descripción 19
P4232;Texto Search Descripción 19
P4233;Texto Search Descripción 19
P4234;Texto Search Descripción 19
P4235;Texto Search Descripción 19
P4236;Texto Search Descripción 19
P4237;Texto Search Descripción 19
P4237P;Texto Search Descripción 10
P4238;Texto Search Descripción 19
P4239;Texto Search Descripción 19
P4240;Texto Search Descripción 19
P4241;Texto Search Descripción 19
P4248;Texto Search Descripción 19
P4249;Texto Search Descripción 19
P4250;Texto Search Descripción 19
P4251;Texto Search Descripción 19
P4252;Texto Search Descripción 19
P4253;Texto Search Descripción 19
P4255;Texto Search Descripción 19
P4256;Texto Search Descripción 19
P4257;Texto Search Descripción 19
P4258;Texto Search Descripción 19
P4259;Texto Search Descripción 19
P4260;Texto Search Descripción 19
P4261;Texto Search Descripción 19
P4263;Texto Search Descripción 19
P4264M;Texto Search Descripción 19
P4265;Texto Search Descripción 19
P4265P;Texto Search Descripción 10
P4266M;Texto Search Descripción 19
P4267;Texto Search Descripción 19
P4267P;Texto Search Descripción 10
P4268;Texto Search Descripción 19
P4269;Texto Search Descripción 19
P4270;Texto Search Descripción 19
P4271;Texto Search Descripción 19
P4272;Texto Search Descripción 19
P4273;Texto Search Descripción 19
P4274;Texto Search Descripción 19
P4274P;Texto Search Descripción 10
P4275;Texto Search Descripción 19
P4277;Texto Search Descripción 19
P4278;Texto Search Descripción 19
P4279;Texto Search Descripción 19
P4279P;Texto Search Descripción 10
P4280;Texto Search Descripción 19
P4281;Texto Search Descripción 19
P4282;Texto Search Descripción 19
P4282P;Texto Search Descripción 10
P4284;Texto Search Descripción 19
P4286;Texto Search Descripción 19
P4287;Texto Search Descripción 19
P4287P;Texto Search Descripción 10
P4288;Texto Search Descripción 19
P4289;Texto Search Descripción 19
P4290;Texto Search Descripción 19
P4291;Texto Search Descripción 19
P4292;Texto Search Descripción 19
P4293;Texto Search Descripción 19
P4293P;Texto Search Descripción 19
P4295;Texto Search Descripción 19
P4296;Texto Search Descripción 19
P4297;Texto Search Descripción 19
P4298;Texto Search Descripción 19
P4299;Texto Search Descripción 19
P4300;Texto Search Descripción 19
P4301;Texto Search Descripción 19
P4302;Texto Search Descripción 19
P4303;Texto Search Descripción 19
P4304;Texto Search Descripción 19
P4305;Texto Search Descripción 19
P4306;Texto Search Descripción 19
P4307;Texto Search Descripción 19
P4308;Texto Search Descripción 19
P4309;Texto Search Descripción 19
P4309RUBEN;Texto Search Descripción 10
P4310;Texto Search Descripción 19
P4311;Texto Search Descripción 19
P4312;Texto Search Descripción 19
P4313;Texto Search Descripción 19
P4314;Texto Search Descripción 19
P4315;Texto Search Descripción 19
P4316;Texto Search Descripción 19
P4317;Texto Search Descripción 19
P4318;Texto Search Descripción 19
P4319;Texto Search Descripción 19
P4320;Texto Search Descripción 19
P4321;Texto Search Descripción 19
P4322;Texto Search Descripción 19
P4323;Texto Search Descripción 19
P4324;Texto Search Descripción 19
P4325;Texto Search Descripción 19
P4326;Texto Search Descripción 19
P4327;Texto Search Descripción 19
P4328;Texto Search Descripción 24
P4329;Texto Search Descripción 19
P4330;Texto Search Descripción 24
P4331;Texto Search Descripción 24
P4332;Texto Search Descripción 24
P4333;Texto Search Descripción 24
P4334;Texto Search Descripción 24
P4335;Texto Search Descripción 24
P4336;Texto Search Descripción 24
P4337;Texto Search Descripción 24
P4338;Texto Search Descripción 24
P4339;Texto Search Descripción 24
P4340;Texto Search Descripción 19
P4341;Texto Search Descripción 19
P4341P;Texto Search Descripción 10
P4342;Texto Search Descripción 19
P4343;Texto Search Descripción 24
P4344;Texto Search Descripción 19
P4345;Texto Search Descripción 19
P4346;Texto Search Descripción 19
P4347;Texto Search Descripción 24
P4348;Texto Search Descripción 19
P4349;Texto Search Descripción 19
P4350;Texto Search Descripción 19
P4351;Texto Search Descripción 19
P4352;Texto Search Descripción 19
P4353;Texto Search Descripción 19
P4353P;Texto Search Descripción 19
P4354;Texto Search Descripción 19
P4354P;Texto Search Descripción 10
P4355;Texto Search Descripción 19
P4356;Texto Search Descripción 19
P4357;Texto Search Descripción 19
P4358;Texto Search Descripción 19
P4359;Texto Search Descripción 10
P4359P;Texto Search Descripción 10
P4360;Texto Search Descripción 19
P4361;Texto Search Descripción 19
P4362;Texto Search Descripción 19
P4363;Texto Search Descripción 19
P4364;Texto Search Descripción 19
P4365;Texto Search Descripción 19
P4366;Texto Search Descripción 43
P4367;Texto Search Descripción 19
P4368;Texto Search Descripción 19
P4369;Texto Search Descripción 24
P4370;Texto Search Descripción 24
P4371;Texto Search Descripción 19
P4372;Texto Search Descripción 19
P4373;Texto Search Descripción 19
P4374;Texto Search Descripción 19
P4375;Texto Search Descripción 19
P4376;Texto Search Descripción 19
P4377;Texto Search Descripción 19
P4378;Texto Search Descripción 19
P4379;Texto Search Descripción 19
P4380;Texto Search Descripción 19
P4380P;Texto Search Descripción 19
P4381;Texto Search Descripción 19
P4382;Texto Search Descripción 19
P4382W;Texto Search Descripción 10
P4383;Texto Search Descripción 19
P4384;Texto Search Descripción 19
P4385;Texto Search Descripción 19
P4386;Texto Search Descripción 19
P4387;Texto Search Descripción 19
P4388;Texto Search Descripción 24
P4389;Texto Search Descripción 19
P4390;Texto Search Descripción 19
P4391;Texto Search Descripción 19
P4392;Texto Search Descripción 19
P4393;Texto Search Descripción 19
P4395;Texto Search Descripción 19
P4396;Texto Search Descripción 19
P4396P;Texto Search Descripción 10
P4397;Texto Search Descripción 19
P4398;Texto Search Descripción 19
P4399;Texto Search Descripción 19
P4400M;Texto Search Descripción 19
P4401;Texto Search Descripción 19
P4402;Texto Search Descripción 19
P4403;Texto Search Descripción 24
P4404;Texto Search Descripción 24
P4405;Texto Search Descripción 19
P4406;Texto Search Descripción 24
P4407;Texto Search Descripción 24
P4408;Texto Search Descripción 24
P4409;Texto Search Descripción 19
P4410;Texto Search Descripción 19
P4411;Texto Search Descripción 19
P4413;Texto Search Descripción 24
P4414;Texto Search Descripción 19
P4415;Texto Search Descripción 19
P4416;Texto Search Descripción 19
P4417;Texto Search Descripción 19
P4420;Texto Search Descripción 19
P4421;Texto Search Descripción 24
P4422;Texto Search Descripción 19
P4422P;Texto Search Descripción 10
P4423;Texto Search Descripción 19
P4424;Texto Search Descripción 19
P4425;Texto Search Descripción 19
P4426;Texto Search Descripción 19
P4427;Texto Search Descripción 19
P4428;Texto Search Descripción 19
P4429;Texto Search Descripción 19
P4430;Texto Search Descripción 19
P4430P;Texto Search Descripción 19
P4431;Texto Search Descripción 19
P4432;Texto Search Descripción 19
P4433;Texto Search Descripción 19
P4433P;Texto Search Descripción 10
P4434;Texto Search Descripción 19
P4435;Texto Search Descripción 19
P4436;Texto Search Descripción 19
P4437;Texto Search Descripción 19
P4438;Texto Search Descripción 19
P4439;Texto Search Descripción 19
P4440;Texto Search Descripción 19
P4441;Texto Search Descripción 19
P4442;Texto Search Descripción 19
P4443;Texto Search Descripción 24
P4444;Texto Search Descripción 19
P4445;Texto Search Descripción 19
P4446;Texto Search Descripción 19
P4447;Texto Search Descripción 19
P4448;Texto Search Descripción 19
P4449;Texto Search Descripción 19
P4450;Texto Search Descripción 19
P4451;Texto Search Descripción 10
P4452;Texto Search Descripción 19
P4453;Texto Search Descripción 24
P4454;Texto Search Descripción 10
P4455;Texto Search Descripción 10
P4456;Texto Search Descripción 19
P4457;Texto Search Descripción 10
P4458;Texto Search Descripción 24
P4459;Texto Search Descripción 24
P4460;Texto Search Descripción 19
P4461;Texto Search Descripción 19
P4462;Texto Search Descripción 19
P4463;Texto Search Descripción 19
P4464;Texto Search Descripción 19
P4465;Texto Search Descripción 10
P4466;Texto Search Descripción 10
P4467;Texto Search Descripción 10
P4468;Texto Search Descripción 10
P4469;Texto Search Descripción 10
P4470;Texto Search Descripción 24
P4471;Texto Search Descripción 10
P4472;Texto Search Descripción 10
P4473;Texto Search Descripción 10
P4474;Texto Search Descripción 10
P4476;Texto Search Descripción 10
P4477;Texto Search Descripción 10
P4478;Texto Search Descripción 10
P4479;Texto Search Descripción 10
P4480;Texto Search Descripción 10
P4481;Texto Search Descripción 10
P4482;Texto Search Descripción 10
P4483;Texto Search Descripción 10
P4484;Texto Search Descripción 10
P4485;Texto Search Descripción 10
P4486;Texto Search Descripción 10
P4487;Texto Search Descripción 10
P4488;Texto Search Descripción 10
P4489;Texto Search Descripción 10
P4490;Texto Search Descripción 10
P4491;Texto Search Descripción 10
P4492;Texto Search Descripción 10
P4493;Texto Search Descripción 10
P4494;Texto Search Descripción 10
P4495;Texto Search Descripción 10
P4496;Texto Search Descripción 10
P4497;Texto Search Descripción 10
P4498;Texto Search Descripción 10
P4499;Texto Search Descripción 10
P4500;Texto Search Descripción 10
P4501;Texto Search Descripción 10
P4502;Texto Search Descripción 10
P4503;Texto Search Descripción 10
P4504;Texto Search Descripción 10
P4505;Texto Search Descripción 10
P4506;Texto Search Descripción 10
P4507;Texto Search Descripción 10
P4508;Texto Search Descripción 10
P4509;Texto Search Descripción 10
P4510;Texto Search Descripción 10
P4511;Texto Search Descripción 10
P4513;Texto Search Descripción 10
P4514;Texto Search Descripción 10
P4515;Texto Search Descripción 10
P4516;Texto Search Descripción 10
P4517;Texto Search Descripción 10
P4518;Texto Search Descripción 10
P4519;Texto Search Descripción 10
P4520;Texto Search Descripción 10
P4521;Texto Search Descripción 10
P4522;Texto Search Descripción 10
P4523;Texto Search Descripción 10
P4524;Texto Search Descripción 10
P4525;Texto Search Descripción 10
P4526;Texto Search Descripción 10
P4527;Texto Search Descripción 10
P4528;Texto Search Descripción 10
P4529;Texto Search Descripción 1721
P4530;Texto Search Descripción 10
P4531;Texto Search Descripción 10
P4532;Texto Search Descripción 10
P4533;Texto Search Descripción 10
P4534;Texto Search Descripción 10
P4535;Texto Search Descripción 10
P4536;Texto Search Descripción 10
P4537;Texto Search Descripción 10
P4538;Texto Search Descripción 10
P4539;Texto Search Descripción 10
P4540;Texto Search Descripción 10
P4541;Texto Search Descripción 10
P4542;Texto Search Descripción 10
P4543;Texto Search Descripción 10
P4544;Texto Search Descripción 10
P4545;Texto Search Descripción 10
P4546;Texto Search Descripción 10
P4547;Texto Search Descripción 10
P4548;Texto Search Descripción 10
P4549;Texto Search Descripción 10
P4550;Texto Search Descripción 10
P4551;Texto Search Descripción 10
P4553;Texto Search Descripción 10
P4554;Texto Search Descripción 10
P4556;Texto Search Descripción 10
P4557;Texto Search Descripción 1722
P4558;Texto Search Descripción 1723
P4559;Texto Search Descripción 1492
P4560;Texto Search Descripción 10
P4561;Texto Search Descripción 10
P4562;Texto Search Descripción 10
P4563;Texto Search Descripción 1724
P4564;Texto Search Descripción 1725
P4565;Texto Search Descripción 10
P4566;Texto Search Descripción 1726
P4567;Texto Search Descripción 1727
P4568;Texto Search Descripción 1728
P4569;Texto Search Descripción 1729
P4570;Texto Search Descripción 10
P4571;Texto Search Descripción 1730
P4572;Texto Search Descripción 1731
P4573;Texto Search Descripción 10
P4574;Texto Search Descripción 1732
P4575;Texto Search Descripción 1733
P4576;Texto Search Descripción 1734
P4577;Texto Search Descripción 1735
P4578;Texto Search Descripción 10
P4579;Texto Search Descripción 10
P4580;Texto Search Descripción 10
P4581;Texto Search Descripción 10
P4582;Texto Search Descripción 10
P4583;Texto Search Descripción 10
P4584;Texto Search Descripción 1736
P4585;Texto Search Descripción 1493
P4586;Texto Search Descripción 1737
P4587;Texto Search Descripción 10
P4588;Texto Search Descripción 10
P4589;Texto Search Descripción 10
P4591;Texto Search Descripción 10
P4592;Texto Search Descripción 10
P4593;Texto Search Descripción 10
P4594;Texto Search Descripción 10
P4595;Texto Search Descripción 10
P4596;Texto Search Descripción 24
P4597;Texto Search Descripción 10
P4598;Texto Search Descripción 10
P4599;Texto Search Descripción 10
P4600;Texto Search Descripción 10
P4601;Texto Search Descripción 10
P4602;Texto Search Descripción 10
P4607;Texto Search Descripción 10
P4608;Texto Search Descripción 10
P4609;Texto Search Descripción 10
P4610;Texto Search Descripción 10
P4611;Texto Search Descripción 10
P4613;Texto Search Descripción 10
P4614;Texto Search Descripción 10
P4615;Texto Search Descripción 10
P4616;Texto Search Descripción 10
P4617;Texto Search Descripción 10
P4618;Texto Search Descripción 24
P4619;Texto Search Descripción 10
P4620;Texto Search Descripción 10
P4621;Texto Search Descripción 10
P4622;Texto Search Descripción 10
P4623;Texto Search Descripción 10
P4624;Texto Search Descripción 10
P4625;Texto Search Descripción 10
P4626;Texto Search Descripción 10
P4627;Texto Search Descripción 10
P4628;Texto Search Descripción 10
P4629;Texto Search Descripción 10
P4630;Texto Search Descripción 10
P4632;Texto Search Descripción 10
P4633;Texto Search Descripción 10
P4634;Texto Search Descripción 10
P4635;Texto Search Descripción 10
P4636;Texto Search Descripción 10
P4637;Texto Search Descripción 10
P4638;Texto Search Descripción 10
P4639;Texto Search Descripción 10
P4640;Texto Search Descripción 10
P4641;Texto Search Descripción 10
P4642;Texto Search Descripción 10
P4643;Texto Search Descripción 10
P4644;Texto Search Descripción 10
P4645;Texto Search Descripción 10
P4646;Texto Search Descripción 10
P4647;Texto Search Descripción 10
P4648;Texto Search Descripción 10
P4650;Texto Search Descripción 10
P4651;Texto Search Descripción 1738
P4652;Texto Search Descripción 10
P4653;Texto Search Descripción 10
P4654;Texto Search Descripción 24
P4655;Texto Search Descripción 10
P4656;Texto Search Descripción 24
P4657;Texto Search Descripción 10
P4658;Texto Search Descripción 10
P4659;Texto Search Descripción 10
P4660;Texto Search Descripción 10
P4661;Texto Search Descripción 10
P4662;Texto Search Descripción 10
P4663;Texto Search Descripción 10
P4664;Texto Search Descripción 10
P4665;Texto Search Descripción 10
P4666;Texto Search Descripción 10
P4667;Texto Search Descripción 10
P4668;Texto Search Descripción 10
P4669;Texto Search Descripción 10
P4670;Texto Search Descripción 10
P4671;Texto Search Descripción 10
P4672;Texto Search Descripción 10
P4673;Texto Search Descripción 10
P4674;Texto Search Descripción 10
P4675;Texto Search Descripción 10
P4676;Texto Search Descripción 10
P4677;Texto Search Descripción 10
P4678;Texto Search Descripción 10
P4679;Texto Search Descripción 10
P4680;Texto Search Descripción 10
P4681;Texto Search Descripción 10
P4683;Texto Search Descripción 1739
P4684;Texto Search Descripción 10
P4685;Texto Search Descripción 10
P4686;Texto Search Descripción 10
P4687;Texto Search Descripción 10
P4688;Texto Search Descripción 10
P4689;Texto Search Descripción 10
P4690;Texto Search Descripción 10
P4691;Texto Search Descripción 10
P4692;Texto Search Descripción 10
P4693;Texto Search Descripción 10
P4694;Texto Search Descripción 10
P4695;Texto Search Descripción 10
P4696;Texto Search Descripción 10
P4697;Texto Search Descripción 10
P4698;Texto Search Descripción 10
P4699;Texto Search Descripción 10
P4700;Texto Search Descripción 10
P4701;Texto Search Descripción 10
P4702;Texto Search Descripción 10
P4703;Texto Search Descripción 10
P4704;Texto Search Descripción 10
P4705;Texto Search Descripción 10
P4706;Texto Search Descripción 10
P4707;Texto Search Descripción 10
P4708;Texto Search Descripción 10
P4709;Texto Search Descripción 10
P4710;Texto Search Descripción 10
P4711;Texto Search Descripción 10
P4712;Texto Search Descripción 10
P4713;Texto Search Descripción 10
P4714;Texto Search Descripción 10
P4715;Texto Search Descripción 10
P4716;Texto Search Descripción 10
P4717;Texto Search Descripción 10
P4718;Texto Search Descripción 10
P4719;Texto Search Descripción 10
P4720;Texto Search Descripción 10
P4721;Texto Search Descripción 10
P4722;Texto Search Descripción 10
P4723;Texto Search Descripción 10
P4724;Texto Search Descripción 10
P4725;Texto Search Descripción 10
P4726;Texto Search Descripción 10
P4727;Texto Search Descripción 10
P4728;Texto Search Descripción 10
P4729;Texto Search Descripción 10
P4730;Texto Search Descripción 10
P4731;Texto Search Descripción 10
P4733;Texto Search Descripción 10
P4734;Texto Search Descripción 10
P4735;Texto Search Descripción 10
P4736;Texto Search Descripción 10
P4737;Texto Search Descripción 10
P4738;Texto Search Descripción 10
P4739;Texto Search Descripción 10
P4740;Texto Search Descripción 10
P4741;Texto Search Descripción 10
P4742;Texto Search Descripción 10
P4743;Texto Search Descripción 10
P4744;Texto Search Descripción 10
P4745;Texto Search Descripción 10
P4746;Texto Search Descripción 10
P4747;Texto Search Descripción 10
P4748;Texto Search Descripción 10
P4749;Texto Search Descripción 10
P4750;Texto Search Descripción 10
P4751;Texto Search Descripción 10
P4752;Texto Search Descripción 10
P4753;Texto Search Descripción 10
P4754;Texto Search Descripción 24
P4755;Texto Search Descripción 10
P4756;Texto Search Descripción 10
P4757M;Texto Search Descripción 10
P4758;Texto Search Descripción 10
P4759;Texto Search Descripción 10
P4760;Texto Search Descripción 10
P4761;Texto Search Descripción 10
P4762;Texto Search Descripción 10
P4763;Texto Search Descripción 10
P4764;Texto Search Descripción 10
P4765;Texto Search Descripción 10
P4766;Texto Search Descripción 10
P4767;Texto Search Descripción 10
P4768;Texto Search Descripción 10
P4770;Texto Search Descripción 10
P4771;Texto Search Descripción 10
P4772;Texto Search Descripción 10
P4773;Texto Search Descripción 10
P4774;Texto Search Descripción 10
P4775;Texto Search Descripción 10
P4776;Texto Search Descripción 10
P4777;Texto Search Descripción 10
P4778;Texto Search Descripción 10
P4779;Texto Search Descripción 10
P4780;Texto Search Descripción 10
P4781;Texto Search Descripción 10
P4782;Texto Search Descripción 10
P4783;Texto Search Descripción 10
P4784;Texto Search Descripción 10
P4785;Texto Search Descripción 10
P4786;Texto Search Descripción 10
P4787;Texto Search Descripción 10
P4788;Texto Search Descripción 10
P4789;Texto Search Descripción 10
P4790;Texto Search Descripción 10
P4791;Texto Search Descripción 10
P4792;Texto Search Descripción 10
P4793;Texto Search Descripción 10
P4794;Texto Search Descripción 10
P4795;Texto Search Descripción 10
P4796;Texto Search Descripción 10
P4797;Texto Search Descripción 10
P4798;Texto Search Descripción 10
P4799;Texto Search Descripción 10
P4800;Texto Search Descripción 10
P4801;Texto Search Descripción 10
P4802;Texto Search Descripción 10
P4803;Texto Search Descripción 10
P4804;Texto Search Descripción 10
P4805;Texto Search Descripción 10
P4806;Texto Search Descripción 10
P4807;Texto Search Descripción 10
P4808;Texto Search Descripción 10
P4809;Texto Search Descripción 10
P4810;Texto Search Descripción 10
P4811;Texto Search Descripción 10
P4813;Texto Search Descripción 10
P4814;Texto Search Descripción 10
P4815;Texto Search Descripción 10
P4816;Texto Search Descripción 10
P4817;Texto Search Descripción 10
P4818;Texto Search Descripción 10
P4819;Texto Search Descripción 10
P4820;Texto Search Descripción 10
P4821;Texto Search Descripción 10
P4822;Texto Search Descripción 10
P4823;Texto Search Descripción 10
P4824;Texto Search Descripción 10
P4825;Texto Search Descripción 10
P4826;Texto Search Descripción 10
P4827;Texto Search Descripción 10
P4828;Texto Search Descripción 10
P4829;Texto Search Descripción 10
P4830;Texto Search Descripción 10
P4831;Texto Search Descripción 24
P4832;Texto Search Descripción 10
P4833;Texto Search Descripción 10
P4834;Texto Search Descripción 10
P4835;Texto Search Descripción 10
P4836;Texto Search Descripción 10
P4837;Texto Search Descripción 10
P4838;Texto Search Descripción 10
P4839;Texto Search Descripción 10
P4840;Texto Search Descripción 10
P4841;Texto Search Descripción 10
P4842;Texto Search Descripción 10
P4843;Texto Search Descripción 10
P4844;Texto Search Descripción 10
P4845;Texto Search Descripción 10
P4846;Texto Search Descripción 10
P4847;Texto Search Descripción 10
P4848;Texto Search Descripción 10
P4849;Texto Search Descripción 10
P4850;Texto Search Descripción 10
P4851;Texto Search Descripción 10
P4852;Texto Search Descripción 10
P4853;Texto Search Descripción 10
P4854;Texto Search Descripción 10
P4855;Texto Search Descripción 10
P4856;Texto Search Descripción 10
P4857;Texto Search Descripción 10
P4858;Texto Search Descripción 10
P4859;Texto Search Descripción 10
P4860;Texto Search Descripción 10
P4861;Texto Search Descripción 10
P4862;Texto Search Descripción 10
P4863;Texto Search Descripción 10
P4864;Texto Search Descripción 10
P4865;Texto Search Descripción 10
P4866;Texto Search Descripción 10
P4867;Texto Search Descripción 10
P4868;Texto Search Descripción 10
P4869;Texto Search Descripción 10
P4870;Texto Search Descripción 10
P4871;Texto Search Descripción 10
P4872;Texto Search Descripción 10
P4873;Texto Search Descripción 10
P4874;Texto Search Descripción 10
P4875;Texto Search Descripción 10
P4876;Texto Search Descripción 10
P4878;Texto Search Descripción 10
P4879;Texto Search Descripción 10
P4882;Texto Search Descripción 10
P4883;Texto Search Descripción 10
P4884;Texto Search Descripción 10
P4885;Texto Search Descripción 10
P4886;Texto Search Descripción 10
P4887;Texto Search Descripción 10
P4888;Texto Search Descripción 10
P4889;Texto Search Descripción 10
P4890;Texto Search Descripción 10
P4893;Texto Search Descripción 10
P4894;Texto Search Descripción 10
P4895;Texto Search Descripción 10
P4896;Texto Search Descripción 10
P4897;Texto Search Descripción 10
P4898;Texto Search Descripción 10
P4899;Texto Search Descripción 10
P4900;Texto Search Descripción 10
P4901;Texto Search Descripción 10
P4902;Texto Search Descripción 10
P4903;Texto Search Descripción 10
P4904;Texto Search Descripción 10
P4905;Texto Search Descripción 10
P4906;Texto Search Descripción 10
P4907;Texto Search Descripción 10
P4908;Texto Search Descripción 10
P4909;Texto Search Descripción 10
P4910;Texto Search Descripción 10
P4911;Texto Search Descripción 10
P4912;Texto Search Descripción 10
P4913;Texto Search Descripción 10
P4914;Texto Search Descripción 10
P4915;Texto Search Descripción 19
P4916;Texto Search Descripción 1494
P4917;Texto Search Descripción 10
P4918;Texto Search Descripción 10
P4919;Texto Search Descripción 10
P4920;Texto Search Descripción 10
P4921;Texto Search Descripción 10
P4922;Texto Search Descripción 10
P4923;Texto Search Descripción 10
P4924;Texto Search Descripción 10
P5001;Texto Search Descripción 43
P5002;Texto Search Descripción 43
P5003;Texto Search Descripción 43
P5004;Texto Search Descripción 43
P5005;Texto Search Descripción 39
P5006;Texto Search Descripción 39
P5007;Texto Search Descripción 43
P5008;Texto Search Descripción 43
P5009;Texto Search Descripción 43
P5010;Texto Search Descripción 39
P5011;Texto Search Descripción 39
P5012;Texto Search Descripción 24
P5013;Texto Search Descripción 39
P5014;Texto Search Descripción 24
P5015;Texto Search Descripción 39
P5016;Texto Search Descripción 43
P5017;Texto Search Descripción 43
P5018;Texto Search Descripción 43
P5019M;Texto Search Descripción 43
P5020;Texto Search Descripción 43
P5021;Texto Search Descripción 39
P5022;Texto Search Descripción 43
P5023;Texto Search Descripción 39
P5024;Texto Search Descripción 39
P5025;Texto Search Descripción 39
P5026;Texto Search Descripción 43
P5027;Texto Search Descripción 39
P5028;Texto Search Descripción 43
P5029;Texto Search Descripción 43
P5030;Texto Search Descripción 39
P5031;Texto Search Descripción 39
P5032;Texto Search Descripción 39
P5033;Texto Search Descripción 39
P5034;Texto Search Descripción 43
P5035;Texto Search Descripción 20
P5036;Texto Search Descripción 43
P5037;Texto Search Descripción 39
P5038;Texto Search Descripción 39
P5039;Texto Search Descripción 39
P5040;Texto Search Descripción 39
P5041;Texto Search Descripción 39
P5042;Texto Search Descripción 39
P5043;Texto Search Descripción 39
P5044;Texto Search Descripción 43
P5045;Texto Search Descripción 43
P5046;Texto Search Descripción 43
P5047;Texto Search Descripción 39
P5047W;Texto Search Descripción 10
P5048;Texto Search Descripción 39
P5049;Texto Search Descripción 39
P5050;Texto Search Descripción 30
P5050P;Texto Search Descripción 10
P5051;Texto Search Descripción 30
P5052;Texto Search Descripción 30
P5053;Texto Search Descripción 30
P5054;Texto Search Descripción 30
P5055;Texto Search Descripción 30
P5055P;Texto Search Descripción 10
P5056;Texto Search Descripción 30
P5057;Texto Search Descripción 30
P5057P;Texto Search Descripción 10
P5059;Texto Search Descripción 39
P5062;Texto Search Descripción 39
P5062W;Texto Search Descripción 10
P5063;Texto Search Descripción 39
P5064;Texto Search Descripción 39
P5065;Texto Search Descripción 39
P5066;Texto Search Descripción 24
P5067;Texto Search Descripción 30
P5069;Texto Search Descripción 30
P5069P;Texto Search Descripción 10
P5070;Texto Search Descripción 30
P5070P;Texto Search Descripción 10
P5071;Texto Search Descripción 43
P5072;Texto Search Descripción 30
P5073;Texto Search Descripción 43
P5074;Texto Search Descripción 30
P5075;Texto Search Descripción 43
P5076;Texto Search Descripción 43
P5077;Texto Search Descripción 43
P5078;Texto Search Descripción 39
P5079;Texto Search Descripción 43
P5080;Texto Search Descripción 30
P5081;Texto Search Descripción 30
P5082;Texto Search Descripción 30
P5083;Texto Search Descripción 30
P5084;Texto Search Descripción 30
P5085;Texto Search Descripción 30
P5086;Texto Search Descripción 30
P5087;Texto Search Descripción 30
P5088;Texto Search Descripción 39
P5089;Texto Search Descripción 30
P5090;Texto Search Descripción 43
P5091;Texto Search Descripción 43
P5092;Texto Search Descripción 30
P5093;Texto Search Descripción 43
P5094;Texto Search Descripción 43
P5095;Texto Search Descripción 43
P5096;Texto Search Descripción 39
P5097;Texto Search Descripción 30
P5098;Texto Search Descripción 30
P5099;Texto Search Descripción 30
P5099P;Texto Search Descripción 10
P5100;Texto Search Descripción 39
P5101;Texto Search Descripción 30
P5101P;Texto Search Descripción 10
P5102;Texto Search Descripción 30
P5102P;Texto Search Descripción 30
P5103;Texto Search Descripción 30
P5103P;Texto Search Descripción 30
P5104;Texto Search Descripción 39
P5105;Texto Search Descripción 39
P5106;Texto Search Descripción 39
P5107;Texto Search Descripción 39
P5108;Texto Search Descripción 39
P5109;Texto Search Descripción 43
P5110;Texto Search Descripción 39
P5111;Texto Search Descripción 30
P5112;Texto Search Descripción 43
P5113;Texto Search Descripción 30
P5114;Texto Search Descripción 43
P5115;Texto Search Descripción 39
P5116;Texto Search Descripción 30
P5117;Texto Search Descripción 30
P5118;Texto Search Descripción 30
P5119;Texto Search Descripción 30
P5120;Texto Search Descripción 39
P5121;Texto Search Descripción 24
P5122;Texto Search Descripción 43
P5123;Texto Search Descripción 24
P5123P;Texto Search Descripción 10
P5124;Texto Search Descripción 30
P5125;Texto Search Descripción 24
P5126;Texto Search Descripción 43
P5127;Texto Search Descripción 10
P5128;Texto Search Descripción 30
P5128P;Texto Search Descripción 10
P5129;Texto Search Descripción 39
P5130;Texto Search Descripción 30
P5131;Texto Search Descripción 30
P5132;Texto Search Descripción 30
P5133;Texto Search Descripción 30
P5134;Texto Search Descripción 39
P5135;Texto Search Descripción 30
P5136;Texto Search Descripción 30
P5137;Texto Search Descripción 39
P5138;Texto Search Descripción 30
P5139;Texto Search Descripción 30
P5140;Texto Search Descripción 30
P5141;Texto Search Descripción 30
P5142;Texto Search Descripción 39
P5143;Texto Search Descripción 43
P5144;Texto Search Descripción 30
P5145;Texto Search Descripción 30
P5147;Texto Search Descripción 30
P5148;Texto Search Descripción 30
P5149;Texto Search Descripción 39
P5150;Texto Search Descripción 30
P5151;Texto Search Descripción 30
P5152;Texto Search Descripción 30
P5153;Texto Search Descripción 30
P5154;Texto Search Descripción 30
P5155;Texto Search Descripción 43
P5156;Texto Search Descripción 30
P5157;Texto Search Descripción 30
P5158;Texto Search Descripción 30
P5158P;Texto Search Descripción 10
P5159;Texto Search Descripción 30
P5159P;Texto Search Descripción 10
P5160;Texto Search Descripción 30
P5161;Texto Search Descripción 30
P5162;Texto Search Descripción 10
P5163;Texto Search Descripción 39
P5164;Texto Search Descripción 30
P5165;Texto Search Descripción 39
P5165P;Texto Search Descripción 10
P5165W;Texto Search Descripción 10
P5166;Texto Search Descripción 30
P5167;Texto Search Descripción 30
P5168;Texto Search Descripción 39
P5169;Texto Search Descripción 30
P5170;Texto Search Descripción 39
P5171;Texto Search Descripción 39
P5172;Texto Search Descripción 39
P5173;Texto Search Descripción 39
P5174;Texto Search Descripción 39
P5175;Texto Search Descripción 30
P5176;Texto Search Descripción 30
P5177;Texto Search Descripción 30
P5178;Texto Search Descripción 30
P5178P;Texto Search Descripción 10
P5179;Texto Search Descripción 30
P5179P;Texto Search Descripción 10
P5180;Texto Search Descripción 30
P5181;Texto Search Descripción 30
P5182;Texto Search Descripción 30
P5183;Texto Search Descripción 30
P5184;Texto Search Descripción 30
P5184P;Texto Search Descripción 10
P5185;Texto Search Descripción 30
P5186;Texto Search Descripción 30
P5187;Texto Search Descripción 30
P5187P;Texto Search Descripción 30
P5188;Texto Search Descripción 30
P5189;Texto Search Descripción 30
P5189P;Texto Search Descripción 10
P5190;Texto Search Descripción 30
P5190P;Texto Search Descripción 10
P5191;Texto Search Descripción 30
P5191P;Texto Search Descripción 10
P5192;Texto Search Descripción 30
P5192P;Texto Search Descripción 10
P5193;Texto Search Descripción 30
P5194;Texto Search Descripción 10
P5195;Texto Search Descripción 30
P5196;Texto Search Descripción 30
P5197;Texto Search Descripción 30
P5198;Texto Search Descripción 30
P5198P;Texto Search Descripción 10
P5199;Texto Search Descripción 30
P5200;Texto Search Descripción 30
P5201;Texto Search Descripción 30
P5202;Texto Search Descripción 30
P5203;Texto Search Descripción 30
P5204;Texto Search Descripción 30
P5205;Texto Search Descripción 30
P5206;Texto Search Descripción 30
P5207;Texto Search Descripción 30
P5208;Texto Search Descripción 10
P5209;Texto Search Descripción 39
P5210;Texto Search Descripción 10
P5211;Texto Search Descripción 39
P5212;Texto Search Descripción 39
P5213;Texto Search Descripción 39
P5214;Texto Search Descripción 43
P5215;Texto Search Descripción 1740
P5216;Texto Search Descripción 39
P5217;Texto Search Descripción 10
P5218;Texto Search Descripción 39
P5219;Texto Search Descripción 43
P5220;Texto Search Descripción 30
P5221;Texto Search Descripción 30
P5222;Texto Search Descripción 30
P5223;Texto Search Descripción 30
P5224;Texto Search Descripción 30
P5225;Texto Search Descripción 10
P5226;Texto Search Descripción 10
P5227;Texto Search Descripción 30
P5228;Texto Search Descripción 30
P5229;Texto Search Descripción 30
P5230;Texto Search Descripción 30
P5231;Texto Search Descripción 30
P5232;Texto Search Descripción 30
P5233;Texto Search Descripción 30
P5234;Texto Search Descripción 30
P5235;Texto Search Descripción 10
P5236;Texto Search Descripción 30
P5237;Texto Search Descripción 30
P5238;Texto Search Descripción 30
P5239;Texto Search Descripción 30
P5240;Texto Search Descripción 39
P5241;Texto Search Descripción 10
P5243;Texto Search Descripción 30
P5244;Texto Search Descripción 30
P5245;Texto Search Descripción 30
P5246;Texto Search Descripción 30
P5247;Texto Search Descripción 30
P5248;Texto Search Descripción 30
P5249;Texto Search Descripción 43
P5250;Texto Search Descripción 30
P5251;Texto Search Descripción 10
P5252;Texto Search Descripción 39
P5253;Texto Search Descripción 10
P5254;Texto Search Descripción 39
P5255;Texto Search Descripción 10
P5256;Texto Search Descripción 30
P5257;Texto Search Descripción 30
P5259;Texto Search Descripción 39
P5260;Texto Search Descripción 10
P5261;Texto Search Descripción 10
P5262;Texto Search Descripción 24
P5263;Texto Search Descripción 10
P5264;Texto Search Descripción 10
P5265;Texto Search Descripción 10
P5266;Texto Search Descripción 10
P5267;Texto Search Descripción 10
P5269;Texto Search Descripción 10
P5270;Texto Search Descripción 10
P5271;Texto Search Descripción 30
P5272;Texto Search Descripción 30
P5273;Texto Search Descripción 10
P5274;Texto Search Descripción 10
P5275;Texto Search Descripción 10
P5276;Texto Search Descripción 10
P5277;Texto Search Descripción 10
P5278;Texto Search Descripción 10
P5279;Texto Search Descripción 10
P5280;Texto Search Descripción 10
P5281;Texto Search Descripción 10
P5282;Texto Search Descripción 10
P5283;Texto Search Descripción 10
P5284;Texto Search Descripción 10
P5285;Texto Search Descripción 10
P5286;Texto Search Descripción 10
P5287;Texto Search Descripción 10
P5288;Texto Search Descripción 10
P5289;Texto Search Descripción 10
P5290;Texto Search Descripción 10
P5291;Texto Search Descripción 10
P5292;Texto Search Descripción 10
P5293;Texto Search Descripción 10
P5294;Texto Search Descripción 10
P5295;Texto Search Descripción 10
P5296;Texto Search Descripción 10
P5297;Texto Search Descripción 10
P5298;Texto Search Descripción 10
P5299;Texto Search Descripción 10
P5301;Texto Search Descripción 10
P5302;Texto Search Descripción 10
P5303;Texto Search Descripción 10
P5304;Texto Search Descripción 10
P5305;Texto Search Descripción 10
P5306;Texto Search Descripción 10
P5307;Texto Search Descripción 10
P5308;Texto Search Descripción 10
P5309;Texto Search Descripción 10
P5310;Texto Search Descripción 10
P5311;Texto Search Descripción 10
P5312;Texto Search Descripción 21
P5313;Texto Search Descripción 10
P5314;Texto Search Descripción 10
P5315;Texto Search Descripción 10
P5316;Texto Search Descripción 1741
P5317;Texto Search Descripción 1742
P5318;Texto Search Descripción 1743
P5319;Texto Search Descripción 10
P5320;Texto Search Descripción 10
P5321;Texto Search Descripción 10
P5322;Texto Search Descripción 1493
P5323;Texto Search Descripción 10
P5324;Texto Search Descripción 10
P5325;Texto Search Descripción 10
P5326;Texto Search Descripción 10
P5327;Texto Search Descripción 10
P5328;Texto Search Descripción 10
P5329;Texto Search Descripción 10
P5330;Texto Search Descripción 10
P5331;Texto Search Descripción 10
P5332;Texto Search Descripción 10
P5333;Texto Search Descripción 10
P5334;Texto Search Descripción 10
P5335;Texto Search Descripción 10
P5336;Texto Search Descripción 10
P5338;Texto Search Descripción 10
P5339;Texto Search Descripción 10
P5340;Texto Search Descripción 10
P5341;Texto Search Descripción 10
P5342;Texto Search Descripción 10
P5343;Texto Search Descripción 10
P5344;Texto Search Descripción 10
P5345;Texto Search Descripción 10
P5347;Texto Search Descripción 10
P5348;Texto Search Descripción 10
P5349;Texto Search Descripción 10
P5350;Texto Search Descripción 10
P5351;Texto Search Descripción 10
P5352;Texto Search Descripción 10
P5353;Texto Search Descripción 10
P5354;Texto Search Descripción 10
P5355;Texto Search Descripción 10
P5356;Texto Search Descripción 10
P5357;Texto Search Descripción 10
P5358;Texto Search Descripción 10
P5359;Texto Search Descripción 10
P5360;Texto Search Descripción 10
P5361;Texto Search Descripción 10
P5362;Texto Search Descripción 10
P5363;Texto Search Descripción 10
P5364;Texto Search Descripción 10
P5365;Texto Search Descripción 10
P5366;Texto Search Descripción 10
P5367;Texto Search Descripción 10
P5368;Texto Search Descripción 10
P5369;Texto Search Descripción 10
P5370;Texto Search Descripción 10
P5371;Texto Search Descripción 10
P5372;Texto Search Descripción 10
P5373;Texto Search Descripción 10
P5374;Texto Search Descripción 10
P5376;Texto Search Descripción 10
P5377;Texto Search Descripción 10
P5378;Texto Search Descripción 10
P5379;Texto Search Descripción 10
P5380;Texto Search Descripción 10
P5381;Texto Search Descripción 10
P5382;Texto Search Descripción 10
P5383;Texto Search Descripción 10
P5384;Texto Search Descripción 10
P5385;Texto Search Descripción 10
P5386;Texto Search Descripción 10
P5387M;Texto Search Descripción 10
P5388;Texto Search Descripción 10
P5389;Texto Search Descripción 10
P5390;Texto Search Descripción 10
P5391;Texto Search Descripción 10
P5393;Texto Search Descripción 10
P5394;Texto Search Descripción 10
P5395;Texto Search Descripción 10
P5396;Texto Search Descripción 10
P5397;Texto Search Descripción 10
P5398;Texto Search Descripción 10
P5399;Texto Search Descripción 10
P5400;Texto Search Descripción 10
P5401;Texto Search Descripción 10
P5402;Texto Search Descripción 10
P5403;Texto Search Descripción 10
P5404;Texto Search Descripción 10
P5405;Texto Search Descripción 10
P5406;Texto Search Descripción 10
P5407;Texto Search Descripción 10
P5408;Texto Search Descripción 10
P5409;Texto Search Descripción 10
P5410;Texto Search Descripción 10
P5411;Texto Search Descripción 10
P5412;Texto Search Descripción 10
P5413;Texto Search Descripción 10
P5414;Texto Search Descripción 10
P5415;Texto Search Descripción 10
P5416;Texto Search Descripción 10
P5417;Texto Search Descripción 3134
P5418;Texto Search Descripción 10
P5419;Texto Search Descripción 10
P5420;Texto Search Descripción 10
P5421;Texto Search Descripción 10
P5422;Texto Search Descripción 10
P5423;Texto Search Descripción 10
P5424;Texto Search Descripción 10
P5425;Texto Search Descripción 10
P5426;Texto Search Descripción 10
P5427;Texto Search Descripción 10
P5428;Texto Search Descripción 10
P5429;Texto Search Descripción 10
P5430;Texto Search Descripción 10
P5431;Texto Search Descripción 10
P5432;Texto Search Descripción 10
P5433;Texto Search Descripción 10
P5435;Texto Search Descripción 10
P5436;Texto Search Descripción 10
P5437;Texto Search Descripción 10
P5438;Texto Search Descripción 10
P5439;Texto Search Descripción 10
P5440;Texto Search Descripción 10
P5441;Texto Search Descripción 10
P5442;Texto Search Descripción 10
P5443;Texto Search Descripción 10
P5444;Texto Search Descripción 10
P5446;Texto Search Descripción 10
P5447;Texto Search Descripción 10
P5448;Texto Search Descripción 10
P5449;Texto Search Descripción 10
P5450;Texto Search Descripción 10
P5451;Texto Search Descripción 10
P5452;Texto Search Descripción 10
P5453;Texto Search Descripción 10
P5454;Texto Search Descripción 10
P5456;Texto Search Descripción 10
P5457;Texto Search Descripción 10
P5458;Texto Search Descripción 10
P5459;Texto Search Descripción 10
P5460;Texto Search Descripción 10
P5461;Texto Search Descripción 10
P5462;Texto Search Descripción 10
P5463;Texto Search Descripción 10
P5464;Texto Search Descripción 10
P5465;Texto Search Descripción 10
P5466;Texto Search Descripción 10
P5467;Texto Search Descripción 10
P5468;Texto Search Descripción 10
P5469;Texto Search Descripción 10
P5470;Texto Search Descripción 10
P5471;Texto Search Descripción 10
P5472;Texto Search Descripción 10
P5473;Texto Search Descripción 10
P5475;Texto Search Descripción 10
P5476;Texto Search Descripción 10
P5477;Texto Search Descripción 10
P5478;Texto Search Descripción 10
P5479;Texto Search Descripción 10
P5480;Texto Search Descripción 10
P5481;Texto Search Descripción 10
P5482;Texto Search Descripción 10
P5483;Texto Search Descripción 10
P5484;Texto Search Descripción 10
P5485;Texto Search Descripción 10
P5486;Texto Search Descripción 10
P5487;Texto Search Descripción 10
P5488;Texto Search Descripción 10
P5489;Texto Search Descripción 10
P5490;Texto Search Descripción 10
P5491;Texto Search Descripción 10
P5492;Texto Search Descripción 10
P5493;Texto Search Descripción 10
P6001M;Texto Search Descripción 31
P6002;Texto Search Descripción 31
P6003;Texto Search Descripción 31
P6004;Texto Search Descripción 20
P6005;Texto Search Descripción 20
P6005M;Texto Search Descripción 20
P6006M;Texto Search Descripción 20
P6007M;Texto Search Descripción 20
P6008;Texto Search Descripción 20
P6008M;Texto Search Descripción 20
P6009;Texto Search Descripción 20
P6010;Texto Search Descripción 20
P6011;Texto Search Descripción 20
P6012;Texto Search Descripción 20
P6013;Texto Search Descripción 20
P6013M;Texto Search Descripción 20
P6014;Texto Search Descripción 20
P6015;Texto Search Descripción 20
P6016;Texto Search Descripción 20
P6016M;Texto Search Descripción 20
P6017M;Texto Search Descripción 50
P6018;Texto Search Descripción 31
P6019;Texto Search Descripción 31
P6020;Texto Search Descripción 6
P6020M;Texto Search Descripción 20
P6021;Texto Search Descripción 6
P6021M;Texto Search Descripción 20
P6022;Texto Search Descripción 6
P6023;Texto Search Descripción 20
P6023M;Texto Search Descripción 20
P6024;Texto Search Descripción 31
P6025;Texto Search Descripción 20
P6026M;Texto Search Descripción 31
P6027M;Texto Search Descripción 20
P6028;Texto Search Descripción 31
P6029M;Texto Search Descripción 31
P6030M;Texto Search Descripción 20
P6031;Texto Search Descripción 20
P6032;Texto Search Descripción 27
P6033;Texto Search Descripción 20
P6034;Texto Search Descripción 874
P6034M;Texto Search Descripción 20
P6035;Texto Search Descripción 20
P6035M;Texto Search Descripción 20
P6036;Texto Search Descripción 1530
P6037;Texto Search Descripción 20
P6038;Texto Search Descripción 20
P6039;Texto Search Descripción 20
P6039M;Texto Search Descripción 20
P6040;Texto Search Descripción 20
P6041;Texto Search Descripción 27
P6042;Texto Search Descripción 20
P6043;Texto Search Descripción 20
P6044;Texto Search Descripción 31
P6045;Texto Search Descripción 31
P6046;Texto Search Descripción 31
P6047;Texto Search Descripción 20
P6048M;Texto Search Descripción 31
P6049;Texto Search Descripción 31
P6050;Texto Search Descripción 31
P6051M;Texto Search Descripción 31
P6052;Texto Search Descripción 31
P6053;Texto Search Descripción 31
P6054;Texto Search Descripción 31
P6055;Texto Search Descripción 31
P6056;Texto Search Descripción 31
P6057;Texto Search Descripción 20
P6058;Texto Search Descripción 50
P6059;Texto Search Descripción 20
P6060;Texto Search Descripción 20
P6061M;Texto Search Descripción 31
P6062;Texto Search Descripción 20
P6063;Texto Search Descripción 20
P6064;Texto Search Descripción 20
P6065;Texto Search Descripción 20
P6066;Texto Search Descripción 20
P6067;Texto Search Descripción 31
P6068;Texto Search Descripción 20
P6069;Texto Search Descripción 31
P6070;Texto Search Descripción 20
P6070M;Texto Search Descripción 20
P6071;Texto Search Descripción 31
P6072;Texto Search Descripción 20
P6073;Texto Search Descripción 20
P6074;Texto Search Descripción 20
P6075;Texto Search Descripción 874
P6075M;Texto Search Descripción 20
P6076;Texto Search Descripción 874
P6077;Texto Search Descripción 50
P6078;Texto Search Descripción 20
P6079;Texto Search Descripción 20
P6080;Texto Search Descripción 31
P6081;Texto Search Descripción 20
P6082;Texto Search Descripción 20
P6083;Texto Search Descripción 31
P6084;Texto Search Descripción 6
P6085;Texto Search Descripción 20
P6086;Texto Search Descripción 20
P6087;Texto Search Descripción 20
P6088;Texto Search Descripción 20
P6089;Texto Search Descripción 31
P6090;Texto Search Descripción 20
P6091;Texto Search Descripción 20
P6092;Texto Search Descripción 20
P6093;Texto Search Descripción 20
P6094;Texto Search Descripción 50
P6095;Texto Search Descripción 31
P6096;Texto Search Descripción 20
P6097;Texto Search Descripción 20
P6098;Texto Search Descripción 20
P6099;Texto Search Descripción 50
P6100;Texto Search Descripción 31
P6101;Texto Search Descripción 1530
P6102;Texto Search Descripción 31
P6103;Texto Search Descripción 20
P6104;Texto Search Descripción 1494
P6105;Texto Search Descripción 20
P6106;Texto Search Descripción 20
P6106P;Texto Search Descripción 20
P6107;Texto Search Descripción 20
P6107M;Texto Search Descripción 31
P6108M;Texto Search Descripción 31
P6109M;Texto Search Descripción 20
P6110;Texto Search Descripción 50
P6110P;Texto Search Descripción 20
P6111;Texto Search Descripción 31
P6112;Texto Search Descripción 31
P6113;Texto Search Descripción 20
P6114;Texto Search Descripción 27
P6115;Texto Search Descripción 31
P6116;Texto Search Descripción 50
P6117;Texto Search Descripción 50
P6118;Texto Search Descripción 20
P6119;Texto Search Descripción 31
P6120;Texto Search Descripción 42
P6120M;Texto Search Descripción 42
P6121;Texto Search Descripción 42
P6122;Texto Search Descripción 42
P6123;Texto Search Descripción 27
P6124;Texto Search Descripción 42
P6125;Texto Search Descripción 42
P6126;Texto Search Descripción 42
P6127;Texto Search Descripción 42
P6128;Texto Search Descripción 42
P6129;Texto Search Descripción 42
P6129M;Texto Search Descripción 42
P6130;Texto Search Descripción 42
P6131;Texto Search Descripción 42
P6131M;Texto Search Descripción 42
P6132;Texto Search Descripción 42
P6133;Texto Search Descripción 27
P6134;Texto Search Descripción 42
P6135;Texto Search Descripción 20
P6136;Texto Search Descripción 42
P6137;Texto Search Descripción 20
P6138;Texto Search Descripción 42
P6139;Texto Search Descripción 42
P6140;Texto Search Descripción 42
P6141;Texto Search Descripción 42
P6142;Texto Search Descripción 42
P6143M;Texto Search Descripción 27
P6144;Texto Search Descripción 42
P6145;Texto Search Descripción 20
P6146;Texto Search Descripción 42
P6148;Texto Search Descripción 31
P6149;Texto Search Descripción 50
P6150;Texto Search Descripción 27
P6151;Texto Search Descripción 27
P6152;Texto Search Descripción 27
P6153;Texto Search Descripción 27
P6154;Texto Search Descripción 31
P6156;Texto Search Descripción 27
P6157;Texto Search Descripción 20
P6158;Texto Search Descripción 27
P6159;Texto Search Descripción 27
P6160;Texto Search Descripción 27
P6160M;Texto Search Descripción 27
P6161M;Texto Search Descripción 27
P6162;Texto Search Descripción 27
P6163M;Texto Search Descripción 27
P6164;Texto Search Descripción 27
P6165;Texto Search Descripción 27
P6166;Texto Search Descripción 27
P6167;Texto Search Descripción 27
P6168;Texto Search Descripción 27
P6169;Texto Search Descripción 27
P6170;Texto Search Descripción 27
P6170M;Texto Search Descripción 27
P6171;Texto Search Descripción 27
P6172;Texto Search Descripción 27
P6173;Texto Search Descripción 27
P6174;Texto Search Descripción 27
P6174M;Texto Search Descripción 27
P6175;Texto Search Descripción 27
P6176;Texto Search Descripción 27
P6177;Texto Search Descripción 27
P6178;Texto Search Descripción 27
P6179;Texto Search Descripción 27
P6180;Texto Search Descripción 27
P6181;Texto Search Descripción 27
P6182;Texto Search Descripción 27
P6183;Texto Search Descripción 27
P6184;Texto Search Descripción 27
P6185;Texto Search Descripción 27
P6185M;Texto Search Descripción 27
P6186;Texto Search Descripción 27
P6187;Texto Search Descripción 27
P6188M;Texto Search Descripción 27
P6189;Texto Search Descripción 20
P6189M;Texto Search Descripción 27
P6190M;Texto Search Descripción 27
P6191;Texto Search Descripción 27
P6192;Texto Search Descripción 27
P6193M;Texto Search Descripción 27
P6194;Texto Search Descripción 27
P6195;Texto Search Descripción 27
P6196;Texto Search Descripción 27
P6197;Texto Search Descripción 27
P6197M;Texto Search Descripción 27
P6198M;Texto Search Descripción 27
P6199;Texto Search Descripción 27
P6200;Texto Search Descripción 27
P6201;Texto Search Descripción 27
P6202;Texto Search Descripción 27
P6203;Texto Search Descripción 27
P6204;Texto Search Descripción 27
P6205;Texto Search Descripción 27
P6206;Texto Search Descripción 27
P6206M;Texto Search Descripción 27
P6207;Texto Search Descripción 27
P6208;Texto Search Descripción 27
P6209;Texto Search Descripción 27
P6210;Texto Search Descripción 27
P6211;Texto Search Descripción 20
P6212;Texto Search Descripción 27
P6213;Texto Search Descripción 20
P6214M;Texto Search Descripción 27
P6215;Texto Search Descripción 27
P6215M;Texto Search Descripción 27
P6216;Texto Search Descripción 27
P6217;Texto Search Descripción 50
P6218;Texto Search Descripción 50
P6219;Texto Search Descripción 31
P6220;Texto Search Descripción 20
P6221;Texto Search Descripción 50
P6222;Texto Search Descripción 27
P6223;Texto Search Descripción 20
P6224;Texto Search Descripción 31
P6225;Texto Search Descripción 42
P6226;Texto Search Descripción 20
P6227;Texto Search Descripción 27
P6228;Texto Search Descripción 20
P6229;Texto Search Descripción 31
P6230;Texto Search Descripción 31
P6231;Texto Search Descripción 27
P6233;Texto Search Descripción 20
P6234;Texto Search Descripción 20
P6235;Texto Search Descripción 27
P6236;Texto Search Descripción 50
P6237;Texto Search Descripción 27
P6238;Texto Search Descripción 42
P6239;Texto Search Descripción 27
P6240;Texto Search Descripción 31
P6241;Texto Search Descripción 27
P6242;Texto Search Descripción 31
P6243;Texto Search Descripción 20
P6244;Texto Search Descripción 42
P6245;Texto Search Descripción 20
P6246;Texto Search Descripción 27
P6247;Texto Search Descripción 42
P6248;Texto Search Descripción 20
P6249;Texto Search Descripción 20
P6250;Texto Search Descripción 20
P6251;Texto Search Descripción 20
P6252;Texto Search Descripción 42
P6253;Texto Search Descripción 50
P6254;Texto Search Descripción 42
P6255;Texto Search Descripción 42
P6256;Texto Search Descripción 31
P6257;Texto Search Descripción 31
P6258;Texto Search Descripción 42
P6259;Texto Search Descripción 42
P6260;Texto Search Descripción 42
P6261;Texto Search Descripción 20
P6262;Texto Search Descripción 42
P6263;Texto Search Descripción 31
P6264;Texto Search Descripción 27
P6265M;Texto Search Descripción 31
P6266;Texto Search Descripción 20
P6267;Texto Search Descripción 31
P6268;Texto Search Descripción 31
P6269;Texto Search Descripción 20
P6270;Texto Search Descripción 27
P6271;Texto Search Descripción 20
P6272;Texto Search Descripción 27
P6273;Texto Search Descripción 31
P6274;Texto Search Descripción 31
P6275;Texto Search Descripción 50
P6276;Texto Search Descripción 27
P6277;Texto Search Descripción 27
P6278;Texto Search Descripción 27
P6279;Texto Search Descripción 27
P6280;Texto Search Descripción 27
P6281;Texto Search Descripción 27
P6282;Texto Search Descripción 27
P6283;Texto Search Descripción 27
P6284;Texto Search Descripción 31
P6285;Texto Search Descripción 31
P6286;Texto Search Descripción 42
P6287;Texto Search Descripción 31
P6288;Texto Search Descripción 42
P6289;Texto Search Descripción 27
P6290;Texto Search Descripción 27
P6291;Texto Search Descripción 20
P6292;Texto Search Descripción 42
P6293;Texto Search Descripción 50
P6294;Texto Search Descripción 874
P6295;Texto Search Descripción 42
P6296;Texto Search Descripción 20
P6297;Texto Search Descripción 50
P6298;Texto Search Descripción 50
P6299;Texto Search Descripción 27
P6300;Texto Search Descripción 31
P6301;Texto Search Descripción 31
P6302;Texto Search Descripción 31
P6303;Texto Search Descripción 31
P6304;Texto Search Descripción 31
P6305;Texto Search Descripción 31
P6306;Texto Search Descripción 31
P6307;Texto Search Descripción 27
P6308;Texto Search Descripción 27
P6309;Texto Search Descripción 31
P6310;Texto Search Descripción 31
P6311;Texto Search Descripción 31
P6312;Texto Search Descripción 42
P6313M;Texto Search Descripción 31
P6314;Texto Search Descripción 20
P6314M;Texto Search Descripción 31
P6315;Texto Search Descripción 27
P6316;Texto Search Descripción 27
P6317;Texto Search Descripción 27
P6318;Texto Search Descripción 50
P6319;Texto Search Descripción 31
P6320;Texto Search Descripción 50
P6321;Texto Search Descripción 50
P6322;Texto Search Descripción 27
P6323;Texto Search Descripción 27
P6324;Texto Search Descripción 27
P6325;Texto Search Descripción 42
P6326;Texto Search Descripción 20
P6327;Texto Search Descripción 42
P6328;Texto Search Descripción 42
P6329;Texto Search Descripción 42
P6330;Texto Search Descripción 31
P6331;Texto Search Descripción 20
P6332;Texto Search Descripción 31
P6333;Texto Search Descripción 31
P6334;Texto Search Descripción 50
P6335M;Texto Search Descripción 31
P6336M;Texto Search Descripción 31
P6337;Texto Search Descripción 27
P6338;Texto Search Descripción 50
P6339;Texto Search Descripción 20
P6340;Texto Search Descripción 20
P6340M;Texto Search Descripción 20
P6341;Texto Search Descripción 50
P6342;Texto Search Descripción 50
P6343;Texto Search Descripción 20
P6343M;Texto Search Descripción 20
P6344M;Texto Search Descripción 31
P6345;Texto Search Descripción 31
P6346;Texto Search Descripción 20
P6347;Texto Search Descripción 27
P6348M;Texto Search Descripción 31
P6349;Texto Search Descripción 31
P6350;Texto Search Descripción 20
P6352;Texto Search Descripción 20
P6353;Texto Search Descripción 20
P6354;Texto Search Descripción 42
P6355;Texto Search Descripción 20
P6356;Texto Search Descripción 20
P6356M;Texto Search Descripción 20
P6357;Texto Search Descripción 27
P6357M;Texto Search Descripción 27
P6359;Texto Search Descripción 31
P6360;Texto Search Descripción 20
P6361;Texto Search Descripción 27
P6362;Texto Search Descripción 27
P6363;Texto Search Descripción 20
P6364;Texto Search Descripción 27
P6365;Texto Search Descripción 27
P6366;Texto Search Descripción 27
P6367;Texto Search Descripción 42
P6368;Texto Search Descripción 31
P6369;Texto Search Descripción 50
P6370;Texto Search Descripción 27
P6371;Texto Search Descripción 27
P6372;Texto Search Descripción 20
P6374;Texto Search Descripción 31
P6375;Texto Search Descripción 31
P6376;Texto Search Descripción 20
P6377;Texto Search Descripción 20
P6378;Texto Search Descripción 27
P6379;Texto Search Descripción 27
P6380;Texto Search Descripción 27
P6381;Texto Search Descripción 31
P6382;Texto Search Descripción 27
P6383;Texto Search Descripción 27
P6384;Texto Search Descripción 20
P6385;Texto Search Descripción 27
P6386;Texto Search Descripción 20
P6387;Texto Search Descripción 27
P6388;Texto Search Descripción 27
P6389;Texto Search Descripción 27
P6390;Texto Search Descripción 27
P6391;Texto Search Descripción 27
P6392;Texto Search Descripción 27
P6393;Texto Search Descripción 27
P6394;Texto Search Descripción 27
P6395;Texto Search Descripción 27
P6396;Texto Search Descripción 27
P6397;Texto Search Descripción 27
P6398;Texto Search Descripción 27
P6399;Texto Search Descripción 27
P6400;Texto Search Descripción 42
P6401;Texto Search Descripción 31
P6402;Texto Search Descripción 20
P6403;Texto Search Descripción 31
P6404;Texto Search Descripción 31
P6405;Texto Search Descripción 31
P6406;Texto Search Descripción 50
P6407;Texto Search Descripción 27
P6408;Texto Search Descripción 27
P6409;Texto Search Descripción 27
P6410;Texto Search Descripción 27
P6411;Texto Search Descripción 27
P6412;Texto Search Descripción 20
P6413;Texto Search Descripción 27
P6414;Texto Search Descripción 20
P6415;Texto Search Descripción 31
P6416;Texto Search Descripción 31
P6417;Texto Search Descripción 31
P6418;Texto Search Descripción 27
P6419;Texto Search Descripción 27
P6420;Texto Search Descripción 27
P6421W;Texto Search Descripción 31
P6422W;Texto Search Descripción 31
P6423;Texto Search Descripción 31
P6424M;Texto Search Descripción 27
P6425;Texto Search Descripción 27
P6426;Texto Search Descripción 20
P6427M;Texto Search Descripción 20
P6428;Texto Search Descripción 20
P6429;Texto Search Descripción 27
P6430;Texto Search Descripción 31
P6431;Texto Search Descripción 31
P6432;Texto Search Descripción 31
P6433;Texto Search Descripción 31
P6434;Texto Search Descripción 31
P6435;Texto Search Descripción 31
P6436;Texto Search Descripción 20
P6437;Texto Search Descripción 20
P6438;Texto Search Descripción 31
P6439;Texto Search Descripción 31
P6440;Texto Search Descripción 31
P6441;Texto Search Descripción 50
P6442;Texto Search Descripción 42
P6443;Texto Search Descripción 123
P6444;Texto Search Descripción 20
P6445;Texto Search Descripción 1529
P6446;Texto Search Descripción 20
P6447M;Texto Search Descripción 31
P6448M;Texto Search Descripción 31
P6449M;Texto Search Descripción 31
P6450M;Texto Search Descripción 31
P6451M;Texto Search Descripción 31
P6452M;Texto Search Descripción 31
P6453M;Texto Search Descripción 31
P6454M;Texto Search Descripción 31
P6455M;Texto Search Descripción 31
P6456;Texto Search Descripción 20
P6457;Texto Search Descripción 20
P6458;Texto Search Descripción 20
P6459;Texto Search Descripción 31
P6460;Texto Search Descripción 20
P6461;Texto Search Descripción 20
P6462;Texto Search Descripción 20
P6463;Texto Search Descripción 20
P6464;Texto Search Descripción 27
P6465;Texto Search Descripción 50
P6467;Texto Search Descripción 50
P6468;Texto Search Descripción 20
P6469;Texto Search Descripción 10
P6470;Texto Search Descripción 50
P6471;Texto Search Descripción 20
P6472;Texto Search Descripción 31
P6473;Texto Search Descripción 50
P6474;Texto Search Descripción 27
P6475;Texto Search Descripción 31
P6476;Texto Search Descripción 27
P6477;Texto Search Descripción 50
P6479;Texto Search Descripción 31
P6480M;Texto Search Descripción 31
P6481M;Texto Search Descripción 31
P6482;Texto Search Descripción 27
P6483;Texto Search Descripción 27
P6484;Texto Search Descripción 27
P6485;Texto Search Descripción 123
P6487;Texto Search Descripción 27
P6488;Texto Search Descripción 42
P6489W;Texto Search Descripción 20
P6490W;Texto Search Descripción 20
P6491;Texto Search Descripción 31
P6492;Texto Search Descripción 20
P6493;Texto Search Descripción 27
P6494;Texto Search Descripción 31
P6495;Texto Search Descripción 27
P6496;Texto Search Descripción 20
P6497;Texto Search Descripción 20
P6498;Texto Search Descripción 20
P6499;Texto Search Descripción 20
P6500;Texto Search Descripción 20
P6501;Texto Search Descripción 20
P6502;Texto Search Descripción 20
P6503;Texto Search Descripción 20
P6504;Texto Search Descripción 20
P6505;Texto Search Descripción 42
P6506;Texto Search Descripción 42
P6507;Texto Search Descripción 20
P6508;Texto Search Descripción 20
P6509;Texto Search Descripción 3135
P6510;Texto Search Descripción 20
P6511;Texto Search Descripción 20
P6512;Texto Search Descripción 27
P6513;Texto Search Descripción 27
P6514;Texto Search Descripción 31
P6515;Texto Search Descripción 42
P6516;Texto Search Descripción 20
P6517;Texto Search Descripción 20
P6518;Texto Search Descripción 20
P6519;Texto Search Descripción 20
P6520;Texto Search Descripción 20
P6521;Texto Search Descripción 20
P6522;Texto Search Descripción 20
P6523;Texto Search Descripción 20
P6524;Texto Search Descripción 20
P6525;Texto Search Descripción 20
P6526;Texto Search Descripción 20
P6527;Texto Search Descripción 20
P6528;Texto Search Descripción 20
P6529;Texto Search Descripción 20
P6530;Texto Search Descripción 20
P6531;Texto Search Descripción 20
P6532;Texto Search Descripción 20
P6533;Texto Search Descripción 20
P6534;Texto Search Descripción 20
P6535;Texto Search Descripción 20
P6536;Texto Search Descripción 20
P6537;Texto Search Descripción 20
P6538;Texto Search Descripción 20
P6539;Texto Search Descripción 20
P6540;Texto Search Descripción 20
P6541;Texto Search Descripción 20
P6542;Texto Search Descripción 20
P6543;Texto Search Descripción 20
P6544;Texto Search Descripción 20
P6545;Texto Search Descripción 20
P6546;Texto Search Descripción 20
P6547;Texto Search Descripción 20
P6548;Texto Search Descripción 20
P6549;Texto Search Descripción 20
P6550;Texto Search Descripción 20
P6551;Texto Search Descripción 20
P6552;Texto Search Descripción 42
P6553;Texto Search Descripción 20
P6554;Texto Search Descripción 20
P6555;Texto Search Descripción 20
P6556;Texto Search Descripción 20
P6557;Texto Search Descripción 20
P6558;Texto Search Descripción 20
P6559;Texto Search Descripción 20
P6560;Texto Search Descripción 20
P6561;Texto Search Descripción 20
P6562;Texto Search Descripción 20
P7001;Texto Search Descripción 2606
P7002;Texto Search Descripción 30
P7003;Texto Search Descripción 2607
P7004;Texto Search Descripción 128
P7005;Texto Search Descripción 128
P7006;Texto Search Descripción 128
P7007;Texto Search Descripción 128
P7008;Texto Search Descripción 128
P7009;Texto Search Descripción 128
P7010;Texto Search Descripción 128
P7800;Texto Search Descripción 128
P7801;Texto Search Descripción 128
P8001;Texto Search Descripción 6
P8002;Texto Search Descripción 6
P8003;Texto Search Descripción 6
P8004;Texto Search Descripción 6
P8005;Texto Search Descripción 6
P8006;Texto Search Descripción 6
P8007;Texto Search Descripción 6
P8008;Texto Search Descripción 20
P8009;Texto Search Descripción 6
P8009M;Texto Search Descripción 59
P8010;Texto Search Descripción 6
P8011;Texto Search Descripción 6
P8012;Texto Search Descripción 20
P8013;Texto Search Descripción 6
P8014;Texto Search Descripción 6
P8015;Texto Search Descripción 6
P8016;Texto Search Descripción 6
P8016M;Texto Search Descripción 6
P8017;Texto Search Descripción 20
P8018;Texto Search Descripción 20
P8019;Texto Search Descripción 6
P8019M;Texto Search Descripción 59
P8020;Texto Search Descripción 20
P8021;Texto Search Descripción 6
P8022;Texto Search Descripción 59
P8023;Texto Search Descripción 59
P8024;Texto Search Descripción 59
P8025M;Texto Search Descripción 59
P8026;Texto Search Descripción 2557
P8027;Texto Search Descripción 59
P8028;Texto Search Descripción 59
P8029;Texto Search Descripción 59
P8030;Texto Search Descripción 59
P8031;Texto Search Descripción 59
P8032;Texto Search Descripción 59
P8033;Texto Search Descripción 59
P8034;Texto Search Descripción 59
P8035;Texto Search Descripción 59
P8036;Texto Search Descripción 59
P8037;Texto Search Descripción 59
P8038;Texto Search Descripción 59
P9000E;Texto Search Descripción 1751
P9001E;Texto Search Descripción 3136
P9002E;Texto Search Descripción 3137
P9003E;Texto Search Descripción 3138
P9004;Texto Search Descripción 3139
P9004E;Texto Search Descripción 3140
P9005;Texto Search Descripción 3141
P9005E;Texto Search Descripción 3142
P9006;Texto Search Descripción 3143
P9006E;Texto Search Descripción 3144
P9007;Texto Search Descripción 3145
P9007E;Texto Search Descripción 3146
P9008;Texto Search Descripción 1544
P9008E;Texto Search Descripción 3147
P9009;Texto Search Descripción 3148
P9009E;Texto Search Descripción 3149
P9010;Texto Search Descripción 3150
P9010E;Texto Search Descripción 3151
P9011;Texto Search Descripción 3152
P9011E;Texto Search Descripción 3153
P9012;Texto Search Descripción 3154
P9013;Texto Search Descripción 3155
P9014;Texto Search Descripción 3156
P9015;Texto Search Descripción 3157
P9016;Texto Search Descripción 3158
P9017;Texto Search Descripción 3159
P9018;Texto Search Descripción 3160
P9019;Texto Search Descripción 3161
P9020;Texto Search Descripción 3162
P9021;Texto Search Descripción 3163
P9022;Texto Search Descripción 3164
P9023;Texto Search Descripción 3165
P9024;Texto Search Descripción 3166
P9025;Texto Search Descripción 2608
P9026;Texto Search Descripción 3167
P9027;Texto Search Descripción 3168
P9028;Texto Search Descripción 3169
P9029;Texto Search Descripción 3170
P9030;Texto Search Descripción 3171
P9031;Texto Search Descripción 3172
P9032;Texto Search Descripción 3173
P9033;Texto Search Descripción 3174
P9034;Texto Search Descripción 3175
P9035;Texto Search Descripción 3176
P9036;Texto Search Descripción 3177
P9037;Texto Search Descripción 3178
P9038;Texto Search Descripción 3179
P9039;Texto Search Descripción 3180
P9040;Texto Search Descripción 3181
P9041;Texto Search Descripción 3182
P9042;Texto Search Descripción 3183
P9043;Texto Search Descripción 3184
P9044;Texto Search Descripción 3185
P9045;Texto Search Descripción 3186
P9046;Texto Search Descripción 3187
P9047;Texto Search Descripción 3188
P9048;Texto Search Descripción 3189
P9049;Texto Search Descripción 3190
P9050;Texto Search Descripción 3191
P9051;Texto Search Descripción 3192
P9052;Texto Search Descripción 2581
P9053;Texto Search Descripción 3193
P9053E;Texto Search Descripción 1752
P9054;Texto Search Descripción 3194
P9055;Texto Search Descripción 3195
P9055E;Texto Search Descripción 3196
P9056;Texto Search Descripción 3197
P9057;Texto Search Descripción 2582
P9057E;Texto Search Descripción 1753
P9058;Texto Search Descripción 3198
P9058E;Texto Search Descripción 3199
P9059;Texto Search Descripción 2583
P9060;Texto Search Descripción 1544
P9061;Texto Search Descripción 3200
P9062;Texto Search Descripción 3201
P9063;Texto Search Descripción 3202
P9064;Texto Search Descripción 2584
P9065;Texto Search Descripción 3203
P9065E;Texto Search Descripción 1754
P9066;Texto Search Descripción 3204
P9067;Texto Search Descripción 3205
P9068;Texto Search Descripción 3206
P9068E;Texto Search Descripción 3207
P9069;Texto Search Descripción 3208
P9070;Texto Search Descripción 3209
P9071;Texto Search Descripción 3210
P9072T;Texto Search Descripción 3211
P9073;Texto Search Descripción 3212
P9074;Texto Search Descripción 3213
P9075;Texto Search Descripción 3214
P9076;Texto Search Descripción 3215
P9077;Texto Search Descripción 3216
P9078;Texto Search Descripción 3217
P9079;Texto Search Descripción 3218
P9080;Texto Search Descripción 3219
P9081;Texto Search Descripción 3220
P9082;Texto Search Descripción 3221
P9083;Texto Search Descripción 3222
P9084;Texto Search Descripción 3223
P9085T;Texto Search Descripción 3224
P9086;Texto Search Descripción 3225
P9086E;Texto Search Descripción 1755
P9087;Texto Search Descripción 3226
P9088;Texto Search Descripción 3227
P9088E;Texto Search Descripción 3228
P9089;Texto Search Descripción 3229
P9089E;Texto Search Descripción 1756
P9090;Texto Search Descripción 3230
P9091;Texto Search Descripción 3231
P9092;Texto Search Descripción 3232
P9093;Texto Search Descripción 3233
P9093E;Texto Search Descripción 3234
P9094;Texto Search Descripción 3235
P9095;Texto Search Descripción 3236
P9096;Texto Search Descripción 3237
P9096E;Texto Search Descripción 1757
P9097T;Texto Search Descripción 2585
P9098;Texto Search Descripción 3238
P9098E;Texto Search Descripción 1758
P9099;Texto Search Descripción 3239
P9099E;Texto Search Descripción 1759
P9100;Texto Search Descripción 3240
P9101;Texto Search Descripción 3241
P9102T;Texto Search Descripción 3242
P9103;Texto Search Descripción 3243
P9103E;Texto Search Descripción 1760
P9104T;Texto Search Descripción 3244
P9105T;Texto Search Descripción 3245
P9106T;Texto Search Descripción 3246
P9107T;Texto Search Descripción 3247
P9108T;Texto Search Descripción 3248
P9109T;Texto Search Descripción 3249
P9110;Texto Search Descripción 3250
P9111;Texto Search Descripción 3251
P9112;Texto Search Descripción 3252
P9113;Texto Search Descripción 3253
P9114;Texto Search Descripción 3254
P9115;Texto Search Descripción 3255
P9116;Texto Search Descripción 3256
P9117;Texto Search Descripción 3257
P9118;Texto Search Descripción 3258
P9119;Texto Search Descripción 3259
P9120;Texto Search Descripción 3260
P9120E;Texto Search Descripción 1761
P9121;Texto Search Descripción 3261
P9122;Texto Search Descripción 3262
P9123;Texto Search Descripción 3263
P9124;Texto Search Descripción 3264
P9125;Texto Search Descripción 3265
P9126;Texto Search Descripción 2609
P9128;Texto Search Descripción 3266
P9129;Texto Search Descripción 1545
P9131;Texto Search Descripción 3267
P9133;Texto Search Descripción 1546
P9134;Texto Search Descripción 1547
P9135;Texto Search Descripción 1548
P9136;Texto Search Descripción 1549
P9137;Texto Search Descripción 1550
P9138;Texto Search Descripción 1551
P9139;Texto Search Descripción 1762
P9142;Texto Search Descripción 3268
P9146;Texto Search Descripción 1552
P9147;Texto Search Descripción 3269
P9149;N/A
P9150;Texto Search Descripción 1553
P9150E;Texto Search Descripción 1763
P9151;Texto Search Descripción 1554
P9152T;Texto Search Descripción 1555
P9153T;Texto Search Descripción 1556
P9154;Texto Search Descripción 1557
P9155;Texto Search Descripción 1558
P9156;Texto Search Descripción 1559
P9157T;Texto Search Descripción 1764
P9158T;Texto Search Descripción 1765
P9159T;Texto Search Descripción 1766
P9160T;Texto Search Descripción 1767
P9161T;Texto Search Descripción 1768
P9162T;Texto Search Descripción 1769
P9163T;Texto Search Descripción 1770
P9164T;Texto Search Descripción 1771
P9165T;Texto Search Descripción 1772
P9166T;Texto Search Descripción 1773
P9167;Texto Search Descripción 1774
P9168;Texto Search Descripción 1775
P9169;Texto Search Descripción 1776
P9170;Texto Search Descripción 1777
P9171;Texto Search Descripción 1778
P9172;Texto Search Descripción 1779
P9173;Texto Search Descripción 1780
P9174;Texto Search Descripción 1781
P9175;Texto Search Descripción 1782
P9176;Texto Search Descripción 1783
P9177;Texto Search Descripción 1784
P9178;Texto Search Descripción 1785
P9179;Texto Search Descripción 1786
P9180;Texto Search Descripción 1787
P9181;Texto Search Descripción 1788
P9182;Texto Search Descripción 1789
P9183;Texto Search Descripción 1790
P9184;Texto Search Descripción 1791
P9185;Texto Search Descripción 1792
P9186;Texto Search Descripción 1793
P9187;Texto Search Descripción 1794
P9188;Texto Search Descripción 1795
P9189;Texto Search Descripción 1796
P9190;Texto Search Descripción 1797
P9191;Texto Search Descripción 1798
P9192;Texto Search Descripción 1799
P9193;Texto Search Descripción 1800
P9194;Texto Search Descripción 1801
P9195;Texto Search Descripción 1802
P9196;Texto Search Descripción 1803
P9197;Texto Search Descripción 1804
P9198;Texto Search Descripción 1805
P9199;Texto Search Descripción 1806
P9200;Texto Search Descripción 1807
P9201;Texto Search Descripción 1808
P9202;Texto Search Descripción 1809
P9203;Texto Search Descripción 1810
P9204;Texto Search Descripción 1811
P9205;Texto Search Descripción 1812
P9206;Texto Search Descripción 1813
P9207;Texto Search Descripción 1814
P9208;Texto Search Descripción 1815
P9209;Texto Search Descripción 1816
P9210;Texto Search Descripción 1817
P9211;Texto Search Descripción 1818
P9212;Texto Search Descripción 1819
P9213;Texto Search Descripción 1820
P9214;Texto Search Descripción 1821
P9215;Texto Search Descripción 1822
P9216;Texto Search Descripción 1823
P9217;Texto Search Descripción 1824
P9218;Texto Search Descripción 1825
P9219;Texto Search Descripción 1826
P9220;Texto Search Descripción 1827
P9221;Texto Search Descripción 1828
P9223T;Texto Search Descripción 1829
P9224T;Texto Search Descripción 1830
P9226T;Texto Search Descripción 1831
P9227T;Texto Search Descripción 1832
P9228T;Texto Search Descripción 1833
P9229T;Texto Search Descripción 1834
P9230T;Texto Search Descripción 1835
P9231T;Texto Search Descripción 1836
P9232T;Texto Search Descripción 1837
P9233T;Texto Search Descripción 1838
P9235T;Texto Search Descripción 1839
P9236T;Texto Search Descripción 1840
P9237T;Texto Search Descripción 1841
P9238T;Texto Search Descripción 1842
P9239T;Texto Search Descripción 1843
P9240T;Texto Search Descripción 1844
P9241T;Texto Search Descripción 1845
P9242T;Texto Search Descripción 1846
P9243T;Texto Search Descripción 1847
P9244T;Texto Search Descripción 1848
P9245T;Texto Search Descripción 1849
P9246T;Texto Search Descripción 1850
P9247T;Texto Search Descripción 1851
P9248T;Texto Search Descripción 1852
P9249;Texto Search Descripción 1853
P9250;Texto Search Descripción 1854
P9251T;Texto Search Descripción 1855
P9252;Texto Search Descripción 1856
P9253;Texto Search Descripción 1857
P9254T;Texto Search Descripción 1858
P9256;Texto Search Descripción 1859
P9257;Texto Search Descripción 1860
P9258;Texto Search Descripción 1861
P9259;Texto Search Descripción 1862
P9260;Texto Search Descripción 1863
P9261;Texto Search Descripción 1864
P9262;Texto Search Descripción 1865
P9263;Texto Search Descripción 1866
P9264;Texto Search Descripción 1867
P9265;Texto Search Descripción 1868
P9266;Texto Search Descripción 1869
P9267;Texto Search Descripción 1870
P9268;Texto Search Descripción 1871
P9269;Texto Search Descripción 1872
P9270;Texto Search Descripción 1873
P9271;Texto Search Descripción 1874
P9272;Texto Search Descripción 1875
P9273;Texto Search Descripción 1876
P9274;Texto Search Descripción 1877
P9275;Texto Search Descripción 1878
P9276;Texto Search Descripción 1879
P9277;Texto Search Descripción 1880
P9278;Texto Search Descripción 1881
P9279;Texto Search Descripción 1882
P9280;Texto Search Descripción 1883
P9281;Texto Search Descripción 1884
P9282;Texto Search Descripción 1885
P9283;Texto Search Descripción 1886
P9284;Texto Search Descripción 1887
P9285;Texto Search Descripción 1888
P9287;Texto Search Descripción 1889
P9288;Texto Search Descripción 1890
P9289;Texto Search Descripción 1891
P9290;Texto Search Descripción 1892
P9291T;Texto Search Descripción 1893
P9292T;Texto Search Descripción 1894
P9293T;Texto Search Descripción 1895
P9294T;Texto Search Descripción 1896
P9295T;Texto Search Descripción 1897
P9296;Texto Search Descripción 1898
P9297;Texto Search Descripción 1899
P9298;Texto Search Descripción 1900
P9299T;Texto Search Descripción 1901
P9300T;Texto Search Descripción 1902
P9301T;Texto Search Descripción 1903
P9302T;Texto Search Descripción 1904
P9303T;Texto Search Descripción 1905
P9304;Texto Search Descripción 1906
P9305;Texto Search Descripción 1907
P9306;Texto Search Descripción 1908
P9307;Texto Search Descripción 1909
P9308;Texto Search Descripción 1910
P9309;Texto Search Descripción 1497
P9310;Texto Search Descripción 1911
P9311;Texto Search Descripción 1912
P9312;Texto Search Descripción 1913
P9313;Texto Search Descripción 1914
P9314T;Texto Search Descripción 1915
P9315;Texto Search Descripción 1916
P9316;Texto Search Descripción 1917
P9317;Texto Search Descripción 1918
P9318T;Texto Search Descripción 1919
P9319T;Texto Search Descripción 1920
P9320T;Texto Search Descripción 1921
P9321T;Texto Search Descripción 1922
P9322;Texto Search Descripción 1498
P9323;Texto Search Descripción 1923
P9324;Texto Search Descripción 1924
P9325;Texto Search Descripción 1925
P9326;Texto Search Descripción 1926
P9327;Texto Search Descripción 1927
P9328;Texto Search Descripción 1928
P9329;Texto Search Descripción 1929
P9330;Texto Search Descripción 1930
P9331;Texto Search Descripción 1931
P9332;Texto Search Descripción 1932
P9333;Texto Search Descripción 1933
P9334T;Texto Search Descripción 1934
P9335T;Texto Search Descripción 1935
P9336T;Texto Search Descripción 1936
P9337T;Texto Search Descripción 1937
P9338T;Texto Search Descripción 1938
P9339T;Texto Search Descripción 1939
P9340T;Texto Search Descripción 1940
P9341T;Texto Search Descripción 1941
P9342T;Texto Search Descripción 1942
P9343T;Texto Search Descripción 1943
P9344T;Texto Search Descripción 1944
P9345;Texto Search Descripción 1945
P9346;Texto Search Descripción 1946
P9347;Texto Search Descripción 1947
P9348;Texto Search Descripción 1948
P9349;Texto Search Descripción 1949
P9350;Texto Search Descripción 1950
P9351;Texto Search Descripción 1951
P9352;Texto Search Descripción 1952
P9353;Texto Search Descripción 1953
P9354;Texto Search Descripción 1954
P9355;Texto Search Descripción 1955
P9356;Texto Search Descripción 1956
P9357;Texto Search Descripción 1957
P9358;Texto Search Descripción 1958
P9359;Texto Search Descripción 1959
P9360;Texto Search Descripción 1960
P9361;Texto Search Descripción 1961
P9362;Texto Search Descripción 1962
P9363;Texto Search Descripción 1963
P9364;Texto Search Descripción 1964
P9365;Texto Search Descripción 1965
P9366;Texto Search Descripción 1966
P9367;Texto Search Descripción 1967
P9368;Texto Search Descripción 1968
P9369;Texto Search Descripción 1969
P9370;Texto Search Descripción 1970
P9371;Texto Search Descripción 1971
P9372;Texto Search Descripción 1972
P9373;Texto Search Descripción 1973
P9374;Texto Search Descripción 2596
P9375;Texto Search Descripción 1974
P9376;Texto Search Descripción 53
P9377T;Texto Search Descripción 1975
P9378T;Texto Search Descripción 1976
P9379;Texto Search Descripción 1977
P9380;Texto Search Descripción 1978
P9381;Texto Search Descripción 1979
P9382;Texto Search Descripción 1980
P9383;Texto Search Descripción 1981
P9384;Texto Search Descripción 1982
P9385T;Texto Search Descripción 1983
P9386;Texto Search Descripción 1984
P9387;Texto Search Descripción 1985
P9389;Texto Search Descripción 53
P9390;Texto Search Descripción 1986
P9391T;Texto Search Descripción 1987
P9392T;Texto Search Descripción 1988
P9393;Texto Search Descripción 1989
P9394T;Texto Search Descripción 1990
P9395;Texto Search Descripción 1991
P9396;Texto Search Descripción 1992
P9397;Texto Search Descripción 1993
P9398;Texto Search Descripción 1994
P9399;Texto Search Descripción 1995
P9400T;Texto Search Descripción 1996
P9401;Texto Search Descripción 1997
P9402;Texto Search Descripción 1998
P9403T;Texto Search Descripción 1999
P9404;Texto Search Descripción 2000
P9405T;Texto Search Descripción 2001
P9406;Texto Search Descripción 2002
P9407;Texto Search Descripción 2003
P9408T;Texto Search Descripción 2004
P9409;Texto Search Descripción 2005
P9410;Texto Search Descripción 2006
P9411;Texto Search Descripción 2007
P9412;Texto Search Descripción 2008
P9413;Texto Search Descripción 2009
P9414;Texto Search Descripción 2010
P9415;Texto Search Descripción 2011
P9416;Texto Search Descripción 2012
P9417;Texto Search Descripción 2013
P9418;Texto Search Descripción 2014
P9419;Texto Search Descripción 2015
P9420;Texto Search Descripción 2016
P9421;Texto Search Descripción 2017
P9422;Texto Search Descripción 2018
P9423;Texto Search Descripción 2019
P9424;Texto Search Descripción 2020
P9425;Texto Search Descripción 2021
P9426;Texto Search Descripción 1336
P9427;Texto Search Descripción 2022
P9428;Texto Search Descripción 2023
P9429;Texto Search Descripción 2024
P9430;Texto Search Descripción 2025
P9431;Texto Search Descripción 2026
P9432;Texto Search Descripción 2027
P9433;Texto Search Descripción 2028
P9434;Texto Search Descripción 2029
P9435;Texto Search Descripción 2030
P9436;Texto Search Descripción 2031
P9437;Texto Search Descripción 2032
P9439;Texto Search Descripción 2033
P9440T;Texto Search Descripción 2034
P9441T;Texto Search Descripción 2035
P9442T;Texto Search Descripción 2036
P9443T;Texto Search Descripción 2037
P9445T;Texto Search Descripción 2038
P9446T;Texto Search Descripción 2039
P9447T;Texto Search Descripción 2040
P9448T;Texto Search Descripción 2041
P9449T;Texto Search Descripción 2042
P9450T;Texto Search Descripción 2043
P9451T;Texto Search Descripción 2044
P9452T;Texto Search Descripción 2045
P9453T;Texto Search Descripción 2046
P9454T;Texto Search Descripción 2047
P9455T;Texto Search Descripción 2048
P9456T;Texto Search Descripción 2049
P9457T;Texto Search Descripción 2050
P9458T;Texto Search Descripción 2051
P9459T;Texto Search Descripción 2052
P9460T;Texto Search Descripción 2053
P9461T;Texto Search Descripción 2054
P9462T;Texto Search Descripción 2055
P9463;Texto Search Descripción 2056
P9464;Texto Search Descripción 2057
P9465;Texto Search Descripción 2058
P9466;Texto Search Descripción 2059
P9467;Texto Search Descripción 2060
P9468T;Texto Search Descripción 53
P9469T;Texto Search Descripción 53
P9470T;Texto Search Descripción 53
P9471T;Texto Search Descripción 2061
P9472T;Texto Search Descripción 53
P9473;Texto Search Descripción 2062
P9474;Texto Search Descripción 2063
P9475T;Texto Search Descripción 2064
P9476;Texto Search Descripción 2065
P9477;Texto Search Descripción 2066
P9478;Texto Search Descripción 2067
P9479;Texto Search Descripción 2068
P9480;Texto Search Descripción 2069
P9481T;Texto Search Descripción 2070
P9482T;Texto Search Descripción 2071
P9483;Texto Search Descripción 2072
P9484T;Texto Search Descripción 2073
P9485;Texto Search Descripción 2074
P9486T;Texto Search Descripción 2075
P9487T;Texto Search Descripción 2076
P9488;Texto Search Descripción 2077
P9489;Texto Search Descripción 2078
P9490;Texto Search Descripción 2079
P9491;Texto Search Descripción 2080
P9492;Texto Search Descripción 2081
P9493;Texto Search Descripción 2082
P9494;Texto Search Descripción 2083
P9495;Texto Search Descripción 2084
P9496;Texto Search Descripción 2085
P9497;Texto Search Descripción 2086
P9498;Texto Search Descripción 2087
P9499T;Texto Search Descripción 2088
P9500E;Texto Search Descripción 2089
P9501;Texto Search Descripción 53
P9502;Texto Search Descripción 53
P9503;Texto Search Descripción 53
P9504;Texto Search Descripción 53
P9505;Texto Search Descripción 53
P9506;Texto Search Descripción 53
P9507;Texto Search Descripción 53
P9508;Texto Search Descripción 53
P9509;Texto Search Descripción 53
P9510;Texto Search Descripción 53
P9511;Texto Search Descripción 53
P9512;Texto Search Descripción 2090
P9513;Texto Search Descripción 2091
P9514;Texto Search Descripción 2092
P9515;Texto Search Descripción 2093
P9516;Texto Search Descripción 2094
P9517T;Texto Search Descripción 2095
P9518T;Texto Search Descripción 2096
P9519T;Texto Search Descripción 2597
P9520;Texto Search Descripción 2598
P9521T;Texto Search Descripción 2599
P9522T;Texto Search Descripción 2097
P9523T;Texto Search Descripción 2600
P9524;Texto Search Descripción 2601
P9525T;Texto Search Descripción 2098
P9526T;Texto Search Descripción 2099
P9527;Texto Search Descripción 2100
P9529;Texto Search Descripción 2101
P9531;Texto Search Descripción 2102
P9532T;Texto Search Descripción 2103
P9533T;Texto Search Descripción 2104
P9534;Texto Search Descripción 2105
P9535;Texto Search Descripción 2106
P9536;Texto Search Descripción 2107
P9537T;Texto Search Descripción 2108
P9538T;Texto Search Descripción 2109
P9539;Texto Search Descripción 2110
P9540;Texto Search Descripción 2111
P9541;Texto Search Descripción 2112
P9542T;Texto Search Descripción 2113
P9543;Texto Search Descripción 2114
P9544;Texto Search Descripción 2115
P9545;Texto Search Descripción 2116
P9546;Texto Search Descripción 2117
P9547;Texto Search Descripción 2118
P9548;Texto Search Descripción 2119
P9549T;Texto Search Descripción 2120
P9550T;Texto Search Descripción 2121
P9551T;Texto Search Descripción 2122
P9552T;Texto Search Descripción 2123
P9553T;Texto Search Descripción 2124
P9554T;Texto Search Descripción 2125
P9555;Texto Search Descripción 2126
P9556T;Texto Search Descripción 2127
P9557T;Texto Search Descripción 2128
P9558;Texto Search Descripción 2129
P9559;Texto Search Descripción 2130
P9560;Texto Search Descripción 2131
P9561T;Texto Search Descripción 2132
P9562T;Texto Search Descripción 2133
P9563T;Texto Search Descripción 2134
P9564T;Texto Search Descripción 2135
P9565T;Texto Search Descripción 2136
P9566T;Texto Search Descripción 2137
P9567;Texto Search Descripción 2138
P9568T;Texto Search Descripción 2139
P9569T;Texto Search Descripción 2140
P9570;Texto Search Descripción 2141
P9571;Texto Search Descripción 2142
P9572;Texto Search Descripción 2143
P9573;Texto Search Descripción 2144
P9574;Texto Search Descripción 2145
P9575;Texto Search Descripción 2146
P9576T;Texto Search Descripción 2147
P9577;Texto Search Descripción 2148
P9578;Texto Search Descripción 2149
P9579;Texto Search Descripción 2150
P9580;Texto Search Descripción 2151
P9581;Texto Search Descripción 2152
P9582;Texto Search Descripción 2153
P9583T;Texto Search Descripción 2154
P9584T;Texto Search Descripción 2155
P9585T;Texto Search Descripción 2156
P9586T;Texto Search Descripción 2157
P9587T;Texto Search Descripción 2158
P9588T;Texto Search Descripción 2159
P9589T;Texto Search Descripción 2160
P9590T;Texto Search Descripción 2161
P9591T;Texto Search Descripción 2162
P9592T;Texto Search Descripción 2163
P9593T;Texto Search Descripción 2164
P9594;Texto Search Descripción 2165
P9595;Texto Search Descripción 2166
P9596;Texto Search Descripción 53
P9597T;Texto Search Descripción 2167
P9598T;Texto Search Descripción 2168
P9599;Texto Search Descripción 2169
P9600;Texto Search Descripción 2170
P9601T;Texto Search Descripción 2171
P9602;Texto Search Descripción 53
P9603T;Texto Search Descripción 53
P9604T;Texto Search Descripción 53
P9605T;Texto Search Descripción 2172
P9606T;Texto Search Descripción 2173
P9607T;Texto Search Descripción 2174
P9608T;Texto Search Descripción 2175
P9609T;Texto Search Descripción 2176
P9610T;Texto Search Descripción 2177
P9611T;Texto Search Descripción 2178
P9612T;Texto Search Descripción 2179
P9613T;Texto Search Descripción 2180
P9614;Texto Search Descripción 53
P9615T;Texto Search Descripción 2181
P9616T;Texto Search Descripción 2182
P9617T;Texto Search Descripción 2183
P9800;Texto Search Descripción 2272
P9801;Texto Search Descripción 2273
P9802;Texto Search Descripción 2274
P9803;Texto Search Descripción 2275
P9804;Texto Search Descripción 2276
P9805;Texto Search Descripción 2277
P9806;Texto Search Descripción 2278
P9807;Texto Search Descripción 2279
P9808;Texto Search Descripción 2280
P9809;Texto Search Descripción 2281
P9810;Texto Search Descripción 2282
P98100;Texto Search Descripción 2424
P98101;Texto Search Descripción 2425
P98102;Texto Search Descripción 2426
P98103;Texto Search Descripción 2427
P98104;Texto Search Descripción 2428
P98105;Texto Search Descripción 2429
P98106;Texto Search Descripción 2430
P98107;Texto Search Descripción 2431
P98108;Texto Search Descripción 2432
P98109;Texto Search Descripción 2433
P9811;Texto Search Descripción 2283
P98110;Texto Search Descripción 2284
P98111T;Texto Search Descripción 2285
P98112;Texto Search Descripción 2434
P98114;Texto Search Descripción 2286
P98115;Texto Search Descripción 2287
P98116;Texto Search Descripción 2288
P98117;Texto Search Descripción 2289
P98118;Texto Search Descripción 2290
P98119;Texto Search Descripción 2291
P9812;Texto Search Descripción 2292
P98120;Texto Search Descripción 2293
P98121;Texto Search Descripción 961
P98122;Texto Search Descripción 2294
P98123;Texto Search Descripción 2295
P98124;Texto Search Descripción 2296
P98125;Texto Search Descripción 2297
P98126;Texto Search Descripción 2298
P98127;Texto Search Descripción 2299
P98128;Texto Search Descripción 2300
P98129;Texto Search Descripción 2301
P9813;Texto Search Descripción 2302
P98130;Texto Search Descripción 2303
P98131;Texto Search Descripción 2304
P98132T;Texto Search Descripción 2305
P98133;Texto Search Descripción 2306
P98134;Texto Search Descripción 2307
P98135;Texto Search Descripción 2308
P98136;Texto Search Descripción 2309
P98137;Texto Search Descripción 2310
P98138;Texto Search Descripción 2311
P98139;Texto Search Descripción 2312
P98140;Texto Search Descripción 2313
P98141T;Texto Search Descripción 2314
P98142T;Texto Search Descripción 2315
P98143T;Texto Search Descripción 2316
P98144T;Texto Search Descripción 2317
P98145T;Texto Search Descripción 2318
P98146T;Texto Search Descripción 2435
P98147T;Texto Search Descripción 2319
P98148T;Texto Search Descripción 2320
P98149T;Texto Search Descripción 2321
P9814T;Texto Search Descripción 2322
P98150T;Texto Search Descripción 2323
P98151T;Texto Search Descripción 2324
P98152T;Texto Search Descripción 2325
P98153T;Texto Search Descripción 2326
P98154T;Texto Search Descripción 2327
P98155T;Texto Search Descripción 2328
P98156T;Texto Search Descripción 2329
P98157T;Texto Search Descripción 2330
P98158T;Texto Search Descripción 2331
P98159T;Texto Search Descripción 2332
P9815T;Texto Search Descripción 2333
P9816;Texto Search Descripción 2334
P98160T;Texto Search Descripción 2335
P98162T;Texto Search Descripción 2336
P98163T;Texto Search Descripción 2337
P98164T;Texto Search Descripción 2338
P98165T;Texto Search Descripción 2339
P98166T;Texto Search Descripción 2340
P98167T;Texto Search Descripción 2341
P98168T;Texto Search Descripción 2342
P98169T;Texto Search Descripción 2343
P9817;Texto Search Descripción 2344
P98170T;Texto Search Descripción 2345
P98171T;Texto Search Descripción 2346
P98172T;Texto Search Descripción 2347
P98173T;Texto Search Descripción 2348
P98174T;Texto Search Descripción 2349
P98175T;Texto Search Descripción 2350
P98176;Texto Search Descripción 2351
P98177T;Texto Search Descripción 2352
P98178;Texto Search Descripción 2353
P98179;Texto Search Descripción 2354
P9818;Texto Search Descripción 2355
P98180;Texto Search Descripción 2356
P98181T;Texto Search Descripción 2357
P98182T;Texto Search Descripción 2358
P98183;Texto Search Descripción 2359
P98184T;Texto Search Descripción 2360
P98185;Texto Search Descripción 2361
P98186T;Texto Search Descripción 2362
P98187;Texto Search Descripción 2363
P98188;Texto Search Descripción 2364
P98189;Texto Search Descripción 2365
P9819;Texto Search Descripción 2366
P98190;Texto Search Descripción 2367
P98192T;Texto Search Descripción 2368
P98193;Texto Search Descripción 2369
P98194T;Texto Search Descripción 2370
P98195T;Texto Search Descripción 2371
P98196T;Texto Search Descripción 2372
P98197T;Texto Search Descripción 2373
P98198T;Texto Search Descripción 961
P98199T;Texto Search Descripción 2436
P9820;Texto Search Descripción 2374
P98200T;Texto Search Descripción 2375
P98201T;Texto Search Descripción 2589
P98202T;Texto Search Descripción 2437
P98203T;Texto Search Descripción 2590
P98204T;Texto Search Descripción 2438
P98205T;Texto Search Descripción 2376
P98206T;Texto Search Descripción 2591
P98207T;Texto Search Descripción 2439
P98208T;Texto Search Descripción 2592
P98209T;Texto Search Descripción 2440
P9821;Texto Search Descripción 2377
P98210T;Texto Search Descripción 2378
P98211T;Texto Search Descripción 2379
P98212;Texto Search Descripción 2380
P98213;Texto Search Descripción 2381
P98214T;Texto Search Descripción 2382
P98215;Texto Search Descripción 2383
P98216T;Texto Search Descripción 2384
P98217T;Texto Search Descripción 2385
P98218;Texto Search Descripción 2386
P98219T;Texto Search Descripción 2387
P98220T;Texto Search Descripción 2388
P98221T;Texto Search Descripción 2389
P98222T;Texto Search Descripción 2390
P98223T;Texto Search Descripción 2391
P98224T;Texto Search Descripción 2392
P98225T;Texto Search Descripción 2393
P98226T;Texto Search Descripción 2394
P98227T;Texto Search Descripción 2395
P98228T;Texto Search Descripción 2396
P98229T;Texto Search Descripción 2397
P9823;Texto Search Descripción 2398
P98230T;Texto Search Descripción 2441
P98231T;Texto Search Descripción 2442
P98232;Texto Search Descripción 2443
P98233T;Texto Search Descripción 2444
P98234T;Texto Search Descripción 2445
P98235T;Texto Search Descripción 2446
P98236T;Texto Search Descripción 2447
P98237;Texto Search Descripción 2448
P98238;Texto Search Descripción 2449
P98239T;Texto Search Descripción 2450
P9824;Texto Search Descripción 2399
P98240;Texto Search Descripción 2451
P98241T;Texto Search Descripción 2452
P98242T;Texto Search Descripción 2453
P98243;Texto Search Descripción 2454
P98244T;Texto Search Descripción 2455
P98245;Texto Search Descripción 2456
P98246T;Texto Search Descripción 958
P98247T;Texto Search Descripción 2457
P98248T;Texto Search Descripción 2458
P98249T;Texto Search Descripción 2459
P9825;Texto Search Descripción 2400
P98250T;Texto Search Descripción 2460
P98251T;Texto Search Descripción 2461
P98252T;Texto Search Descripción 2462
P98253T;Texto Search Descripción 2463
P98254T;Texto Search Descripción 124
P98255T;Texto Search Descripción 2464
P98256T;Texto Search Descripción 2465
P98257T;Texto Search Descripción 2466
P98258T;Texto Search Descripción 2467
P98259T;Texto Search Descripción 2468
P9826;Texto Search Descripción 2401
P98260T;Texto Search Descripción 2469
P98261T;Texto Search Descripción 2470
P98262T;Texto Search Descripción 2471
P98263T;Texto Search Descripción 2472
P98264T;Texto Search Descripción 2473
P98265T;Texto Search Descripción 2474
P98266T;Texto Search Descripción 2475
P98267T;Texto Search Descripción 2476
P98268T;Texto Search Descripción 2477
P98269;Texto Search Descripción 2478
P98270;Texto Search Descripción 2479
P98271;Texto Search Descripción 2480
P98272;Texto Search Descripción 2481
P98273T;Texto Search Descripción 2482
P98274T;Texto Search Descripción 2483
P98275;Texto Search Descripción 2484
P98276;Texto Search Descripción 2485
P98277T;Texto Search Descripción 2486
P98278T;Texto Search Descripción 2487
P98279T;Texto Search Descripción 2488
P9827T;Texto Search Descripción 2402
P98280T;Texto Search Descripción 2489
P98281T;Texto Search Descripción 2490
P98282T;Texto Search Descripción 2491
P98283T;Texto Search Descripción 2492
P98284T;Texto Search Descripción 2493
P98285;Texto Search Descripción 2494
P98286T;Texto Search Descripción 2495
P98287T;Texto Search Descripción 2496
P98288T;Texto Search Descripción 124
P98289;Texto Search Descripción 124
P9828T;Texto Search Descripción 2403
P98290;Texto Search Descripción 124
P98291;Texto Search Descripción 124
P98292T;Texto Search Descripción 124
P98293;Texto Search Descripción 124
P98294;Texto Search Descripción 124
P98295;Texto Search Descripción 124
P9829T;Texto Search Descripción 2404
P9830;Texto Search Descripción 2405
P9831;Texto Search Descripción 2406
P9832;Texto Search Descripción 2407
P9833;Texto Search Descripción 2408
P9834;Texto Search Descripción 2409
P9835;Texto Search Descripción 2410
P9836T;Texto Search Descripción 2411
P9837;Texto Search Descripción 2412
P9838;Texto Search Descripción 2413
P9839;Texto Search Descripción 2414
P9840T;Texto Search Descripción 2415
P9841;Texto Search Descripción 2416
P9842;Texto Search Descripción 2417
P9843;Texto Search Descripción 2418
P9844;Texto Search Descripción 2419
P9845;Texto Search Descripción 2420
P9846;Texto Search Descripción 2421
P9847;Texto Search Descripción 2422
P9848;Texto Search Descripción 2497
P9849;Texto Search Descripción 2498
P9850;Texto Search Descripción 2499
P985000E;Texto Search Descripción 1500
P9851;Texto Search Descripción 2500
P9852;Texto Search Descripción 2501
P9853;Texto Search Descripción 2502
P9854;Texto Search Descripción 2503
P9855;Texto Search Descripción 2504
P9856;Texto Search Descripción 2505
P9857;Texto Search Descripción 2506
P9858T;Texto Search Descripción 2507
P9859T;Texto Search Descripción 2508
P9860T;Texto Search Descripción 2509
P9861;Texto Search Descripción 2510
P9862T;Texto Search Descripción 2511
P9863T;Texto Search Descripción 2512
P9864T;Texto Search Descripción 2513
P9865T;Texto Search Descripción 2514
P9866T;Texto Search Descripción 2515
P9867T;Texto Search Descripción 2516
P9869;Texto Search Descripción 2518
P9870;Texto Search Descripción 2519
P9871;Texto Search Descripción 2520
P9872;Texto Search Descripción 2521
P9873;Texto Search Descripción 2522
P9874;Texto Search Descripción 2523
P9875;Texto Search Descripción 2524
P9876;Texto Search Descripción 2525
P9877;Texto Search Descripción 2526
P9878;Texto Search Descripción 2527
P9879;Texto Search Descripción 2528
P9880;Texto Search Descripción 2529
P9881;Texto Search Descripción 2530
P9882;Texto Search Descripción 2531
P9883;Texto Search Descripción 2532
P9884;Texto Search Descripción 2533
P9885;Texto Search Descripción 2534
P9886;Texto Search Descripción 2535
P9887;Texto Search Descripción 2536
P9888;Texto Search Descripción 2537
P9889;Texto Search Descripción 2538
P9890;Texto Search Descripción 2539
P9891;Texto Search Descripción 2540
P9892;Texto Search Descripción 2541
P9893;Texto Search Descripción 2542
P9894;Texto Search Descripción 2543
P9895;Texto Search Descripción 2544
P9896;Texto Search Descripción 2545
P9897;Texto Search Descripción 2546
P9899;Texto Search Descripción 2547
P9901E;Texto Search Descripción 1499
P9902E;Texto Search Descripción 53
P9903E;Texto Search Descripción 1499
P9904;Texto Search Descripción 2423
P9905;Texto Search Descripción 961
PC001;Texto Search Descripción 3270
PC003;Texto Search Descripción 3271
PC004;Texto Search Descripción 3272
PC005;Texto Search Descripción 3273
PC005M;Texto Search Descripción 54
PC006;Texto Search Descripción 3274
PC007;Texto Search Descripción 3275
PC008;Texto Search Descripción 3276
PC009;Texto Search Descripción 3277
PC011;Texto Search Descripción 1531
PC011M;Texto Search Descripción 54
PC012;Texto Search Descripción 1531
PC014;Texto Search Descripción 54
PC016;Texto Search Descripción 54
PC017;Texto Search Descripción 54
PC018;Texto Search Descripción 54
PC019;Texto Search Descripción 54
PC020;Texto Search Descripción 54
PC021;Texto Search Descripción 10
PC022;Texto Search Descripción 54
PC023;Texto Search Descripción 54
PC024;Texto Search Descripción 54
PC025;Texto Search Descripción 54
PC028;Texto Search Descripción 54
PC029;Texto Search Descripción 54
PC030;Texto Search Descripción 54
PC031;Texto Search Descripción 54
PC032;Texto Search Descripción 54
PC033;Texto Search Descripción 54
PC033M;Texto Search Descripción 54
PC034;Texto Search Descripción 54
PC035;Texto Search Descripción 54
PC035M;Texto Search Descripción 54
PC9151;Texto Search Descripción 54
PEN;Texto Search Descripción 1
PM001;Texto Search Descripción 3278
PM002;Texto Search Descripción 3279
PM003;Texto Search Descripción 3280
PM004;Texto Search Descripción 3281
PM005;Texto Search Descripción 3282
PM006;Texto Search Descripción 3283
PM050;Texto Search Descripción 3284
PM051;Texto Search Descripción 3285
PM053;Texto Search Descripción 3286
PM054;Texto Search Descripción 3287
PM055;Texto Search Descripción 3288
PM100;Texto Search Descripción 3289
PM101;Texto Search Descripción 3290
PM102;Texto Search Descripción 3291
PM103;Texto Search Descripción 3292
PM104;Texto Search Descripción 3293
PM105;Texto Search Descripción 3294
PM106;Texto Search Descripción 3295
PM107;Texto Search Descripción 3296
PM108;Texto Search Descripción 3297
PM109;Texto Search Descripción 3298
PM110;Texto Search Descripción 3299
PM111;Texto Search Descripción 3300
PM112;Texto Search Descripción 3301
PM113;Texto Search Descripción 3302
PM114;Texto Search Descripción 3303
PM115;Texto Search Descripción 3304
PM116;Texto Search Descripción 3305
PM117;Texto Search Descripción 3306
PM118;Texto Search Descripción 3307
PM119;Texto Search Descripción 3308
PM120;Texto Search Descripción 3309
PM121;Texto Search Descripción 3310
PM122;Texto Search Descripción 3311
PM150;Texto Search Descripción 3312
PM151;Texto Search Descripción 3313
PM200;Texto Search Descripción 3314
PM201;Texto Search Descripción 3315
PM202;Texto Search Descripción 3316
PM203;Texto Search Descripción 3317
PM250;Texto Search Descripción 3318
PM251;Texto Search Descripción 3319
PM300;Texto Search Descripción 3320
PM300W;Texto Search Descripción 80
PM301;Texto Search Descripción 3321
PM301W;Texto Search Descripción 80
PM302;Texto Search Descripción 80
PM302W;Texto Search Descripción 80
PM303;Texto Search Descripción 80
PM304;Texto Search Descripción 80
PM305;Texto Search Descripción 80
PM306;Texto Search Descripción 80
PM307;Texto Search Descripción 80
PM350;Texto Search Descripción 80
PM400;Texto Search Descripción 80
PM950;Texto Search Descripción 3322
PP000;Texto Search Descripción 3323
PP001;Texto Search Descripción 3324
PP002;Texto Search Descripción 3325
PP003;Texto Search Descripción 3326
PP004;Texto Search Descripción 3327
PP005;Texto Search Descripción 3328
PP006;Texto Search Descripción 3329
PP007;Texto Search Descripción 1532
PP008;Texto Search Descripción 1532
PP009;Texto Search Descripción 3330
PP010;Texto Search Descripción 3331
PP011;Texto Search Descripción 3332
PP012;Texto Search Descripción 3333
PP013;Texto Search Descripción 3334
PP014;Texto Search Descripción 3335
PP050M;Texto Search Descripción 3336
PP051;Texto Search Descripción 1515
PP100;Texto Search Descripción 3337
PP101;Texto Search Descripción 3338
PP102;Texto Search Descripción 3339
PP103;Texto Search Descripción 3340
PP104;Texto Search Descripción 3341
PP105;Texto Search Descripción 3342
PP106;Texto Search Descripción 3343
PP150;Texto Search Descripción 3344
PP151;Texto Search Descripción 3345
PP152;Texto Search Descripción 3346
PP153;Texto Search Descripción 3347
PP154;Texto Search Descripción 3348
PP155;Texto Search Descripción 3349
PP156;Texto Search Descripción 3350
PP157;Texto Search Descripción 3351
PP200;Texto Search Descripción 3352
PP201;Texto Search Descripción 3353
PP250;Texto Search Descripción 243
PP270;Texto Search Descripción 2610
PP271;Texto Search Descripción 243
PP272;Texto Search Descripción 3354
PP273M;Texto Search Descripción 3355
PP274M;Texto Search Descripción 3356
PP275;Texto Search Descripción 875
PP276;Texto Search Descripción 875
PP277;Texto Search Descripción 3357
PP279;Texto Search Descripción 243
PP280;Texto Search Descripción 3358
PP281;Texto Search Descripción 875
PP282;Texto Search Descripción 875
PP283;Texto Search Descripción 3359
PP284;Texto Search Descripción 3360
PP285;Texto Search Descripción 3361
PP286;Texto Search Descripción 3362
PP287;Texto Search Descripción 243
PP300;Texto Search Descripción 2559
PP350;Texto Search Descripción 1515
PP400;Texto Search Descripción 3363
PP401;Texto Search Descripción 3364
PP402;Texto Search Descripción 3365
PP403;Texto Search Descripción 3366
PP404;Texto Search Descripción 42
PP405;Texto Search Descripción 1533
PP405M;Texto Search Descripción 1533
PP406;Texto Search Descripción 3367
PP407;Texto Search Descripción 3368
PP450;Texto Search Descripción 3369
PP500;Texto Search Descripción 3370
PP501;Texto Search Descripción 3371
PP502;Texto Search Descripción 3372
PP503;Texto Search Descripción 3373
PP504;Texto Search Descripción 6
PP550;Texto Search Descripción 3374
PP551;Texto Search Descripción 3375
PP552;Texto Search Descripción 6
PP553;Texto Search Descripción 3376
PP554;Texto Search Descripción 3377
PP555;Texto Search Descripción 3378
PP556;Texto Search Descripción 3379
PP557;Texto Search Descripción 243
PP558;Texto Search Descripción 2575
PP559;Texto Search Descripción 243
PP560;Texto Search Descripción 243
PP561;Texto Search Descripción 2611
PP562;Texto Search Descripción 243
PP563;Texto Search Descripción 6
PP564;Texto Search Descripción 20
PP565;Texto Search Descripción 10
PP566;Texto Search Descripción 10
PP567;Texto Search Descripción 10
PP568;Texto Search Descripción 10
PP569;Texto Search Descripción 10
PP570;Texto Search Descripción 10
SE025102;Texto Search Descripción 35
SE025116;Texto Search Descripción 35
SE025119;Texto Search Descripción 35
SE025120;Texto Search Descripción 35
SE025122L;Texto Search Descripción 35
SE025122R;Texto Search Descripción 35
SE025126;Texto Search Descripción 35
SE02519;Texto Search Descripción 35
SE025221;Texto Search Descripción 35
SE025222;Texto Search Descripción 35
SE02523;Texto Search Descripción 35
SE025233;Texto Search Descripción 35
SE025234L;Texto Search Descripción 35
SE025234R;Texto Search Descripción 35
SE025241;Texto Search Descripción 35
SE025251;Texto Search Descripción 35
SE025256L;Texto Search Descripción 35
SE025256R;Texto Search Descripción 35
SE025257;Texto Search Descripción 35
SE025258;Texto Search Descripción 35
SE02526;Texto Search Descripción 35
SE025267;Texto Search Descripción 35
SE025281;Texto Search Descripción 35
SE025295;Texto Search Descripción 35
SE025319;Texto Search Descripción 35
SE025340;Texto Search Descripción 35
SE025363L;Texto Search Descripción 35
SE025363R;Texto Search Descripción 35
SE025417;Texto Search Descripción 35
SE025418;Texto Search Descripción 35
SE025422L;Texto Search Descripción 35
SE025422R;Texto Search Descripción 35
SE025441L;Texto Search Descripción 35
SE025441R;Texto Search Descripción 35
SE02545L;Texto Search Descripción 35
SE02545R;Texto Search Descripción 35
SE025472;Texto Search Descripción 35
SE025520L;Texto Search Descripción 35
SE025520R;Texto Search Descripción 35
SE025529;Texto Search Descripción 35
SE025530;Texto Search Descripción 35
SE025536;Texto Search Descripción 35
SE025541;Texto Search Descripción 35
SE025543;Texto Search Descripción 35
SE025545;Texto Search Descripción 35
SE02554L;Texto Search Descripción 35
SE02554R;Texto Search Descripción 35
SE025557;Texto Search Descripción 35
SE025558;Texto Search Descripción 35
SE025577;Texto Search Descripción 35
SE025583L;Texto Search Descripción 35
SE025583R;Texto Search Descripción 35
SE025584;Texto Search Descripción 35
SE025594;Texto Search Descripción 35
SE025602;Texto Search Descripción 35
SE025605;Texto Search Descripción 35
SE025620;Texto Search Descripción 35
SE025627L;Texto Search Descripción 35
SE025627R;Texto Search Descripción 35
SE025629;Texto Search Descripción 35
SE025633;Texto Search Descripción 35
SE025641L;Texto Search Descripción 35
SE025641R;Texto Search Descripción 35
SE025642;Texto Search Descripción 35
SE025659;Texto Search Descripción 35
SE025667;Texto Search Descripción 35
SE025681;Texto Search Descripción 35
SE025682;Texto Search Descripción 35
SE025684;Texto Search Descripción 35
SE025691L;Texto Search Descripción 35
SE025691R;Texto Search Descripción 35
SE025704;Texto Search Descripción 35
SE025719;Texto Search Descripción 35
SE025729;Texto Search Descripción 35
SE025738;Texto Search Descripción 35
SE025740;Texto Search Descripción 35
SE025748;Texto Search Descripción 35
SE025762;Texto Search Descripción 35
SE025777L;Texto Search Descripción 35
SE025777R;Texto Search Descripción 35
SE025778;Texto Search Descripción 35
SE02578;Texto Search Descripción 35
SE025780;Texto Search Descripción 35
SE025786;Texto Search Descripción 35
SE025787A;Texto Search Descripción 35
SE025787B;Texto Search Descripción 35
SE025797;Texto Search Descripción 35
SE025804;Texto Search Descripción 35
SE025805;Texto Search Descripción 35
SE025816;Texto Search Descripción 35
SE02593;Texto Search Descripción 35
SE02594;Texto Search Descripción 35
SE1001;Texto Search Descripción 64
SE1002;Texto Search Descripción 64
SE1003;Texto Search Descripción 64
SE1004;Texto Search Descripción 64
SE1005;Texto Search Descripción 64
SE1005M;Texto Search Descripción 52
SE1006;Texto Search Descripción 64
SE1007;Texto Search Descripción 64
SE1008;Texto Search Descripción 64
SE1009;Texto Search Descripción 64
SE1010;Texto Search Descripción 64
SE1010M;Texto Search Descripción 52
SE1011;Texto Search Descripción 64
SE1011M;Texto Search Descripción 64
SE1012;Texto Search Descripción 64
SE1013;Texto Search Descripción 64
SE1014;Texto Search Descripción 64
SE1016;Texto Search Descripción 52
SE1017;Texto Search Descripción 52
SE1018;Texto Search Descripción 52
SE1019;Texto Search Descripción 52
SE1020;Texto Search Descripción 52
SE1021;Texto Search Descripción 52
SE1022;Texto Search Descripción 52
SE1023;Texto Search Descripción 52
SE1024;Texto Search Descripción 52
SE1025;Texto Search Descripción 52
SE1026;Texto Search Descripción 52
SE1027;Texto Search Descripción 52
SE1027M;Texto Search Descripción 52
SE1028;Texto Search Descripción 52
SE1029;Texto Search Descripción 3380
SE1030;Texto Search Descripción 52
SE1031;Texto Search Descripción 52
SE1032;Texto Search Descripción 52
SE1032M;Texto Search Descripción 52
SE1033;Texto Search Descripción 52
SE1500;Texto Search Descripción 3381
SE1501;Texto Search Descripción 52
SE1502;Texto Search Descripción 52
SE1503;Texto Search Descripción 52
SE2001;Texto Search Descripción 3382
SE2002;Texto Search Descripción 3383
SE2003;Texto Search Descripción 3384
SE2004;Texto Search Descripción 3385
SE2005;Texto Search Descripción 3386
SE2006;Texto Search Descripción 3387
SE2007;Texto Search Descripción 3388
SE2008;Texto Search Descripción 3389
SE2009;Texto Search Descripción 3390
SE2010;Texto Search Descripción 3391
SE2011;Texto Search Descripción 3392
SE2012;Texto Search Descripción 3393
SE2013;Texto Search Descripción 3394
SE2014;Texto Search Descripción 3395
SE2015;Texto Search Descripción 3396
SE2016;Texto Search Descripción 3397
SE2017;Texto Search Descripción 3398
SE2018;Texto Search Descripción 40
SE2019;Texto Search Descripción 40
SE2020;Texto Search Descripción 40
SE2021;Texto Search Descripción 40
SE2022;Texto Search Descripción 40
SE2023;Texto Search Descripción 40
SE2024;Texto Search Descripción 40
SE2025;Texto Search Descripción 40
SE2026;Texto Search Descripción 40
SE2027;Texto Search Descripción 40
SE2028;Texto Search Descripción 40
SE2029;Texto Search Descripción 40
SE2030;Texto Search Descripción 40
SE2031;Texto Search Descripción 40
SE2032;Texto Search Descripción 40
SE2033;Texto Search Descripción 40
SE2034;Texto Search Descripción 40
SE2035;Texto Search Descripción 40
SE2036;Texto Search Descripción 40
SE2037;Texto Search Descripción 40
SE2038;Texto Search Descripción 40
SE2039;Texto Search Descripción 40
SE2040;Texto Search Descripción 40
SE2041;Texto Search Descripción 40
SE2042;Texto Search Descripción 40
SE2043;Texto Search Descripción 40
SE2044;Texto Search Descripción 40
SE2045;Texto Search Descripción 40
SE2046;Texto Search Descripción 40
SE2047;Texto Search Descripción 40
SE2048;Texto Search Descripción 40
SE2049;Texto Search Descripción 40
SE2050;Texto Search Descripción 40
SE2051;Texto Search Descripción 40
SE2052;Texto Search Descripción 40
SE2053;Texto Search Descripción 40
SE2054;Texto Search Descripción 40
SE2055;Texto Search Descripción 40
SE2056;Texto Search Descripción 40
SE2057;Texto Search Descripción 40
SE2058;Texto Search Descripción 40
SE2059;Texto Search Descripción 40
SE2060;Texto Search Descripción 40
SE2061;Texto Search Descripción 40
SE2062;Texto Search Descripción 40
SE2063;Texto Search Descripción 40
SE2064;Texto Search Descripción 40
SE2065;Texto Search Descripción 40
SE2066;Texto Search Descripción 40
SE2067;Texto Search Descripción 40
SE2068;Texto Search Descripción 40
SE2069;Texto Search Descripción 40
SE2070;Texto Search Descripción 40
SE2071;Texto Search Descripción 40
SE2072;Texto Search Descripción 40
SE2073;Texto Search Descripción 40
SE2074;Texto Search Descripción 40
SE2075;Texto Search Descripción 40
SE2076;Texto Search Descripción 40
SE2077;Texto Search Descripción 40
SE2078;Texto Search Descripción 40
SE2079;Texto Search Descripción 40
SE2080;Texto Search Descripción 40
SE3001;Texto Search Descripción 3399
SE3100;Texto Search Descripción 16
SE3101;Texto Search Descripción 14
SE3102;Texto Search Descripción 16
SE3103;Texto Search Descripción 16
SE3104;Texto Search Descripción 16
SE3105;Texto Search Descripción 16
SE3106;Texto Search Descripción 16
SE3107;Texto Search Descripción 16
SE3108;Texto Search Descripción 16
SE3109;Texto Search Descripción 16
SE3110;Texto Search Descripción 16
SE31100;Texto Search Descripción 16
SE31101;Texto Search Descripción 16
SE31102;Texto Search Descripción 16
SE31103;Texto Search Descripción 16
SE31104;Texto Search Descripción 16
SE31105;Texto Search Descripción 16
SE31106;Texto Search Descripción 16
SE31107;Texto Search Descripción 16
SE31108;Texto Search Descripción 16
SE31109;Texto Search Descripción 16
SE3111;Texto Search Descripción 16
SE31110;Texto Search Descripción 16
SE31111;Texto Search Descripción 16
SE31112;Texto Search Descripción 16
SE31113;Texto Search Descripción 16
SE31114;Texto Search Descripción 16
SE31115;Texto Search Descripción 16
SE31116;Texto Search Descripción 16
SE31117;Texto Search Descripción 16
SE31118;Texto Search Descripción 16
SE31119;Texto Search Descripción 16
SE3112;Texto Search Descripción 16
SE31120;Texto Search Descripción 16
SE31121;Texto Search Descripción 16
SE31122;Texto Search Descripción 16
SE31123;Texto Search Descripción 16
SE31124;Texto Search Descripción 16
SE31125;Texto Search Descripción 16
SE31126;Texto Search Descripción 16
SE31127;Texto Search Descripción 16
SE31128;Texto Search Descripción 16
SE31129;Texto Search Descripción 16
SE3113;Texto Search Descripción 16
SE31130;Texto Search Descripción 16
SE31131;Texto Search Descripción 16
SE31132;Texto Search Descripción 16
SE31133;Texto Search Descripción 16
SE31134;Texto Search Descripción 16
SE31135;Texto Search Descripción 16
SE31136;Texto Search Descripción 16
SE31137;Texto Search Descripción 16
SE31138;Texto Search Descripción 16
SE31139;Texto Search Descripción 16
SE3114;Texto Search Descripción 16
SE31140;Texto Search Descripción 16
SE31141;Texto Search Descripción 16
SE31142;Texto Search Descripción 16
SE31143;Texto Search Descripción 16
SE31144;Texto Search Descripción 16
SE31145;Texto Search Descripción 16
SE31146;Texto Search Descripción 16
SE31147;Texto Search Descripción 16
SE31148;Texto Search Descripción 16
SE31149;Texto Search Descripción 16
SE3115;Texto Search Descripción 16
SE31150;Texto Search Descripción 16
SE31151;Texto Search Descripción 16
SE31152;Texto Search Descripción 16
SE31153;Texto Search Descripción 16
SE31154;Texto Search Descripción 16
SE31155;Texto Search Descripción 16
SE31156;Texto Search Descripción 16
SE31157;Texto Search Descripción 16
SE31158;Texto Search Descripción 16
SE31159;Texto Search Descripción 16
SE3116;Texto Search Descripción 16
SE31160;Texto Search Descripción 16
SE31161;Texto Search Descripción 16
SE31162;Texto Search Descripción 16
SE31163;Texto Search Descripción 16
SE31164;Texto Search Descripción 16
SE31165;Texto Search Descripción 16
SE31166;Texto Search Descripción 16
SE31167;Texto Search Descripción 16
SE31168;Texto Search Descripción 16
SE31169;Texto Search Descripción 16
SE3117;Texto Search Descripción 16
SE31170;Texto Search Descripción 16
SE31171;Texto Search Descripción 16
SE31172;Texto Search Descripción 16
SE31173;Texto Search Descripción 16
SE31174;Texto Search Descripción 16
SE31175;Texto Search Descripción 16
SE31176;Texto Search Descripción 16
SE31177;Texto Search Descripción 16
SE31178;Texto Search Descripción 16
SE31179;Texto Search Descripción 16
SE3118;Texto Search Descripción 16
SE31180;Texto Search Descripción 16
SE31181;Texto Search Descripción 16
SE31182;Texto Search Descripción 16
SE31183;Texto Search Descripción 16
SE31184;Texto Search Descripción 16
SE31185;Texto Search Descripción 16
SE31186;Texto Search Descripción 16
SE31187;Texto Search Descripción 16
SE31188;Texto Search Descripción 16
SE31189;Texto Search Descripción 16
SE3119;Texto Search Descripción 16
SE31190;Texto Search Descripción 16
SE31191;Texto Search Descripción 16
SE31192;Texto Search Descripción 16
SE31193;Texto Search Descripción 16
SE31194;Texto Search Descripción 16
SE31195;Texto Search Descripción 16
SE31196;Texto Search Descripción 16
SE31197;Texto Search Descripción 16
SE31198;Texto Search Descripción 16
SE31199;Texto Search Descripción 16
SE3120;Texto Search Descripción 16
SE31200;Texto Search Descripción 16
SE31201;Texto Search Descripción 16
SE31202;Texto Search Descripción 16
SE31203;Texto Search Descripción 16
SE31204;Texto Search Descripción 16
SE31205;Texto Search Descripción 16
SE31206;Texto Search Descripción 16
SE31207;Texto Search Descripción 16
SE31208;Texto Search Descripción 16
SE31209;Texto Search Descripción 16
SE3121;Texto Search Descripción 16
SE31210;Texto Search Descripción 16
SE31211;Texto Search Descripción 16
SE31212;Texto Search Descripción 16
SE31213;Texto Search Descripción 16
SE31214;Texto Search Descripción 16
SE31215;Texto Search Descripción 16
SE31216;Texto Search Descripción 16
SE31217;Texto Search Descripción 16
SE31218;Texto Search Descripción 16
SE31219;Texto Search Descripción 16
SE3122;Texto Search Descripción 16
SE31220;Texto Search Descripción 16
SE31221;Texto Search Descripción 16
SE31222;Texto Search Descripción 16
SE31223;Texto Search Descripción 16
SE31224;Texto Search Descripción 16
SE31225;Texto Search Descripción 16
SE31226;Texto Search Descripción 16
SE31227;Texto Search Descripción 16
SE31228;Texto Search Descripción 16
SE31229;Texto Search Descripción 16
SE3123;Texto Search Descripción 16
SE31230;Texto Search Descripción 16
SE31231;Texto Search Descripción 16
SE31232;Texto Search Descripción 16
SE31233;Texto Search Descripción 16
SE31234;Texto Search Descripción 16
SE31235;Texto Search Descripción 16
SE31236;Texto Search Descripción 16
SE31237;Texto Search Descripción 16
SE31238;Texto Search Descripción 16
SE31239;Texto Search Descripción 16
SE3124;Texto Search Descripción 16
SE31240;Texto Search Descripción 16
SE31241;Texto Search Descripción 16
SE31242;Texto Search Descripción 16
SE31243;Texto Search Descripción 16
SE31244;Texto Search Descripción 16
SE31245;Texto Search Descripción 16
SE31246;Texto Search Descripción 16
SE31247;Texto Search Descripción 16
SE31248;Texto Search Descripción 16
SE31249;Texto Search Descripción 16
SE3125;Texto Search Descripción 16
SE31250;Texto Search Descripción 16
SE31251;Texto Search Descripción 16
SE31252;Texto Search Descripción 16
SE31253;Texto Search Descripción 16
SE31254;Texto Search Descripción 16
SE31255;Texto Search Descripción 16
SE31256;Texto Search Descripción 16
SE31257;Texto Search Descripción 16
SE31258;Texto Search Descripción 16
SE31259;Texto Search Descripción 16
SE3126;Texto Search Descripción 16
SE31260;Texto Search Descripción 16
SE31261;Texto Search Descripción 16
SE31262;Texto Search Descripción 16
SE31263;Texto Search Descripción 16
SE31264;Texto Search Descripción 16
SE31265;Texto Search Descripción 16
SE31266;Texto Search Descripción 16
SE31267;Texto Search Descripción 16
SE31268;Texto Search Descripción 16
SE31269;Texto Search Descripción 16
SE3127;Texto Search Descripción 16
SE31270;Texto Search Descripción 16
SE31271;Texto Search Descripción 16
SE31272;Texto Search Descripción 16
SE31273;Texto Search Descripción 16
SE31274;Texto Search Descripción 16
SE31275;Texto Search Descripción 16
SE31276;Texto Search Descripción 16
SE31277;Texto Search Descripción 16
SE31278;Texto Search Descripción 16
SE31279;Texto Search Descripción 16
SE3128;Texto Search Descripción 16
SE31280;Texto Search Descripción 16
SE31281;Texto Search Descripción 16
SE31282;Texto Search Descripción 16
SE31283;Texto Search Descripción 16
SE31284;Texto Search Descripción 16
SE31285;Texto Search Descripción 16
SE31286;Texto Search Descripción 16
SE31287;Texto Search Descripción 16
SE31288;Texto Search Descripción 16
SE31289;Texto Search Descripción 16
SE3129;Texto Search Descripción 16
SE31290;Texto Search Descripción 16
SE31291;Texto Search Descripción 16
SE31292;Texto Search Descripción 16
SE31293;Texto Search Descripción 16
SE31294;Texto Search Descripción 16
SE31295;Texto Search Descripción 16
SE31296;Texto Search Descripción 16
SE31297;Texto Search Descripción 16
SE31298;Texto Search Descripción 16
SE31299;Texto Search Descripción 16
SE3130;Texto Search Descripción 16
SE31300;Texto Search Descripción 16
SE31301;Texto Search Descripción 16
SE31302;Texto Search Descripción 16
SE31303;Texto Search Descripción 16
SE31304;Texto Search Descripción 16
SE31305;Texto Search Descripción 16
SE31306;Texto Search Descripción 16
SE31307;Texto Search Descripción 16
SE31308;Texto Search Descripción 16
SE31309;Texto Search Descripción 16
SE3131;Texto Search Descripción 16
SE31310;Texto Search Descripción 16
SE31311;Texto Search Descripción 16
SE31312;Texto Search Descripción 16
SE31313;Texto Search Descripción 16
SE31314;Texto Search Descripción 16
SE31315;Texto Search Descripción 16
SE31316;Texto Search Descripción 16
SE31317;Texto Search Descripción 16
SE31318;Texto Search Descripción 16
SE31319;Texto Search Descripción 16
SE3132;Texto Search Descripción 16
SE31320;Texto Search Descripción 16
SE31321;Texto Search Descripción 16
SE31322;Texto Search Descripción 16
SE31323;Texto Search Descripción 16
SE31324;Texto Search Descripción 16
SE31325;Texto Search Descripción 16
SE31326;Texto Search Descripción 16
SE31327;Texto Search Descripción 16
SE31328;Texto Search Descripción 16
SE31329;Texto Search Descripción 16
SE3133;Texto Search Descripción 16
SE31330;Texto Search Descripción 16
SE31331;Texto Search Descripción 16
SE31332;Texto Search Descripción 16
SE31333;Texto Search Descripción 16
SE31334;Texto Search Descripción 16
SE31335;Texto Search Descripción 16
SE31336;Texto Search Descripción 16
SE31337;Texto Search Descripción 16
SE31338;Texto Search Descripción 16
SE31339;Texto Search Descripción 16
SE3134;Texto Search Descripción 16
SE31340;Texto Search Descripción 16
SE31341;Texto Search Descripción 16
SE31342;Texto Search Descripción 16
SE31343;Texto Search Descripción 16
SE31344;Texto Search Descripción 16
SE31345;Texto Search Descripción 16
SE31346;Texto Search Descripción 16
SE31347;Texto Search Descripción 16
SE31348;Texto Search Descripción 16
SE31349;Texto Search Descripción 16
SE3135;Texto Search Descripción 16
SE31350;Texto Search Descripción 16
SE31351;Texto Search Descripción 16
SE31352;Texto Search Descripción 16
SE31353;Texto Search Descripción 16
SE31354;Texto Search Descripción 16
SE31355;Texto Search Descripción 16
SE31356;Texto Search Descripción 16
SE31357;Texto Search Descripción 16
SE31358;Texto Search Descripción 16
SE31359;Texto Search Descripción 16
SE3136;Texto Search Descripción 16
SE31360;Texto Search Descripción 16
SE31361;Texto Search Descripción 16
SE31362;Texto Search Descripción 16
SE31363;Texto Search Descripción 16
SE31364;Texto Search Descripción 16
SE31365;Texto Search Descripción 16
SE31366;Texto Search Descripción 16
SE31367;Texto Search Descripción 16
SE31368;Texto Search Descripción 16
SE31369;Texto Search Descripción 16
SE3137;Texto Search Descripción 16
SE31370;Texto Search Descripción 16
SE31371;Texto Search Descripción 16
SE31372;Texto Search Descripción 16
SE31373;Texto Search Descripción 16
SE31374;Texto Search Descripción 16
SE31375;Texto Search Descripción 16
SE31376;Texto Search Descripción 16
SE31377;Texto Search Descripción 16
SE31378;Texto Search Descripción 16
SE31379;Texto Search Descripción 16
SE3138;Texto Search Descripción 16
SE31380;Texto Search Descripción 16
SE31381;Texto Search Descripción 16
SE31382;Texto Search Descripción 16
SE31383;Texto Search Descripción 16
SE31384;Texto Search Descripción 16
SE31385;Texto Search Descripción 16
SE31386;Texto Search Descripción 16
SE31387;Texto Search Descripción 16
SE31388;Texto Search Descripción 16
SE31389;Texto Search Descripción 16
SE3139;Texto Search Descripción 16
SE31390;Texto Search Descripción 16
SE31391;Texto Search Descripción 16
SE31392;Texto Search Descripción 16
SE31393;Texto Search Descripción 16
SE31394;Texto Search Descripción 16
SE31395;Texto Search Descripción 16
SE31396;Texto Search Descripción 16
SE31397;Texto Search Descripción 16
SE31398;Texto Search Descripción 16
SE31399;Texto Search Descripción 16
SE3140;Texto Search Descripción 16
SE31400;Texto Search Descripción 16
SE31401;Texto Search Descripción 16
SE31402;Texto Search Descripción 16
SE31403;Texto Search Descripción 16
SE31404;Texto Search Descripción 16
SE31405;Texto Search Descripción 16
SE31406;Texto Search Descripción 16
SE31407;Texto Search Descripción 16
SE31408;Texto Search Descripción 16
SE31409;Texto Search Descripción 16
SE3141;Texto Search Descripción 16
SE31410;Texto Search Descripción 16
SE31411;Texto Search Descripción 16
SE31412;Texto Search Descripción 16
SE31413;Texto Search Descripción 16
SE31414;Texto Search Descripción 16
SE31415;Texto Search Descripción 16
SE31416;Texto Search Descripción 16
SE31417;Texto Search Descripción 16
SE31418;Texto Search Descripción 16
SE31419;Texto Search Descripción 16
SE3142;Texto Search Descripción 16
SE31420;Texto Search Descripción 16
SE31421;Texto Search Descripción 16
SE31422;Texto Search Descripción 16
SE31423;Texto Search Descripción 16
SE31424;Texto Search Descripción 16
SE31425;Texto Search Descripción 16
SE31426;Texto Search Descripción 16
SE31428;Texto Search Descripción 16
SE31429;Texto Search Descripción 16
SE3143;Texto Search Descripción 16
SE31430;Texto Search Descripción 16
SE31431;Texto Search Descripción 16
SE31432;Texto Search Descripción 16
SE31433;Texto Search Descripción 16
SE31434;Texto Search Descripción 16
SE31435;Texto Search Descripción 16
SE31437;Texto Search Descripción 16
SE31438;Texto Search Descripción 16
SE31439;Texto Search Descripción 16
SE3144;Texto Search Descripción 16
SE31440;Texto Search Descripción 16
SE31441;Texto Search Descripción 16
SE31442;Texto Search Descripción 16
SE31443;Texto Search Descripción 16
SE31444;Texto Search Descripción 16
SE31445;Texto Search Descripción 16
SE31446;Texto Search Descripción 16
SE31447;Texto Search Descripción 16
SE31448;Texto Search Descripción 16
SE31449;Texto Search Descripción 16
SE3145;Texto Search Descripción 16
SE31450;Texto Search Descripción 16
SE3146;Texto Search Descripción 16
SE3147;Texto Search Descripción 16
SE3148;Texto Search Descripción 16
SE3149;Texto Search Descripción 16
SE3150;Texto Search Descripción 16
SE3151;Texto Search Descripción 16
SE3152;Texto Search Descripción 16
SE3153;Texto Search Descripción 16
SE3154;Texto Search Descripción 16
SE3155;Texto Search Descripción 16
SE3156;Texto Search Descripción 16
SE3157;Texto Search Descripción 16
SE3158;Texto Search Descripción 16
SE3159;Texto Search Descripción 16
SE3160;Texto Search Descripción 16
SE3161;Texto Search Descripción 16
SE3162;Texto Search Descripción 16
SE3163;Texto Search Descripción 16
SE3164;Texto Search Descripción 16
SE3165;Texto Search Descripción 16
SE3166;Texto Search Descripción 16
SE3167;Texto Search Descripción 16
SE3168;Texto Search Descripción 16
SE3169;Texto Search Descripción 16
SE3170;Texto Search Descripción 16
SE3171;Texto Search Descripción 16
SE3172;Texto Search Descripción 16
SE3173;Texto Search Descripción 16
SE3174;Texto Search Descripción 16
SE3175;Texto Search Descripción 16
SE3176;Texto Search Descripción 16
SE3177;Texto Search Descripción 16
SE3178;Texto Search Descripción 16
SE3179;Texto Search Descripción 16
SE3180;Texto Search Descripción 16
SE3181;Texto Search Descripción 16
SE3182;Texto Search Descripción 16
SE3183;Texto Search Descripción 16
SE3184;Texto Search Descripción 16
SE3185;Texto Search Descripción 16
SE3186;Texto Search Descripción 16
SE3187;Texto Search Descripción 16
SE3188;Texto Search Descripción 16
SE3189;Texto Search Descripción 16
SE3190;Texto Search Descripción 16
SE3191;Texto Search Descripción 16
SE3192;Texto Search Descripción 16
SE3193;Texto Search Descripción 16
SE3194;Texto Search Descripción 16
SE3195;Texto Search Descripción 16
SE3196;Texto Search Descripción 16
SE3197;Texto Search Descripción 16
SE3198;Texto Search Descripción 16
SE3199;Texto Search Descripción 16
SE4001;Texto Search Descripción 1534
SE4100;Texto Search Descripción 3400
SE4101;Texto Search Descripción 14
SE4102;Texto Search Descripción 14
SE4103;Texto Search Descripción 14
SE4104;Texto Search Descripción 14
SE4105;Texto Search Descripción 14
SE4106;Texto Search Descripción 14
SE4107;Texto Search Descripción 14
SE4108;Texto Search Descripción 14
SE4109;Texto Search Descripción 14
SE4110;Texto Search Descripción 14
SE41100;Texto Search Descripción 14
SE41101;Texto Search Descripción 14
SE41102;Texto Search Descripción 14
SE41103;Texto Search Descripción 14
SE41104;Texto Search Descripción 14
SE41105;Texto Search Descripción 14
SE41106;Texto Search Descripción 14
SE41107;Texto Search Descripción 14
SE41108;Texto Search Descripción 14
SE41109;Texto Search Descripción 14
SE4111;Texto Search Descripción 14
SE41110;Texto Search Descripción 14
SE41111;Texto Search Descripción 14
SE41112;Texto Search Descripción 14
SE41113;Texto Search Descripción 14
SE41114;Texto Search Descripción 14
SE41115;Texto Search Descripción 14
SE41116;Texto Search Descripción 14
SE41117;Texto Search Descripción 14
SE41118;Texto Search Descripción 14
SE41119;Texto Search Descripción 14
SE4112;Texto Search Descripción 14
SE41120;Texto Search Descripción 14
SE41121;Texto Search Descripción 14
SE41122;Texto Search Descripción 14
SE41123;Texto Search Descripción 14
SE41124;Texto Search Descripción 14
SE41125;Texto Search Descripción 14
SE41126;Texto Search Descripción 14
SE41127;Texto Search Descripción 14
SE41128;Texto Search Descripción 14
SE41129;Texto Search Descripción 14
SE4113;Texto Search Descripción 14
SE41130;Texto Search Descripción 14
SE41131;Texto Search Descripción 14
SE41133;Texto Search Descripción 14
SE41134;Texto Search Descripción 14
SE41135;Texto Search Descripción 14
SE41136;Texto Search Descripción 14
SE41137;Texto Search Descripción 14
SE41138;Texto Search Descripción 14
SE41139;Texto Search Descripción 14
SE4114;Texto Search Descripción 14
SE41140;Texto Search Descripción 14
SE41141;Texto Search Descripción 14
SE41142;Texto Search Descripción 14
SE41143;Texto Search Descripción 14
SE41144;Texto Search Descripción 14
SE41145;Texto Search Descripción 14
SE41146;Texto Search Descripción 14
SE41147;Texto Search Descripción 14
SE41148;Texto Search Descripción 14
SE41149;Texto Search Descripción 14
SE4115;Texto Search Descripción 14
SE41150;Texto Search Descripción 14
SE41151;Texto Search Descripción 14
SE41152;Texto Search Descripción 14
SE41153;Texto Search Descripción 14
SE41154;Texto Search Descripción 14
SE41155;Texto Search Descripción 14
SE41156;Texto Search Descripción 14
SE41157;Texto Search Descripción 14
SE41158;Texto Search Descripción 14
SE41159;Texto Search Descripción 14
SE4116;Texto Search Descripción 14
SE41160;Texto Search Descripción 14
SE41161;Texto Search Descripción 14
SE41162;Texto Search Descripción 14
SE41163;Texto Search Descripción 14
SE41164;Texto Search Descripción 14
SE41165;Texto Search Descripción 14
SE41166;Texto Search Descripción 14
SE41167;Texto Search Descripción 14
SE41168;Texto Search Descripción 14
SE41169;Texto Search Descripción 14
SE4117;Texto Search Descripción 14
SE41170;Texto Search Descripción 14
SE41171;Texto Search Descripción 14
SE41172;Texto Search Descripción 14
SE41173;Texto Search Descripción 14
SE41174;Texto Search Descripción 14
SE41175;Texto Search Descripción 14
SE41176;Texto Search Descripción 14
SE41177;Texto Search Descripción 14
SE41178;Texto Search Descripción 14
SE41179;Texto Search Descripción 14
SE4118;Texto Search Descripción 14
SE41180;Texto Search Descripción 14
SE41181;Texto Search Descripción 14
SE41182;Texto Search Descripción 14
SE41183;Texto Search Descripción 14
SE41184;Texto Search Descripción 14
SE41185;Texto Search Descripción 14
SE41186;Texto Search Descripción 14
SE41187;Texto Search Descripción 14
SE41188;Texto Search Descripción 14
SE41189;Texto Search Descripción 14
SE4119;Texto Search Descripción 14
SE41190;Texto Search Descripción 14
SE41191;Texto Search Descripción 14
SE41192;Texto Search Descripción 14
SE41193;Texto Search Descripción 14
SE41194;Texto Search Descripción 14
SE41195;Texto Search Descripción 14
SE41196;Texto Search Descripción 14
SE41197;Texto Search Descripción 14
SE41198;Texto Search Descripción 14
SE41199;Texto Search Descripción 14
SE4120;Texto Search Descripción 14
SE41200;Texto Search Descripción 14
SE41201;Texto Search Descripción 14
SE41202;Texto Search Descripción 14
SE41203;Texto Search Descripción 14
SE41204;Texto Search Descripción 14
SE41205;Texto Search Descripción 14
SE41206;Texto Search Descripción 14
SE41207;Texto Search Descripción 14
SE41208;Texto Search Descripción 14
SE41209;Texto Search Descripción 14
SE4121;Texto Search Descripción 14
SE41210;Texto Search Descripción 14
SE41211;Texto Search Descripción 14
SE41212;Texto Search Descripción 14
SE41213;Texto Search Descripción 14
SE41214;Texto Search Descripción 14
SE41215;Texto Search Descripción 14
SE41216;Texto Search Descripción 14
SE41217;Texto Search Descripción 14
SE41218;Texto Search Descripción 14
SE41219;Texto Search Descripción 14
SE4122;Texto Search Descripción 14
SE41220;Texto Search Descripción 14
SE41221;Texto Search Descripción 14
SE41222;Texto Search Descripción 14
SE41223;Texto Search Descripción 14
SE41224;Texto Search Descripción 14
SE41225;Texto Search Descripción 14
SE41226;Texto Search Descripción 14
SE41227;Texto Search Descripción 14
SE41228;Texto Search Descripción 14
SE41229;Texto Search Descripción 14
SE4123;Texto Search Descripción 14
SE41230;Texto Search Descripción 14
SE41231;Texto Search Descripción 14
SE41232;Texto Search Descripción 14
SE41233;Texto Search Descripción 14
SE41234;Texto Search Descripción 14
SE41235;Texto Search Descripción 14
SE41236;Texto Search Descripción 14
SE41237;Texto Search Descripción 14
SE41238;Texto Search Descripción 14
SE41239;Texto Search Descripción 14
SE4124;Texto Search Descripción 14
SE41240;Texto Search Descripción 14
SE41241;Texto Search Descripción 14
SE41242;Texto Search Descripción 14
SE41243;Texto Search Descripción 14
SE41244;Texto Search Descripción 14
SE41245;Texto Search Descripción 14
SE41247;Texto Search Descripción 14
SE41248;Texto Search Descripción 14
SE41249;Texto Search Descripción 14
SE4125;Texto Search Descripción 14
SE41250;Texto Search Descripción 14
SE41251;Texto Search Descripción 14
SE41252;Texto Search Descripción 14
SE41253;Texto Search Descripción 14
SE41254;Texto Search Descripción 14
SE41255;Texto Search Descripción 14
SE41256;Texto Search Descripción 14
SE41257;Texto Search Descripción 14
SE41258;Texto Search Descripción 14
SE41259;Texto Search Descripción 14
SE4126;Texto Search Descripción 14
SE41260;Texto Search Descripción 14
SE41261;Texto Search Descripción 14
SE41262;Texto Search Descripción 14
SE41263;Texto Search Descripción 14
SE41264;Texto Search Descripción 14
SE41265;Texto Search Descripción 14
SE41266;Texto Search Descripción 14
SE41267;Texto Search Descripción 14
SE41268;Texto Search Descripción 14
SE41269;Texto Search Descripción 14
SE4127;Texto Search Descripción 14
SE41270;Texto Search Descripción 14
SE41271;Texto Search Descripción 14
SE41272;Texto Search Descripción 14
SE41273;Texto Search Descripción 14
SE41274;Texto Search Descripción 14
SE41275;Texto Search Descripción 14
SE41276;Texto Search Descripción 14
SE41277;Texto Search Descripción 14
SE41278;Texto Search Descripción 14
SE41279;Texto Search Descripción 14
SE4128;Texto Search Descripción 14
SE41280;Texto Search Descripción 14
SE41281;Texto Search Descripción 14
SE41282;Texto Search Descripción 14
SE41283;Texto Search Descripción 14
SE41284;Texto Search Descripción 14
SE41285;Texto Search Descripción 14
SE41286;Texto Search Descripción 14
SE41287;Texto Search Descripción 14
SE41288;Texto Search Descripción 14
SE41289;Texto Search Descripción 14
SE4129;Texto Search Descripción 14
SE41290;Texto Search Descripción 14
SE41291;Texto Search Descripción 14
SE41292;Texto Search Descripción 14
SE41293;Texto Search Descripción 14
SE41294;Texto Search Descripción 14
SE41295;Texto Search Descripción 14
SE41296;Texto Search Descripción 14
SE41297;Texto Search Descripción 14
SE41298;Texto Search Descripción 14
SE41299;Texto Search Descripción 14
SE4130;Texto Search Descripción 14
SE41300;Texto Search Descripción 14
SE41301;Texto Search Descripción 14
SE41302;Texto Search Descripción 14
SE41303;Texto Search Descripción 14
SE41304;Texto Search Descripción 14
SE41305;Texto Search Descripción 14
SE41306;Texto Search Descripción 14
SE41307;Texto Search Descripción 14
SE41308;Texto Search Descripción 14
SE41309;Texto Search Descripción 14
SE4131;Texto Search Descripción 14
SE41310;Texto Search Descripción 14
SE41311;Texto Search Descripción 14
SE41312;Texto Search Descripción 14
SE41313;Texto Search Descripción 14
SE41314;Texto Search Descripción 14
SE41315;Texto Search Descripción 14
SE41316;Texto Search Descripción 14
SE41317;Texto Search Descripción 14
SE41318;Texto Search Descripción 14
SE41319;Texto Search Descripción 14
SE4132;Texto Search Descripción 14
SE41320;Texto Search Descripción 14
SE41321;Texto Search Descripción 14
SE41322;Texto Search Descripción 14
SE41323;Texto Search Descripción 14
SE41324;Texto Search Descripción 14
SE41325;Texto Search Descripción 14
SE41326;Texto Search Descripción 14
SE41327;Texto Search Descripción 14
SE41328;Texto Search Descripción 14
SE41329;Texto Search Descripción 14
SE4133;Texto Search Descripción 14
SE41330;Texto Search Descripción 14
SE41331;Texto Search Descripción 14
SE41332;Texto Search Descripción 14
SE41333;Texto Search Descripción 14
SE41334;Texto Search Descripción 14
SE41335;Texto Search Descripción 14
SE41336;Texto Search Descripción 14
SE41337;Texto Search Descripción 14
SE41338;Texto Search Descripción 14
SE41339;Texto Search Descripción 14
SE4134;Texto Search Descripción 14
SE41340;Texto Search Descripción 14
SE41341;Texto Search Descripción 14
SE41342;Texto Search Descripción 14
SE41343;Texto Search Descripción 14
SE41344;Texto Search Descripción 14
SE41345;Texto Search Descripción 14
SE41346;Texto Search Descripción 14
SE41347;Texto Search Descripción 14
SE41348;Texto Search Descripción 14
SE41349;Texto Search Descripción 14
SE4135;Texto Search Descripción 14
SE41350;Texto Search Descripción 14
SE41351;Texto Search Descripción 14
SE41352;Texto Search Descripción 14
SE41353;Texto Search Descripción 14
SE41354;Texto Search Descripción 14
SE41355;Texto Search Descripción 14
SE41356;Texto Search Descripción 14
SE41357;Texto Search Descripción 14
SE41358;Texto Search Descripción 14
SE41359;Texto Search Descripción 14
SE4136;Texto Search Descripción 14
SE41360;Texto Search Descripción 14
SE41361;Texto Search Descripción 14
SE41362;Texto Search Descripción 14
SE41363;Texto Search Descripción 14
SE41364;Texto Search Descripción 14
SE41365;Texto Search Descripción 14
SE41366;Texto Search Descripción 14
SE41367;Texto Search Descripción 14
SE41368;Texto Search Descripción 14
SE41369;Texto Search Descripción 14
SE4137;Texto Search Descripción 14
SE41370;Texto Search Descripción 14
SE41371;Texto Search Descripción 14
SE41372;Texto Search Descripción 14
SE41373;Texto Search Descripción 14
SE41374;Texto Search Descripción 14
SE41375;Texto Search Descripción 14
SE41376;Texto Search Descripción 14
SE41377;Texto Search Descripción 14
SE41378;Texto Search Descripción 14
SE41379;Texto Search Descripción 14
SE4138;Texto Search Descripción 14
SE41380;Texto Search Descripción 14
SE41381;Texto Search Descripción 14
SE41382;Texto Search Descripción 14
SE41383;Texto Search Descripción 14
SE41384;Texto Search Descripción 14
SE41385;Texto Search Descripción 14
SE41386;Texto Search Descripción 14
SE41387;Texto Search Descripción 14
SE41388;Texto Search Descripción 14
SE41389;Texto Search Descripción 14
SE4139;Texto Search Descripción 14
SE41390;Texto Search Descripción 14
SE41391;Texto Search Descripción 14
SE41392;Texto Search Descripción 14
SE41393;Texto Search Descripción 14
SE41394;Texto Search Descripción 14
SE41395;Texto Search Descripción 14
SE41396;Texto Search Descripción 14
SE41397;Texto Search Descripción 14
SE41398;Texto Search Descripción 14
SE41399;Texto Search Descripción 14
SE4140;Texto Search Descripción 14
SE41400;Texto Search Descripción 14
SE41401;Texto Search Descripción 14
SE41402;Texto Search Descripción 14
SE41403;Texto Search Descripción 14
SE41404;Texto Search Descripción 14
SE41405;Texto Search Descripción 14
SE41406;Texto Search Descripción 14
SE41407;Texto Search Descripción 14
SE41408;Texto Search Descripción 14
SE41409;Texto Search Descripción 14
SE4141;Texto Search Descripción 14
SE41410;Texto Search Descripción 14
SE41411;Texto Search Descripción 14
SE41412;Texto Search Descripción 14
SE41413;Texto Search Descripción 14
SE41414;Texto Search Descripción 14
SE41415;Texto Search Descripción 14
SE41416;Texto Search Descripción 14
SE41417;Texto Search Descripción 14
SE41418;Texto Search Descripción 14
SE41419;Texto Search Descripción 14
SE4142;Texto Search Descripción 14
SE41420;Texto Search Descripción 14
SE41421;Texto Search Descripción 14
SE41422;Texto Search Descripción 14
SE41423;Texto Search Descripción 14
SE41424;Texto Search Descripción 14
SE41425;Texto Search Descripción 14
SE41426;Texto Search Descripción 14
SE41427;Texto Search Descripción 14
SE41428;Texto Search Descripción 14
SE41429;Texto Search Descripción 14
SE4143;Texto Search Descripción 14
SE41430;Texto Search Descripción 14
SE41431;Texto Search Descripción 14
SE41432;Texto Search Descripción 14
SE41433;Texto Search Descripción 14
SE41434;Texto Search Descripción 14
SE41435;Texto Search Descripción 14
SE41436;Texto Search Descripción 14
SE41437;Texto Search Descripción 14
SE41438;Texto Search Descripción 14
SE41439;Texto Search Descripción 14
SE4144;Texto Search Descripción 14
SE41440;Texto Search Descripción 14
SE41441;Texto Search Descripción 14
SE41442;Texto Search Descripción 14
SE41443;Texto Search Descripción 14
SE41444;Texto Search Descripción 14
SE41445;Texto Search Descripción 14
SE41446;Texto Search Descripción 14
SE41447;Texto Search Descripción 14
SE41448;Texto Search Descripción 14
SE41449;Texto Search Descripción 14
SE4145;Texto Search Descripción 14
SE41450;Texto Search Descripción 14
SE41451;Texto Search Descripción 14
SE41452;Texto Search Descripción 14
SE41453;Texto Search Descripción 14
SE41454;Texto Search Descripción 14
SE41455;Texto Search Descripción 14
SE41456;Texto Search Descripción 14
SE41457;Texto Search Descripción 14
SE41458;Texto Search Descripción 14
SE41459;Texto Search Descripción 14
SE4146;Texto Search Descripción 14
SE41460;Texto Search Descripción 14
SE41461;Texto Search Descripción 14
SE41462;Texto Search Descripción 14
SE41463;Texto Search Descripción 14
SE41464;Texto Search Descripción 14
SE41465;Texto Search Descripción 14
SE41466;Texto Search Descripción 14
SE41467;Texto Search Descripción 14
SE41468;Texto Search Descripción 14
SE41469;Texto Search Descripción 14
SE4147;Texto Search Descripción 14
SE41470;Texto Search Descripción 14
SE41471;Texto Search Descripción 14
SE41472;Texto Search Descripción 14
SE41473;Texto Search Descripción 14
SE41474;Texto Search Descripción 14
SE41475;Texto Search Descripción 14
SE41476;Texto Search Descripción 14
SE41477;Texto Search Descripción 14
SE41478;Texto Search Descripción 14
SE41479;Texto Search Descripción 14
SE4148;Texto Search Descripción 14
SE41480;Texto Search Descripción 14
SE41481;Texto Search Descripción 14
SE41482;Texto Search Descripción 14
SE41483;Texto Search Descripción 14
SE41484;Texto Search Descripción 14
SE41485;Texto Search Descripción 14
SE41486;Texto Search Descripción 14
SE41487;Texto Search Descripción 14
SE41488;Texto Search Descripción 14
SE41489;Texto Search Descripción 14
SE4149;Texto Search Descripción 14
SE41490;Texto Search Descripción 14
SE41491;Texto Search Descripción 14
SE41492;Texto Search Descripción 14
SE41493;Texto Search Descripción 14
SE4150;Texto Search Descripción 14
SE4151;Texto Search Descripción 14
SE4152;Texto Search Descripción 14
SE4153;Texto Search Descripción 14
SE4154;Texto Search Descripción 14
SE4155;Texto Search Descripción 14
SE4156;Texto Search Descripción 14
SE4157;Texto Search Descripción 14
SE4158;Texto Search Descripción 14
SE4159;Texto Search Descripción 14
SE4160;Texto Search Descripción 14
SE4161;Texto Search Descripción 14
SE4162;Texto Search Descripción 14
SE4163;Texto Search Descripción 14
SE4164;Texto Search Descripción 14
SE4165;Texto Search Descripción 14
SE4166;Texto Search Descripción 14
SE4167;Texto Search Descripción 14
SE4168;Texto Search Descripción 14
SE4169;Texto Search Descripción 1749
SE4170;Texto Search Descripción 14
SE4171;Texto Search Descripción 14
SE4172;Texto Search Descripción 14
SE4173;Texto Search Descripción 14
SE4174;Texto Search Descripción 14
SE4175;Texto Search Descripción 14
SE4176;Texto Search Descripción 14
SE4177;Texto Search Descripción 14
SE4178;Texto Search Descripción 14
SE4179;Texto Search Descripción 14
SE4180;Texto Search Descripción 14
SE4181;Texto Search Descripción 14
SE4182;Texto Search Descripción 14
SE4183;Texto Search Descripción 14
SE4184;Texto Search Descripción 14
SE4185;Texto Search Descripción 14
SE4186;Texto Search Descripción 14
SE4187;Texto Search Descripción 14
SE4188;Texto Search Descripción 14
SE4189;Texto Search Descripción 14
SE4190;Texto Search Descripción 14
SE4191;Texto Search Descripción 14
SE4192;Texto Search Descripción 14
SE4193;Texto Search Descripción 14
SE4194;Texto Search Descripción 14
SE4195;Texto Search Descripción 14
SE4196;Texto Search Descripción 14
SE4197;Texto Search Descripción 14
SE4198;Texto Search Descripción 14
SE4199;Texto Search Descripción 14
SE5001;Texto Search Descripción 22
SE5002;Texto Search Descripción 965
SE5003;Texto Search Descripción 22
SE5004;Texto Search Descripción 22
SE5005;Texto Search Descripción 22
SE5006;Texto Search Descripción 22
SE5007;Texto Search Descripción 965
SE5008;Texto Search Descripción 965
SE5009;Texto Search Descripción 22
SE5010;Texto Search Descripción 22
SE5011;Texto Search Descripción 22
SE5012;Texto Search Descripción 22
SE5013;Texto Search Descripción 22
SE5014;Texto Search Descripción 22
SE5015;Texto Search Descripción 22
SE5016;Texto Search Descripción 22
SE5018;Texto Search Descripción 22
SE5019;Texto Search Descripción 22
SE5020;Texto Search Descripción 22
SE5021;Texto Search Descripción 22
SE5022;Texto Search Descripción 22
SE5023;Texto Search Descripción 22
SE5024;Texto Search Descripción 22
SE5025;Texto Search Descripción 22
SE5026;Texto Search Descripción 22
SE5027;Texto Search Descripción 22
SE5028;Texto Search Descripción 22
SE5029;Texto Search Descripción 22
SE5030;Texto Search Descripción 22
SE5031;Texto Search Descripción 22
SE5032;Texto Search Descripción 22
SE5033;Texto Search Descripción 22
SE5034;Texto Search Descripción 22
SE5035;Texto Search Descripción 22
SE5036;Texto Search Descripción 22
SE5037;Texto Search Descripción 22
SE5038;Texto Search Descripción 22
SE5039;Texto Search Descripción 22
SE5040;Texto Search Descripción 22
SE5041;Texto Search Descripción 22
SE5042;Texto Search Descripción 22
SE5043;Texto Search Descripción 22
SE5044;Texto Search Descripción 22
SE5045;Texto Search Descripción 22
SE5046;Texto Search Descripción 22
SE5047;Texto Search Descripción 22
SE5048;Texto Search Descripción 22
SE5049;Texto Search Descripción 22
SE5050;Texto Search Descripción 22
SE5051;Texto Search Descripción 22
SE5052;Texto Search Descripción 22
SE5053;Texto Search Descripción 22
SE5054;Texto Search Descripción 22
SE5055;Texto Search Descripción 22
SE5056;Texto Search Descripción 22
SE5057;Texto Search Descripción 22
SE5058;Texto Search Descripción 22
SE5059;Texto Search Descripción 22
SE5060;Texto Search Descripción 22
SE5061;Texto Search Descripción 22
SE5062;Texto Search Descripción 22
SE5063;Texto Search Descripción 22
SE5064;Texto Search Descripción 22
SE5065;Texto Search Descripción 22
SE5066;Texto Search Descripción 22
SE5067;Texto Search Descripción 22
SE5068;Texto Search Descripción 22
SE5069;Texto Search Descripción 22
SE5070;Texto Search Descripción 22
SE5071;Texto Search Descripción 22
SE5072;Texto Search Descripción 22
SE5073;Texto Search Descripción 22
SE5074;Texto Search Descripción 22
SE5075;Texto Search Descripción 22
SE5076;Texto Search Descripción 22
SE5077;Texto Search Descripción 22
SE5078;Texto Search Descripción 22
SE5079;Texto Search Descripción 22
SE5080;Texto Search Descripción 22
SE5081;Texto Search Descripción 22
SE5082;Texto Search Descripción 22
SE5083;Texto Search Descripción 22
SE5084;Texto Search Descripción 22
SE5085;Texto Search Descripción 22
SE5086;Texto Search Descripción 22
SE5087;Texto Search Descripción 22
SE5088;Texto Search Descripción 22
SE5089;Texto Search Descripción 22
SE5090;Texto Search Descripción 22
SE5091;Texto Search Descripción 22
SE5092;Texto Search Descripción 22
SE5093;Texto Search Descripción 22
SE5094;Texto Search Descripción 22
SE5095;Texto Search Descripción 22
SE5096;Texto Search Descripción 22
SE5097;Texto Search Descripción 22
SE5098;Texto Search Descripción 22
SE5099;Texto Search Descripción 22
SE5100;Texto Search Descripción 22
SE5101;Texto Search Descripción 22
SE5102;Texto Search Descripción 22
SE5103;Texto Search Descripción 22
SE5104;Texto Search Descripción 22
SE5105;Texto Search Descripción 22
SE5106;Texto Search Descripción 22
SE5107;Texto Search Descripción 22
SE5108;Texto Search Descripción 22
SE5109;Texto Search Descripción 22
SE5110;Texto Search Descripción 22
SE5111;Texto Search Descripción 22
SE5112;Texto Search Descripción 22
SE5113;Texto Search Descripción 22
SE5114;Texto Search Descripción 22
SE5115;Texto Search Descripción 22
SE5116;Texto Search Descripción 22
SE5117;Texto Search Descripción 22
SE5118;Texto Search Descripción 22
SE5119;Texto Search Descripción 22
SE5120;Texto Search Descripción 22
SE5121;Texto Search Descripción 22
SE5122;Texto Search Descripción 22
SE5123;Texto Search Descripción 22
SE5124;Texto Search Descripción 22
SE5125;Texto Search Descripción 22
SE5126;Texto Search Descripción 22
SE5127;Texto Search Descripción 22
SE5128;Texto Search Descripción 22
SE5129;Texto Search Descripción 13
SE5130;Texto Search Descripción 22
SE5131;Texto Search Descripción 22
SE5132;Texto Search Descripción 22
SE5133;Texto Search Descripción 22
SE5134;Texto Search Descripción 22
SE5135;Texto Search Descripción 22
SE5136;Texto Search Descripción 22
SE5137;Texto Search Descripción 22
SE5138;Texto Search Descripción 22
SE5139;Texto Search Descripción 22
SE5140;Texto Search Descripción 22
SE5141;Texto Search Descripción 22
SE5142;Texto Search Descripción 22
SE5143;Texto Search Descripción 22
SE5144;Texto Search Descripción 22
SE5145;Texto Search Descripción 22
SE5146;Texto Search Descripción 22
SE5147;Texto Search Descripción 22
SE5148;Texto Search Descripción 22
SE5149;Texto Search Descripción 22
SE5150;Texto Search Descripción 22
SE5151;Texto Search Descripción 22
SE5152;Texto Search Descripción 22
SE5153;Texto Search Descripción 22
SE5154;Texto Search Descripción 22
SE5155;Texto Search Descripción 22
SE5156;Texto Search Descripción 22
SE5157;Texto Search Descripción 22
SE5158;Texto Search Descripción 22
SE5159;Texto Search Descripción 22
SE5160;Texto Search Descripción 22
SE5161;Texto Search Descripción 22
SE5162;Texto Search Descripción 22
SE5163;Texto Search Descripción 22
SE5164;Texto Search Descripción 22
SE5165;Texto Search Descripción 22
SE5166;Texto Search Descripción 22
SE5167;Texto Search Descripción 22
SE5168;Texto Search Descripción 22
SE5169;Texto Search Descripción 22
SE5170;Texto Search Descripción 22
SE5171;Texto Search Descripción 22
SE5172;Texto Search Descripción 22
SE5173;Texto Search Descripción 22
SE5174;Texto Search Descripción 22
SE5175;Texto Search Descripción 22
SE5176;Texto Search Descripción 22
SE5177;Texto Search Descripción 22
SE5178;Texto Search Descripción 22
SE5179;Texto Search Descripción 22
SE5180;Texto Search Descripción 22
SE5181;Texto Search Descripción 22
SE5182;Texto Search Descripción 22
SE5183;Texto Search Descripción 22
SE5184;Texto Search Descripción 22
SE5185;Texto Search Descripción 22
SE5186;Texto Search Descripción 22
SE5187;Texto Search Descripción 22
SE5188;Texto Search Descripción 22
SE5189;Texto Search Descripción 22
SE5190;Texto Search Descripción 22
SE5191;Texto Search Descripción 22
SE5192;Texto Search Descripción 22
SE5193;Texto Search Descripción 22
SE5194;Texto Search Descripción 22
SE5195;Texto Search Descripción 22
SE5196;Texto Search Descripción 22
SE5197;Texto Search Descripción 22
SE5198;Texto Search Descripción 22
SE5199;Texto Search Descripción 22
SE5200;Texto Search Descripción 22
SE5201;Texto Search Descripción 22
SE5202;Texto Search Descripción 22
SE5203;Texto Search Descripción 22
SE5204;Texto Search Descripción 22
SE5205;Texto Search Descripción 22
SE5206;Texto Search Descripción 22
SE5207;Texto Search Descripción 22
SE5208;Texto Search Descripción 22
SE5209;Texto Search Descripción 22
SE5210;Texto Search Descripción 22
SE5211;Texto Search Descripción 22
SE5212;Texto Search Descripción 22
SE5213;Texto Search Descripción 22
SE5214;Texto Search Descripción 22
SE5215;Texto Search Descripción 22
SE5216;Texto Search Descripción 22
SE5217;Texto Search Descripción 22
SE5218;Texto Search Descripción 22
SE5219;Texto Search Descripción 22
SE5220;Texto Search Descripción 22
SE5221;Texto Search Descripción 22
SE5222;Texto Search Descripción 22
SE5223;Texto Search Descripción 22
SE5224;Texto Search Descripción 22
SE5225;Texto Search Descripción 22
SE5226;Texto Search Descripción 22
SE5227;Texto Search Descripción 22
SE5228;Texto Search Descripción 22
SE5229;Texto Search Descripción 22
SE5230;Texto Search Descripción 22
SE5231;Texto Search Descripción 22
SE7010K;Texto Search Descripción 1535
SE7011K;Texto Search Descripción 1535
SE8001E;Texto Search Descripción 2612
SE8116;Texto Search Descripción 2613
SE8901E;Texto Search Descripción 1536
SE8902E;Texto Search Descripción 1536
SE9001E;Texto Search Descripción 966
SE9002E;Texto Search Descripción 966
SE9003E;Texto Search Descripción 966
SE9004;Texto Search Descripción 3401
SE9005;Texto Search Descripción 3402
SE9007;Texto Search Descripción 3403
SE9008;Texto Search Descripción 1545
SE9009;Texto Search Descripción 3404
SE9010;Texto Search Descripción 3405
SE9011;Texto Search Descripción 3406
SE9013;Texto Search Descripción 1546
SE9014;Texto Search Descripción 1547
SE9015;Texto Search Descripción 1548
SE9016;Texto Search Descripción 1549
SE9017;Texto Search Descripción 1550
SE9018;Texto Search Descripción 1551
SE9019;Texto Search Descripción 3407
SE9020;Texto Search Descripción 3408
SE9021;Texto Search Descripción 3409
SE9022;Texto Search Descripción 3410
SE9023;Texto Search Descripción 3411
SE9024;Texto Search Descripción 3412
SE9025;Texto Search Descripción 3413
SE9026;Texto Search Descripción 1552
SE9027;Texto Search Descripción 3414
SE9028;Texto Search Descripción 3415
SE9029;Texto Search Descripción 3416
SE9030;Texto Search Descripción 1553
SE9031;Texto Search Descripción 1554
SE9032T;Texto Search Descripción 1555
SE9033T;Texto Search Descripción 1556
SE9034;Texto Search Descripción 1557
SE9035;Texto Search Descripción 1558
SE9036;Texto Search Descripción 1559
SE9037;Texto Search Descripción 3417
SE9038;Texto Search Descripción 3418
SE9039;Texto Search Descripción 2560
SE9040;Texto Search Descripción 584
SE9041;Texto Search Descripción 1497
SE9042;Texto Search Descripción 1498
SE9043;Texto Search Descripción 2561
SE9045;Texto Search Descripción 584
SE9046;Texto Search Descripción 2562
SE9047;Texto Search Descripción 584
SE9048;Texto Search Descripción 584
SE9049;Texto Search Descripción 2563
SE9050;Texto Search Descripción 2564
SE91000;Texto Search Descripción 584
SE91001;Texto Search Descripción 618
SE91002;Texto Search Descripción 618
SE91003;Texto Search Descripción 618
SE91004;Texto Search Descripción 584
SE9800;Texto Search Descripción 618
SE9801;Texto Search Descripción 618
SE9901E;Texto Search Descripción 2614
SE9902E;Texto Search Descripción 1500
SEP001;Texto Search Descripción 619
SEP002;Texto Search Descripción 619
SEP003;Texto Search Descripción 619
SEP004;Texto Search Descripción 619
SEP005;Texto Search Descripción 619
